project_id,project_name,evidence_type,evidence_id,source_location,value,extra,quote,source_file
PL001,佛山市亮正新材料有限公司新建项目,E1,E1-1,"{""section"": ""一、建设项目基本情况"", ""table_number"": null, ""table_name"": null, ""field_name"": ""国民经济行业类别""}",国民经济行业类别 C2223 加工纸制造C2921塑料薄膜制造,,国民经济行业类别 C2223 加工纸制造C2921塑料薄膜制造,PL001_佛山市亮正新材料有限公司新建项目_01_核查材料.docx
PL001,佛山市亮正新材料有限公司新建项目,E3,E3-1,"{""section"": ""二、建设项目工程分析"", ""table_number"": ""表2-2"", ""table_name"": ""变更前后项目基本情况一览表"", ""field_name"": ""物料名称""}",与项目有关的原有环境污染问题 | 本项目为新建项目，租赁已建成的工业厂房简单装修后进行生产，不存在与项目有关的原有环境污染问题。,,与项目有关的原有环境污染问题 | 本项目为新建项目，租赁已建成的工业厂房简单装修后进行生产，不存在与项目有关的原有环境污染问题。,PL001_佛山市亮正新材料有限公司新建项目_01_核查材料.docx
PL001,佛山市亮正新材料有限公司新建项目,E3,E3-2,"{""section"": ""四、主要环境影响和保护措施"", ""table_number"": null, ""table_name"": null, ""field_name"": ""物料名称""}",1 | 浓缩高氨天然乳胶 | 4.25t/a | 200Kg/桶 | 10kg/桶 | 22桶 | 0.22t/a,,1 | 浓缩高氨天然乳胶 | 4.25t/a | 200Kg/桶 | 10kg/桶 | 22桶 | 0.22t/a,PL001_佛山市亮正新材料有限公司新建项目_01_核查材料.docx
PL001,佛山市亮正新材料有限公司新建项目,E3,E3-3,"{""section"": ""四、主要环境影响和保护措施"", ""table_number"": null, ""table_name"": null, ""field_name"": ""物料名称""}",2 | 液体萜烯树脂 | 4.06t/a | 180Kg/桶 | 10kg/桶 | 23 | 0.23t/a,,2 | 液体萜烯树脂 | 4.06t/a | 180Kg/桶 | 10kg/桶 | 23 | 0.23t/a,PL001_佛山市亮正新材料有限公司新建项目_01_核查材料.docx
PL001,佛山市亮正新材料有限公司新建项目,E3,E3-4,"{""section"": ""四、主要环境影响和保护措施"", ""table_number"": null, ""table_name"": null, ""field_name"": ""物料名称""}",3 | 水性丙烯酸酯压敏胶 | 13.5t/a | 1000Kg/桶 | 15kg/桶 | 14 | 0.21t/a,,3 | 水性丙烯酸酯压敏胶 | 13.5t/a | 1000Kg/桶 | 15kg/桶 | 14 | 0.21t/a,PL001_佛山市亮正新材料有限公司新建项目_01_核查材料.docx
PL001,佛山市亮正新材料有限公司新建项目,E3,E3-5,"{""section"": ""四、主要环境影响和保护措施"", ""table_number"": null, ""table_name"": null, ""field_name"": ""物料名称""}",4 | 合成硅油309 | 6.75t/a | 125Kg/桶 | 8kg/桶 | 54 | 0.432t/a,,4 | 合成硅油309 | 6.75t/a | 125Kg/桶 | 8kg/桶 | 54 | 0.432t/a,PL001_佛山市亮正新材料有限公司新建项目_01_核查材料.docx
PL001,佛山市亮正新材料有限公司新建项目,E3,E3-6,"{""section"": ""四、主要环境影响和保护措施"", ""table_number"": null, ""table_name"": null, ""field_name"": ""物料名称""}",5 | 水性油墨 | 0.392 | 15kg/桶 | 1kg/桶 | 27 | 0.0270,,5 | 水性油墨 | 0.392 | 15kg/桶 | 1kg/桶 | 27 | 0.0270,PL001_佛山市亮正新材料有限公司新建项目_01_核查材料.docx
PL001,佛山市亮正新材料有限公司新建项目,E3,E3-7,"{""section"": ""四、主要环境影响和保护措施"", ""table_number"": null, ""table_name"": null, ""field_name"": ""物料名称""}",合计 | 1.1190t/a,,合计 | 1.1190t/a,PL001_佛山市亮正新材料有限公司新建项目_01_核查材料.docx
PL001,佛山市亮正新材料有限公司新建项目,E4,E4-1,"{""section"": ""二、建设项目工程分析"", ""table_number"": null, ""table_name"": null, ""field_name"": ""工艺流程简述/生产工艺流程""}",搅拌、上胶、涂布、复合、印刷、熟化、包装,,工艺流程简述：项目将水性丙烯酸酯压敏胶和和合成硅油309按2:1的比例使用胶水搅拌机混合均匀，转移至涂布机的上胶槽体中，将牛皮纸嵌入涂布机辊轴，在辊轴的带动下牛皮纸的一面进行上胶，然后经辊轴流水线进入涂布机配套的复合熟化线进行复合，熟化温度为100℃，完成熟化后经流水线辊轴进入水墨印刷机，印制客户定制的图标，最后使用在复卷机嵌入纸管进行收卷，收卷完成后即可使用打扎机打包，形成成品。保护膜生产流程图2-3 保护膜生产流程图保护膜工艺流程简述：项目将浓缩高氨天然乳胶和和液体萜烯树脂按1.04:1的比例使用胶水搅拌机混合均匀，转移至涂布机的上胶槽体中，将保护膜原膜（PE）嵌入涂布机辊轴，在辊轴的带…,PL001_佛山市亮正新材料有限公司新建项目_01_核查材料.docx
PL002,佛山市顺德区启卓工程塑料实业有限公司搬迁项目,E1,E1-1,"{""section"": ""一、建设项目基本情况"", ""table_number"": null, ""table_name"": null, ""field_name"": ""国民经济行业类别""}",国民经济行业类别 C2929 塑料零件及其他塑料制品制造,,国民经济行业类别 C2929 塑料零件及其他塑料制品制造,PL002_佛山市顺德区启卓工程塑料实业有限公司搬迁项目_01_核查材料.docx
PL002,佛山市顺德区启卓工程塑料实业有限公司搬迁项目,E2,E2-1,"{""section"": ""二、建设项目工程分析"", ""table_number"": null, ""table_name"": null, ""field_name"": ""产品名称/备注/产能""}",1 | 拉粒机 | 50-130KW，每台设备每小时产量约为0.18-0.0.2t/h | 台 | 3 | 4 | +1 | 拉粒,3,1 | 拉粒机 | 50-130KW，每台设备每小时产量约为0.18-0.0.2t/h | 台 | 3 | 4 | +1 | 拉粒,PL002_佛山市顺德区启卓工程塑料实业有限公司搬迁项目_01_核查材料.docx
PL002,佛山市顺德区启卓工程塑料实业有限公司搬迁项目,E2,E2-2,"{""section"": ""二、建设项目工程分析"", ""table_number"": null, ""table_name"": null, ""field_name"": ""产品名称/备注/产能""}",2 | 破碎机 | 30KW | 台 | 3 | 1 | -2 | 破碎,3,2 | 破碎机 | 30KW | 台 | 3 | 1 | -2 | 破碎,PL002_佛山市顺德区启卓工程塑料实业有限公司搬迁项目_01_核查材料.docx
PL002,佛山市顺德区启卓工程塑料实业有限公司搬迁项目,E2,E2-3,"{""section"": ""二、建设项目工程分析"", ""table_number"": null, ""table_name"": null, ""field_name"": ""产品名称/备注/产能""}",3 | 混料机 | 10KW | 台 | 0 | 10 | +10 | 混料,0,3 | 混料机 | 10KW | 台 | 0 | 10 | +10 | 混料,PL002_佛山市顺德区启卓工程塑料实业有限公司搬迁项目_01_核查材料.docx
PL002,佛山市顺德区启卓工程塑料实业有限公司搬迁项目,E2,E2-4,"{""section"": ""二、建设项目工程分析"", ""table_number"": null, ""table_name"": null, ""field_name"": ""产品名称/备注/产能""}",4 | 注塑检测机 | 5.5KW | 台 | 0 | 1 | +1 | 产品检测,0,4 | 注塑检测机 | 5.5KW | 台 | 0 | 1 | +1 | 产品检测,PL002_佛山市顺德区启卓工程塑料实业有限公司搬迁项目_01_核查材料.docx
PL002,佛山市顺德区启卓工程塑料实业有限公司搬迁项目,E2,E2-5,"{""section"": ""二、建设项目工程分析"", ""table_number"": null, ""table_name"": null, ""field_name"": ""产品名称/备注/产能""}",5 | 挤出检测机 | 11KW | 台 | 0 | 1 | +1 | 产品检测,0,5 | 挤出检测机 | 11KW | 台 | 0 | 1 | +1 | 产品检测,PL002_佛山市顺德区启卓工程塑料实业有限公司搬迁项目_01_核查材料.docx
PL002,佛山市顺德区启卓工程塑料实业有限公司搬迁项目,E2,E2-6,"{""section"": ""二、建设项目工程分析"", ""table_number"": null, ""table_name"": null, ""field_name"": ""产品名称/备注/产能""}",6 | 空压机 | 5.5KW | 台 | 0 | 2 | +2 | 提供动力,0,6 | 空压机 | 5.5KW | 台 | 0 | 2 | +2 | 提供动力,PL002_佛山市顺德区启卓工程塑料实业有限公司搬迁项目_01_核查材料.docx
PL002,佛山市顺德区启卓工程塑料实业有限公司搬迁项目,E2,E2-7,"{""section"": ""二、建设项目工程分析"", ""table_number"": null, ""table_name"": null, ""field_name"": ""产品名称/备注/产能""}",7 | 脱水机 | / | 台 | 2 | 0 | -2 | 脱水,2,7 | 脱水机 | / | 台 | 2 | 0 | -2 | 脱水,PL002_佛山市顺德区启卓工程塑料实业有限公司搬迁项目_01_核查材料.docx
PL002,佛山市顺德区启卓工程塑料实业有限公司搬迁项目,E2,E2-8,"{""section"": ""二、建设项目工程分析"", ""table_number"": null, ""table_name"": null, ""field_name"": ""产品名称/备注/产能""}",8 | 洗水池 | 2m3 | 个 | 1 | 0 | -1 | 清洗,1,8 | 洗水池 | 2m3 | 个 | 1 | 0 | -1 | 清洗,PL002_佛山市顺德区启卓工程塑料实业有限公司搬迁项目_01_核查材料.docx
PL002,佛山市顺德区启卓工程塑料实业有限公司搬迁项目,E2,E2-9,"{""section"": ""二、建设项目工程分析"", ""table_number"": null, ""table_name"": null, ""field_name"": ""产品名称/备注/产能""}",9 | 冷却塔 | 1m3/h | 台 | 3 | 4 | +1 | 冷却,3,9 | 冷却塔 | 1m3/h | 台 | 3 | 4 | +1 | 冷却,PL002_佛山市顺德区启卓工程塑料实业有限公司搬迁项目_01_核查材料.docx
PL002,佛山市顺德区启卓工程塑料实业有限公司搬迁项目,E4,E4-1,"{""section"": ""二、建设项目工程分析"", ""table_number"": null, ""table_name"": null, ""field_name"": ""工艺流程简述/生产工艺流程""}",配料、混料、注塑、挤出、冷却、破碎、包装,,工艺流程简述：PP、PC、PA、PPT、PET新粒料、玻璃纤维、色母（粒料）经人工配料后按比例加入混料机进行混料，混好料后加入拉料机进行拉粒加工，原料塑料粒在双螺杆机挤出机组内于约200℃的温度下挤出成型，胶条过拉粒机配套冷水槽冷却成条，使用冷却塔进行辅助冷却，双螺杆机挤出机组配套切粒机将胶条切成粒。拉料后，项目需要采用极少量（0.1%）的成品利用注塑检测设备或挤出检测机进行注塑或挤出生产成型塑料件，塑料件用于检测产品性能。经检测合格后包装即为成品。其中，检测过程中产生的废试样品经过破碎机破碎后，再与新料进行混料回用于生产。备注：项目使用的原料PP、PC、PA、PPT、PET均为新粒料，不使…,PL002_佛山市顺德区启卓工程塑料实业有限公司搬迁项目_01_核查材料.docx
PL003,佛山市顺德区康明新材料厂新建项目,E1,E1-1,"{""section"": ""一、建设项目基本情况"", ""table_number"": null, ""table_name"": null, ""field_name"": ""国民经济行业类别""}",国民经济行业类别 C2921塑料薄膜制造,,国民经济行业类别 C2921塑料薄膜制造,PL003_佛山市顺德区康明新材料厂新建项目_01_核查材料.docx
PL003,佛山市顺德区康明新材料厂新建项目,E2,E2-1,"{""section"": ""四、主要环境影响和保护措施"", ""table_number"": null, ""table_name"": null, ""field_name"": ""产品名称/备注/产能""}",2921 | / | 塑料薄膜 | 树脂、助剂 | 配料－混合－挤出 | 所有规模 | 废气 | 挥发性有机物（以非甲烷总烃计） | 千克/吨－产品 | 2.5,所有规模,2921 | / | 塑料薄膜 | 树脂、助剂 | 配料－混合－挤出 | 所有规模 | 废气 | 挥发性有机物（以非甲烷总烃计） | 千克/吨－产品 | 2.5,PL003_佛山市顺德区康明新材料厂新建项目_01_核查材料.docx
PL003,佛山市顺德区康明新材料厂新建项目,E3,E3-1,"{""section"": ""四、主要环境影响和保护措施"", ""table_number"": null, ""table_name"": null, ""field_name"": ""物料名称""}",PE塑料粒 | 235.872t/a | 25kg/袋 | 9435个 | 0.05kg/个 | ≈0.472t/a,,PE塑料粒 | 235.872t/a | 25kg/袋 | 9435个 | 0.05kg/个 | ≈0.472t/a,PL003_佛山市顺德区康明新材料厂新建项目_01_核查材料.docx
PL003,佛山市顺德区康明新材料厂新建项目,E4,E4-1,"{""section"": ""二、建设项目工程分析"", ""table_number"": null, ""table_name"": null, ""field_name"": ""工艺流程简述/生产工艺流程""}",混料、投料、吹膜、涂布、冷却、包装,,生产工艺流程和产污环节详见图2-3所示。原辅材料工艺流程机械设备水污染物涂布涂布机吹膜投料PE塑胶粒噪声、非甲烷总烃、臭气浓度、冷却废水吹膜机、冷却塔废包装袋人工噪声、非甲烷总烃、总VOCs、废包装桶、废抹布混料吹膜机噪声防护胶涂布胶烘干噪声、非甲烷总烃、总VOCs涂布机分切噪声、边角料分切机复卷噪声复卷机抽检次品人工成品原辅材料工艺流程机械设备水污染物涂布涂布机吹膜投料PE塑胶粒噪声、非甲烷总烃、臭气浓度、冷却废水吹膜机、冷却塔废包装袋人工噪声、非甲烷总烃、总VOCs、废包装桶、废抹布混料吹膜机噪声防护胶涂布胶烘干噪声、非甲烷总烃、总VOCs涂布机分切噪声、边角料分切机复卷噪声复卷机抽检次…,PL003_佛山市顺德区康明新材料厂新建项目_01_核查材料.docx
PL004,恒励新材料科技(佛山)有限公司新建项目,E1,E1-1,"{""section"": ""一、建设项目基本情况"", ""table_number"": null, ""table_name"": null, ""field_name"": ""国民经济行业类别""}",国民经济行业类别 C2929 塑料零件及其他塑料制品制造,,国民经济行业类别 C2929 塑料零件及其他塑料制品制造,PL004_恒励新材料科技(佛山)有限公司新建项目_01_核查材料.docx
PL004,恒励新材料科技(佛山)有限公司新建项目,E3,E3-1,"{""section"": ""二、建设项目工程分析"", ""table_number"": ""表2-2"", ""table_name"": ""项目基本情况一览表"", ""field_name"": ""物料名称""}",与项目有关的原有环境污染问题 | 本项目为新建，租赁已建的工业厂房简单装修后进行生产，没有与项目有关的原有环境污染问题。,,与项目有关的原有环境污染问题 | 本项目为新建，租赁已建的工业厂房简单装修后进行生产，没有与项目有关的原有环境污染问题。,PL004_恒励新材料科技(佛山)有限公司新建项目_01_核查材料.docx
PL004,恒励新材料科技(佛山)有限公司新建项目,E3,E3-2,"{""section"": ""二、建设项目工程分析"", ""table_number"": null, ""table_name"": null, ""field_name"": ""物料名称""}","1 | SEBS | SEBS是以聚苯乙烯为末端段，以聚丁二烯加氢得到的乙烯-丁烯共聚物为中间弹性嵌段的线性三嵌共聚物，英文全称Styrene Ethylene Butylene Styrene ，简称SEBS。SEBS不含不饱和双键，因此具有良好的稳定性和耐老化性，又具有高弹性，无需硫化即可加工使用，边角料可重使用，广泛用于生产高档弹性体、塑料改性、胶粘剂、润滑油增粘剂、电线电缆的填充料和护套料等。SEBS具有良好的耐候性、耐热性、耐压缩变形性和优异的力学性能。其脆化温度≤-60℃，最高使用温度达到149℃，在氧气气氛下其分解温度大于270℃。在人工加速老化箱中老化一星期其性能的下降率小于10%，臭氧老化（38℃）100小时其性能下降小于10%。介电常数在一千赫为1.3*10-4,一兆赫为2.3*10-4；体积电阻是一分钟9*1016Ω/cm；二分钟为2*1017Ω/cm。良好的溶解性能、共混性能和优异的充油性，能溶于许多常用溶剂中，其溶解度参数在7.2~9.6之间，能与多种聚合物共混，能用橡胶工业常用的油类进行充油，如白油或环烷油。无需硫化即可使用的弹性体，加工性能与SBS类似，边角料可重复使用，符合环保要求，无毒，符合FDA要求。比重较轻，约为0.91，同样的重量可生产出更多体积的产品。 | 参考《广东省塑料制品与制造业、人造石制造业、电子元件制造业挥发性有机化合物排放系数使用指南》（广东省生态环境厅，2022年6月）表4-1塑料制品与制造业成型工序VOCs排放系数，收集效率和处理效率均为0%时的排放系数2.368kg/t-塑料原料 | / | 是",,1 | SEBS | SEBS是以聚苯乙烯为末端段，以聚丁二烯加氢得到的乙烯-丁烯共聚物为中间弹性嵌段的线性三嵌共聚物，英文全称Styrene Ethylene Butylene Styrene ，简称SEBS。SEBS不含不饱和双键，因此具有良好的稳定性和耐老化性，又具有高弹性，无需硫化即可加工使用，边角料可重使用，广泛用于生产高档弹性体、塑料改性、胶粘剂、润滑油增粘剂、电线电缆的填充料和护套料等。SEBS具有良好的耐候性、耐热性、耐压缩变形性和优异的力学性能。其脆化温度≤-60℃，最高使用温度达到149℃，在氧气气氛下其分解温度大于270℃。在人工加速老化箱中老化一星期其性能的下降率小于…,PL004_恒励新材料科技(佛山)有限公司新建项目_01_核查材料.docx
PL004,恒励新材料科技(佛山)有限公司新建项目,E3,E3-3,"{""section"": ""二、建设项目工程分析"", ""table_number"": null, ""table_name"": null, ""field_name"": ""物料名称""}","2 | 增粘树脂 | 增粘树脂是指能够提高橡胶材料粘性，尤其是表面粘性的小分子化合物。通常这些小分子物质的相对分子质量大约在几百到一万之间，具有较高的玻璃化温度。按其来源和合成路线，主要可以分为天然产物及其衍生物和合成树脂两大类。增粘树脂主要是用作聚合物的改性,它广泛用于胶粘剂、涂料、油墨以及作为橡胶的配合物、沥青改性剂和聚烯烃的改性剂。0～100℃，长期使用温度为60～80℃。 |  |  | ",,"2 | 增粘树脂 | 增粘树脂是指能够提高橡胶材料粘性，尤其是表面粘性的小分子化合物。通常这些小分子物质的相对分子质量大约在几百到一万之间，具有较高的玻璃化温度。按其来源和合成路线，主要可以分为天然产物及其衍生物和合成树脂两大类。增粘树脂主要是用作聚合物的改性,它广泛用于胶粘剂、涂料、油墨以及作为橡胶的配合物、沥青改性剂和聚烯烃的改性剂。0～100℃，长期使用温度为60～80℃。 | | |",PL004_恒励新材料科技(佛山)有限公司新建项目_01_核查材料.docx
PL004,恒励新材料科技(佛山)有限公司新建项目,E4,E4-1,"{""section"": ""二、建设项目工程分析"", ""table_number"": null, ""table_name"": null, ""field_name"": ""工艺流程简述/生产工艺流程""}",配料、混料、投料、挤出、冷却、包装,,工艺流程简述：项目外购SEBS、增粘树脂均为新料粒料，人工入料到储料罐通过自动系统按比例进行配料，经吸料机在空压机的动力辅助下吸入双螺杆挤出机料桶在双螺杆机挤出机组内于约200℃的温度下挤出成型，胶条水下切粒系统冷却切粒，使用冷水机进行辅助冷却。切粒后的塑料经振动机筛选出合格粒料，次品收集后返回投料混料工序回用于生产中。合格粒料即成为成品。本项目利用冷水机将冷却用水接入水下切粒系统内，对水槽中的水进行循环冷却，定期排水经沉淀池处理达到《城市污水再生利用城市杂用水水质》(GB/T18920-2020)表1城市杂用水质基本控制项目及冲厕、车辆冲洗限值后，回用于冲厕后与生活污水一起经三级化粪池处理…,PL004_恒励新材料科技(佛山)有限公司新建项目_01_核查材料.docx
PL005,佛山市润特龙清洁用品有限公司新建项目,E1,E1-1,"{""section"": ""一、建设项目基本情况"", ""table_number"": null, ""table_name"": null, ""field_name"": ""国民经济行业类别""}",国民经济行业类别 C2927日用塑料制品制造,,国民经济行业类别 C2927日用塑料制品制造,PL005_佛山市润特龙清洁用品有限公司新建项目_01_核查材料.docx
PL005,佛山市润特龙清洁用品有限公司新建项目,E2,E2-1,"{""section"": ""二、建设项目工程分析"", ""table_number"": ""表2-1"", ""table_name"": ""项目工程组成表"", ""field_name"": ""产品名称/备注/产能""}",工艺流程和产排污环节 | 1、工艺流程简述（图示）本项目主要从事扫把丝、刷丝、清洁扫把、清洁刷的生产，具体生产工艺及产污流程如下图。（1）扫把丝、刷丝图2-2 扫把丝、刷丝生产工艺流程图工艺流程说明：①混料：项目在上料前，将外购的PET、PP、改性PET、尼龙、PS、EVA、PBT塑料粒+色母按产品要求经人工投入混料机搅拌均匀。本项目使用的塑料原料均为粒状物料，投料工序过程中基本无粉尘产生，此过程会产生噪声、废包装材料。②挤出：上料后，挤出机通过电加热至200-220℃将原料熔融至液体状态后进行挤出成型，此过程会产生非甲烷总烃、恶臭、噪声、边角料。材料挤出后经过冷却槽进行直接冷却，冷却槽的水为自来水，不添加助剂，冷却水循环使用，经静置沉淀后，用作如厕冲水。③检测：人工检测是否有次品，此过程会产生次品。④收卷：检测合格的塑料丝经收卷机进行收卷，此过程会产生噪声。⑤烘干定型：经烘干箱把水分烘干，烘干箱工作温度为150-160℃，烘干时间为2-3min。此过程会产生噪声、非甲烷总烃、恶臭。⑥切丝：利用切丝机物理切割切成指定的长度，该过程会产生噪声、边角料。⑦破碎：生产过程会产生一定的边角料、次品，产生的边角料、次品经收集后，投入破碎机中破碎后回用于生产，此过程会产生噪声、粉尘。备注：项目使用的设备均使用电能。（2）清洁扫把、清洁刷生产工艺流程：图2-3 清洁扫把、清洁刷生产工艺流程图工艺流程说明：植丝：将外购的扫把头、刷头和项目生产的扫把丝、刷丝通过植丝物理组装在一起，此过程会产生噪声。人工修毛：将刷毛长短不一的部分修平整，该过程会产生边角料，边角料投入破碎机中破碎后回用于生产。人工包装：人工进行简单包装后，变得到最后的成品。2、产污情况根据以上分析可知，本项目运营期间产生的主要污染物及配套设施见下表。表2-9 产污环节及配套设施一览表污染源产污环节污染源名称主要污染物配套设施废水员工生活生活污水CODcr、BOD5、SS、NH3-N三级化粪池挤出工序冷却水SS循环使用，经静置沉淀后，用作如厕冲水。废气挤出、烘干工序挤出废气非甲烷总烃、臭气浓度集气罩+帘幕收集经“二级活性炭吸附”处理后引至15m高排气筒G1高空排放。破碎工序破碎粉尘颗粒物运行时加盖，出料口采用袋式封闭接料，加强厂区通风噪声生产过程设备运行噪声墙体隔声、基础减振、合理布局噪声源固废员工生活生活垃圾交环卫部门清运生产过程一般工业固体废物废包装材料分类交回收商回收利用危险废物废机油、废机油桶、含油废抹布和手套、废活性炭危险废物暂存间内暂存；定期交由具有相应危险废物处理资质的单位回收处理,1、工艺流程简述（图示）本项目主要从事扫把丝、刷丝、清洁扫把、清洁刷的生产，具体生产工艺及产污流程如下图。（1）扫把丝、刷丝图2-2 扫把丝、刷丝生产工艺流程图工艺流程说明：①混料：项目在上料前，将外购的PET、PP、改性PET、尼龙、PS、EVA、PBT塑料粒+色母按产品要求经人工投入混料机搅拌均匀。本项目使用的塑料原料均为粒状物料，投料工序过程中基本无粉尘产生，此过程会产生噪声、废包装材料。②挤出：上料后，挤出机通过电加热至200-220℃将原料熔融至液体状态后进行挤出成型，此过程会产生非甲烷总烃、恶臭、噪声、边角料。材料挤出后经过冷却槽进行直接冷却，冷却槽的水为自来水，不添加助剂，冷却水循环使用，经静置沉淀后，用作如厕冲水。③检测：人工检测是否有次品，此过程会产生次品。④收卷：检测合格的塑料丝经收卷机进行收卷，此过程会产生噪声。⑤烘干定型：经烘干箱把水分烘干，烘干箱工作温度为150-160℃，烘干时间为2-3min。此过程会产生噪声、非甲烷总烃、恶臭。⑥切丝：利用切丝机物理切割切成指定的长度，该过程会产生噪声、边角料。⑦破碎：生产过程会产生一定的边角料、次品，产生的边角料、次品经收集后，投入破碎机中破碎后回用于生产，此过程会产生噪声、粉尘。备注：项目使用的设备均使用电能。（2）清洁扫把、清洁刷生产工艺流程：图2-3 清洁扫把、清洁刷生产工艺流程图工艺流程说明：植丝：将外购的扫把头、刷头和项目生产的扫把丝、刷丝通过植丝物理组装在一起，此过程会产生噪声。人工修毛：将刷毛长短不一的部分修平整，该过程会产生边角料，边角料投入破碎机中破碎后回用于生产。人工包装：人工进行简单包装后，变得到最后的成品。2、产污情况根据以上分析可知，本项目运营期间产生的主要污染物及配套设施见下表。表2-9 产污环节及配套设施一览表污染源产污环节污染源名称主要污染物配套设施废水员工生活生活污水CODcr、BOD5、SS、NH3-N三级化粪池挤出工序冷却水SS循环使用，经静置沉淀后，用作如厕冲水。废气挤出、烘干工序挤出废气非甲烷总烃、臭气浓度集气罩+帘幕收集经“二级活性炭吸附”处理后引至15m高排气筒G1高空排放。破碎工序破碎粉尘颗粒物运行时加盖，出料口采用袋式封闭接料，加强厂区通风噪声生产过程设备运行噪声墙体隔声、基础减振、合理布局噪声源固废员工生活生活垃圾交环卫部门清运生产过程一般工业固体废物废包装材料分类交回收商回收利用危险废物废机油、废机油桶、含油废抹布和手套、废活性炭危险废物暂存间内暂存；定期交由具有相应危险废物处理资质的单位回收处理,工艺流程和产排污环节 | 1、工艺流程简述（图示）本项目主要从事扫把丝、刷丝、清洁扫把、清洁刷的生产，具体生产工艺及产污流程如下图。（1）扫把丝、刷丝图2-2 扫把丝、刷丝生产工艺流程图工艺流程说明：①混料：项目在上料前，将外购的PET、PP、改性PET、尼龙、PS、EVA、PBT塑料粒+色母按产品要求经人工投入混料机搅拌均匀。本项目使用的塑料原料均为粒状物料，投料工序过程中基本无粉尘产生，此过程会产生噪声、废包装材料。②挤出：上料后，挤出机通过电加热至200-220℃将原料熔融至液体状态后进行挤出成型，此过程会产生非甲烷总烃、恶臭、噪声、边角料。材料挤出后经过冷却槽进行直接冷却，冷却槽的水…,PL005_佛山市润特龙清洁用品有限公司新建项目_01_核查材料.docx
PL005,佛山市润特龙清洁用品有限公司新建项目,E2,E2-2,"{""section"": ""二、建设项目工程分析"", ""table_number"": null, ""table_name"": null, ""field_name"": ""产品名称/备注/产能""}",主体工程 | 生产车间 | 本项目车间位于一栋2层厂房的第2层其余楼层为其他项目车间。厂房总高14m（第一层高8m，第2层高6m）。项目占地面积为1800m2，建筑面积为1800m2，车间内设有挤出区、植丝区、烘干区、包装区、办公室、仓库等。 | 用于产品的加工生产,用于产品的加工生产,主体工程 | 生产车间 | 本项目车间位于一栋2层厂房的第2层其余楼层为其他项目车间。厂房总高14m（第一层高8m，第2层高6m）。项目占地面积为1800m2，建筑面积为1800m2，车间内设有挤出区、植丝区、烘干区、包装区、办公室、仓库等。 | 用于产品的加工生产,PL005_佛山市润特龙清洁用品有限公司新建项目_01_核查材料.docx
PL005,佛山市润特龙清洁用品有限公司新建项目,E2,E2-3,"{""section"": ""二、建设项目工程分析"", ""table_number"": null, ""table_name"": null, ""field_name"": ""产品名称/备注/产能""}",储运工程 | 仓库 | 1个，建筑面积200m2 | 位于生产区域内，用于贮存原料、成品,位于生产区域内，用于贮存原料、成品,储运工程 | 仓库 | 1个，建筑面积200m2 | 位于生产区域内，用于贮存原料、成品,PL005_佛山市润特龙清洁用品有限公司新建项目_01_核查材料.docx
PL005,佛山市润特龙清洁用品有限公司新建项目,E2,E2-4,"{""section"": ""二、建设项目工程分析"", ""table_number"": null, ""table_name"": null, ""field_name"": ""产品名称/备注/产能""}",公用工程 | 供水系统 | 一套，与市政供水管网 | 供水水源,供水水源,公用工程 | 供水系统 | 一套，与市政供水管网 | 供水水源,PL005_佛山市润特龙清洁用品有限公司新建项目_01_核查材料.docx
PL005,佛山市润特龙清洁用品有限公司新建项目,E2,E2-5,"{""section"": ""二、建设项目工程分析"", ""table_number"": null, ""table_name"": null, ""field_name"": ""产品名称/备注/产能""}", | 排水系统 | 项目生活污水经三级化粪池预处理达标后汇入市政污水管网排入杏坛污水处理厂处理，尾水排入顺德支流。 | /,/,| 排水系统 | 项目生活污水经三级化粪池预处理达标后汇入市政污水管网排入杏坛污水处理厂处理，尾水排入顺德支流。 | /,PL005_佛山市润特龙清洁用品有限公司新建项目_01_核查材料.docx
PL005,佛山市润特龙清洁用品有限公司新建项目,E2,E2-6,"{""section"": ""二、建设项目工程分析"", ""table_number"": null, ""table_name"": null, ""field_name"": ""产品名称/备注/产能""}", | 供电系统 | 一套，接市政供电系统 | 供应生产用电和办公生活用电,供应生产用电和办公生活用电,| 供电系统 | 一套，接市政供电系统 | 供应生产用电和办公生活用电,PL005_佛山市润特龙清洁用品有限公司新建项目_01_核查材料.docx
PL005,佛山市润特龙清洁用品有限公司新建项目,E2,E2-7,"{""section"": ""二、建设项目工程分析"", ""table_number"": null, ""table_name"": null, ""field_name"": ""产品名称/备注/产能""}",环保工程 | 生活污水处理 | 项目生活污水经三级化粪池预处理达标后汇入市政污水管网排入杏坛污水处理厂处理，尾水排入顺德支流。 | /,/,环保工程 | 生活污水处理 | 项目生活污水经三级化粪池预处理达标后汇入市政污水管网排入杏坛污水处理厂处理，尾水排入顺德支流。 | /,PL005_佛山市润特龙清洁用品有限公司新建项目_01_核查材料.docx
PL005,佛山市润特龙清洁用品有限公司新建项目,E2,E2-8,"{""section"": ""二、建设项目工程分析"", ""table_number"": null, ""table_name"": null, ""field_name"": ""产品名称/备注/产能""}", | 冷却水处理 | 冷却水循环使用，定期经静置沉淀后，用作如厕冲水。 | /,/,| 冷却水处理 | 冷却水循环使用，定期经静置沉淀后，用作如厕冲水。 | /,PL005_佛山市润特龙清洁用品有限公司新建项目_01_核查材料.docx
PL005,佛山市润特龙清洁用品有限公司新建项目,E2,E2-9,"{""section"": ""二、建设项目工程分析"", ""table_number"": null, ""table_name"": null, ""field_name"": ""产品名称/备注/产能""}", | 废气处理设施 | 项目挤出、烘干定型产生的废气经集气罩+帘幕收集后引入“二级活性炭吸附”处理达标后引至15米G1排气筒排放 | /,/,| 废气处理设施 | 项目挤出、烘干定型产生的废气经集气罩+帘幕收集后引入“二级活性炭吸附”处理达标后引至15米G1排气筒排放 | /,PL005_佛山市润特龙清洁用品有限公司新建项目_01_核查材料.docx
PL005,佛山市润特龙清洁用品有限公司新建项目,E2,E2-10,"{""section"": ""二、建设项目工程分析"", ""table_number"": null, ""table_name"": null, ""field_name"": ""产品名称/备注/产能""}", | 噪声治理 | 合理调整设备布置，设备定期维护与保养，采用墙体隔声、距离衰减等治理措施 | /,/,| 噪声治理 | 合理调整设备布置，设备定期维护与保养，采用墙体隔声、距离衰减等治理措施 | /,PL005_佛山市润特龙清洁用品有限公司新建项目_01_核查材料.docx
PL005,佛山市润特龙清洁用品有限公司新建项目,E2,E2-11,"{""section"": ""二、建设项目工程分析"", ""table_number"": null, ""table_name"": null, ""field_name"": ""产品名称/备注/产能""}", | 一般固体废物暂存房 | 1个4平方米 | /,/,| 一般固体废物暂存房 | 1个4平方米 | /,PL005_佛山市润特龙清洁用品有限公司新建项目_01_核查材料.docx
PL005,佛山市润特龙清洁用品有限公司新建项目,E2,E2-12,"{""section"": ""二、建设项目工程分析"", ""table_number"": null, ""table_name"": null, ""field_name"": ""产品名称/备注/产能""}", | 危险废物暂存房 | 1个4平方米 | /,/,| 危险废物暂存房 | 1个4平方米 | /,PL005_佛山市润特龙清洁用品有限公司新建项目_01_核查材料.docx
PL005,佛山市润特龙清洁用品有限公司新建项目,E4,E4-1,"{""section"": ""二、建设项目工程分析"", ""table_number"": null, ""table_name"": null, ""field_name"": ""工艺流程简述/生产工艺流程""}",注塑、冷却,,注塑、排放恶臭气味的生产工艺和生产设施。10、结合《顺德区高质量推动村级工业园升级改造总体规划》，推进区域村级工业园改造工作，禁止重复低水平建设。1、本项目属于 C2927日用塑料制品制造，不属于《市场准入负面清单（2022年版）》（发改体改规[2022]397 号）中禁止和许可事项。2、本项目不涉及重金属污染物和持久性有机污染物排放。3、本项目不涉及饮用水源保护区。4、本项目不涉及。5、本项目冷却水循环使用，静止沉淀后用于冲厕用水。项目生活污水经三级化粪池预处理后排入杏坛污水处理厂处理。6、本项目不属于“高污染、高环境风险”行业。7、本项目 C2927日用塑料制品制造，不涉及高挥发性有机物…,PL005_佛山市润特龙清洁用品有限公司新建项目_01_核查材料.docx
PL006,佛山市顺德区乐鲸科技有限公司年产五金拉手300万个新建项目,E1,E1-1,"{""section"": ""一、建设项目基本情况"", ""table_number"": null, ""table_name"": null, ""field_name"": ""国民经济行业类别""}",国民经济行业类别 C3389其他金属制日用品制造,,国民经济行业类别 C3389其他金属制日用品制造,PL006_佛山市顺德区乐鲸科技有限公司年产五金拉手300万个新建项目_01_修改评估意见.docx
PL006,佛山市顺德区乐鲸科技有限公司年产五金拉手300万个新建项目,E2,E2-1,"{""section"": ""二、建设项目工程分析"", ""table_number"": ""表2-3"", ""table_name"": ""本项目原辅料消耗一览表"", ""field_name"": ""产品名称/备注/产能""}",工艺流程和产排污环节 | 工艺流程简述（图示）： 图2-3 项目抽屉拉手、柜子拉手、门拉手生产工艺流程及产污环节示意图工艺流程说明： ①检查：人工检查原料是否有明显油迹，有明显油迹的要使用无尘擦拭布进行擦拭。 ②上挂：将经过检查的工件进行上挂。 ③除尘：工件喷涂前需要进入除尘房以清除表面粘附的少量灰尘，除尘房的除尘工艺为静电除尘。静电除尘原理：利用静电除尘枪高速吹出带有正负电荷离子的气流，将工件上所带的电荷中和掉，达到消除静电的目的，工件不再吸附空气中的灰尘，同时高速的压缩气流还可将物体上的灰尘吹走。 ④喷纳米油：工件经过流水线进入喷漆房进行喷涂作业，喷涂喷涂工艺为静电喷涂， 利用电晕放电原理使雾化涂料在高压直流电场作用下荷负电，并吸附于荷正电基底表面。 喷纳米油使用的喷枪需要定期进行清洗，清洗过程利用喷枪的供漆管道接入洗枪水的包装桶进行抽出并从喷口处喷出即可达到清洗的效果。喷漆房共设有喷枪8支，每4支一组（共分成两组）喷枪以满足工件不同角度进行同时喷涂，工作日每10天清洗一次全部的喷枪。 ⑤烘干：喷完纳米油的工件会通过流水线进入烘干线进行烘干，烘干线内温度约为160℃。 ⑥下挂：将工件取下生产线。 ⑦打包：人工将烘干完的工件进行打包得到成品。 二、主要产污工序 （1）废水：生活污水；水帘柜废水、喷淋塔废水。 （2）废气：喷纳米油产生的漆雾；喷纳米油、烘干、清洗喷枪工序产生的VOCs和恶臭；烘干工序产生的燃烧废气。 （3）噪声：生产设备综合噪声等。 （4）固体废物：办公生活垃圾、一般固废、危险废物。,工艺流程简述（图示）： 图2-3 项目抽屉拉手、柜子拉手、门拉手生产工艺流程及产污环节示意图工艺流程说明： ①检查：人工检查原料是否有明显油迹，有明显油迹的要使用无尘擦拭布进行擦拭。 ②上挂：将经过检查的工件进行上挂。 ③除尘：工件喷涂前需要进入除尘房以清除表面粘附的少量灰尘，除尘房的除尘工艺为静电除尘。静电除尘原理：利用静电除尘枪高速吹出带有正负电荷离子的气流，将工件上所带的电荷中和掉，达到消除静电的目的，工件不再吸附空气中的灰尘，同时高速的压缩气流还可将物体上的灰尘吹走。 ④喷纳米油：工件经过流水线进入喷漆房进行喷涂作业，喷涂喷涂工艺为静电喷涂， 利用电晕放电原理使雾化涂料在高压直流电场作用下荷负电，并吸附于荷正电基底表面。 喷纳米油使用的喷枪需要定期进行清洗，清洗过程利用喷枪的供漆管道接入洗枪水的包装桶进行抽出并从喷口处喷出即可达到清洗的效果。喷漆房共设有喷枪8支，每4支一组（共分成两组）喷枪以满足工件不同角度进行同时喷涂，工作日每10天清洗一次全部的喷枪。 ⑤烘干：喷完纳米油的工件会通过流水线进入烘干线进行烘干，烘干线内温度约为160℃。 ⑥下挂：将工件取下生产线。 ⑦打包：人工将烘干完的工件进行打包得到成品。 二、主要产污工序 （1）废水：生活污水；水帘柜废水、喷淋塔废水。 （2）废气：喷纳米油产生的漆雾；喷纳米油、烘干、清洗喷枪工序产生的VOCs和恶臭；烘干工序产生的燃烧废气。 （3）噪声：生产设备综合噪声等。 （4）固体废物：办公生活垃圾、一般固废、危险废物。,工艺流程和产排污环节 | 工艺流程简述（图示）： 图2-3 项目抽屉拉手、柜子拉手、门拉手生产工艺流程及产污环节示意图工艺流程说明： ①检查：人工检查原料是否有明显油迹，有明显油迹的要使用无尘擦拭布进行擦拭。 ②上挂：将经过检查的工件进行上挂。 ③除尘：工件喷涂前需要进入除尘房以清除表面粘附的少量灰尘，除尘房的除尘工艺为静电除尘。静电除尘原理：利用静电除尘枪高速吹出带有正负电荷离子的气流，将工件上所带的电荷中和掉，达到消除静电的目的，工件不再吸附空气中的灰尘，同时高速的压缩气流还可将物体上的灰尘吹走。 ④喷纳米油：工件经过流水线进入喷漆房进行喷涂作业，喷涂喷涂工艺为静电喷涂， 利用电晕放电原…,PL006_佛山市顺德区乐鲸科技有限公司年产五金拉手300万个新建项目_01_修改评估意见.docx
PL006,佛山市顺德区乐鲸科技有限公司年产五金拉手300万个新建项目,E2,E2-2,"{""section"": ""二、建设项目工程分析"", ""table_number"": ""表2-3"", ""table_name"": ""本项目原辅料消耗一览表"", ""field_name"": ""产品名称/备注/产能""}",与项目有关的原有环境污染问题 | 本项目属于新建项目，新厂址租用已建成的空置厂房作为生产场所，无原有污染问题。,本项目属于新建项目，新厂址租用已建成的空置厂房作为生产场所，无原有污染问题。,与项目有关的原有环境污染问题 | 本项目属于新建项目，新厂址租用已建成的空置厂房作为生产场所，无原有污染问题。,PL006_佛山市顺德区乐鲸科技有限公司年产五金拉手300万个新建项目_01_修改评估意见.docx
PL006,佛山市顺德区乐鲸科技有限公司年产五金拉手300万个新建项目,E2,E2-3,"{""section"": ""二、建设项目工程分析"", ""table_number"": null, ""table_name"": null, ""field_name"": ""产品名称/备注/产能""}",五金拉手 | 抽屉拉手 | 130 | 212mm*22mm*26mm*5mm | 锌合金 | 0.0147 |  | 项目加工的产品事先经过外委加工：压铸→表面前处理→真空镀膜，本项目只对产品进行喷涂处理,抽屉拉手,五金拉手 | 抽屉拉手 | 130 | 212mm*22mm*26mm*5mm | 锌合金 | 0.0147 | | 项目加工的产品事先经过外委加工：压铸→表面前处理→真空镀膜，本项目只对产品进行喷涂处理,PL006_佛山市顺德区乐鲸科技有限公司年产五金拉手300万个新建项目_01_修改评估意见.docx
PL006,佛山市顺德区乐鲸科技有限公司年产五金拉手300万个新建项目,E2,E2-4,"{""section"": ""二、建设项目工程分析"", ""table_number"": null, ""table_name"": null, ""field_name"": ""产品名称/备注/产能""}",总计 | 300 | / | / | / | / | /,/,总计 | 300 | / | / | / | / | /,PL006_佛山市顺德区乐鲸科技有限公司年产五金拉手300万个新建项目_01_修改评估意见.docx
PL006,佛山市顺德区乐鲸科技有限公司年产五金拉手300万个新建项目,E2,E2-5,"{""section"": ""二、建设项目工程分析"", ""table_number"": null, ""table_name"": null, ""field_name"": ""产品名称/备注/产能""}",抽屉拉手 | 4m/min | 5挂/m | 3件/挂 | 400h/a | 144万件/a | 130万件/a,144万件/a,抽屉拉手 | 4m/min | 5挂/m | 3件/挂 | 400h/a | 144万件/a | 130万件/a,PL006_佛山市顺德区乐鲸科技有限公司年产五金拉手300万个新建项目_01_修改评估意见.docx
PL006,佛山市顺德区乐鲸科技有限公司年产五金拉手300万个新建项目,E2,E2-6,"{""section"": ""二、建设项目工程分析"", ""table_number"": null, ""table_name"": null, ""field_name"": ""产品名称/备注/产能""}",柜子拉手 | 4m/min | 5挂/m | 3件/挂 | 400h/a | 144万件/a | 120万件/a,144万件/a,柜子拉手 | 4m/min | 5挂/m | 3件/挂 | 400h/a | 144万件/a | 120万件/a,PL006_佛山市顺德区乐鲸科技有限公司年产五金拉手300万个新建项目_01_修改评估意见.docx
PL006,佛山市顺德区乐鲸科技有限公司年产五金拉手300万个新建项目,E2,E2-7,"{""section"": ""二、建设项目工程分析"", ""table_number"": null, ""table_name"": null, ""field_name"": ""产品名称/备注/产能""}",门拉手 | 4m/min | 3挂/m | 1件/挂 | 900h/a | 64.8万件/a | 50万件/a,64.8万件/a,门拉手 | 4m/min | 3挂/m | 1件/挂 | 900h/a | 64.8万件/a | 50万件/a,PL006_佛山市顺德区乐鲸科技有限公司年产五金拉手300万个新建项目_01_修改评估意见.docx
PL006,佛山市顺德区乐鲸科技有限公司年产五金拉手300万个新建项目,E2,E2-8,"{""section"": ""二、建设项目工程分析"", ""table_number"": null, ""table_name"": null, ""field_name"": ""产品名称/备注/产能""}",注：①项目喷房设置一条生产流水线，满负荷作业时生产线线速度基本固定不变为4m/min。②各产品时间加工时间由企业提供。喷房年加工量=每米生产线最大挂数×每挂最大可挂工件量×工作时间×生产线线速度。,,注：①项目喷房设置一条生产流水线，满负荷作业时生产线线速度基本固定不变为4m/min。②各产品时间加工时间由企业提供。喷房年加工量=每米生产线最大挂数×每挂最大可挂工件量×工作时间×生产线线速度。,PL006_佛山市顺德区乐鲸科技有限公司年产五金拉手300万个新建项目_01_修改评估意见.docx
PL006,佛山市顺德区乐鲸科技有限公司年产五金拉手300万个新建项目,E3,E3-1,"{""section"": ""二、建设项目工程分析"", ""table_number"": null, ""table_name"": null, ""field_name"": ""物料名称""}",原辅材料 | 抽屉拉手 | 万个/年 | 130 | 固体 | / | 15,,原辅材料 | 抽屉拉手 | 万个/年 | 130 | 固体 | / | 15,PL006_佛山市顺德区乐鲸科技有限公司年产五金拉手300万个新建项目_01_修改评估意见.docx
PL006,佛山市顺德区乐鲸科技有限公司年产五金拉手300万个新建项目,E3,E3-2,"{""section"": ""二、建设项目工程分析"", ""table_number"": null, ""table_name"": null, ""field_name"": ""物料名称""}", | 柜子拉手 | 万个/年 | 120 | 固体 | / | 15,,| 柜子拉手 | 万个/年 | 120 | 固体 | / | 15,PL006_佛山市顺德区乐鲸科技有限公司年产五金拉手300万个新建项目_01_修改评估意见.docx
PL006,佛山市顺德区乐鲸科技有限公司年产五金拉手300万个新建项目,E3,E3-3,"{""section"": ""二、建设项目工程分析"", ""table_number"": null, ""table_name"": null, ""field_name"": ""物料名称""}", | 门拉手 | 万个/年 | 50 | 固体 | / | 5,,| 门拉手 | 万个/年 | 50 | 固体 | / | 5,PL006_佛山市顺德区乐鲸科技有限公司年产五金拉手300万个新建项目_01_修改评估意见.docx
PL006,佛山市顺德区乐鲸科技有限公司年产五金拉手300万个新建项目,E3,E3-4,"{""section"": ""二、建设项目工程分析"", ""table_number"": null, ""table_name"": null, ""field_name"": ""物料名称""}", | 水性纳米油 | 吨/年 | 14.91 | 液体 | 25kg/桶 | 1.4,,| 水性纳米油 | 吨/年 | 14.91 | 液体 | 25kg/桶 | 1.4,PL006_佛山市顺德区乐鲸科技有限公司年产五金拉手300万个新建项目_01_修改评估意见.docx
PL006,佛山市顺德区乐鲸科技有限公司年产五金拉手300万个新建项目,E3,E3-5,"{""section"": ""二、建设项目工程分析"", ""table_number"": null, ""table_name"": null, ""field_name"": ""物料名称""}", | 洗枪水（酒精） | 吨/年 | 0.036 | 液体 | 10kg/桶 | 0.01,,| 洗枪水（酒精） | 吨/年 | 0.036 | 液体 | 10kg/桶 | 0.01,PL006_佛山市顺德区乐鲸科技有限公司年产五金拉手300万个新建项目_01_修改评估意见.docx
PL006,佛山市顺德区乐鲸科技有限公司年产五金拉手300万个新建项目,E4,E4-1,"{""section"": ""二、建设项目工程分析"", ""table_number"": null, ""table_name"": null, ""field_name"": ""工艺流程简述/生产工艺流程""}",包装,,工艺流程简述（图示）： 图2-3 项目抽屉拉手、柜子拉手、门拉手生产工艺流程及产污环节示意图工艺流程说明： ①检查：人工检查原料是否有明显油迹，有明显油迹的要使用无尘擦拭布进行擦拭。 ②上挂：将经过检查的工件进行上挂。 ③除尘：工件喷涂前需要进入除尘房以清除表面粘附的少量灰尘，除尘房的除尘工艺为静电除尘。静电除尘原理：利用静电除尘枪高速吹出带有正负电荷离子的气流，将工件上所带的电荷中和掉，达到消除静电的目的，工件不再吸附空气中的灰尘，同时高速的压缩气流还可将物体上的灰尘吹走。 ④喷纳米油：工件经过流水线进入喷漆房进行喷涂作业，喷涂喷涂工艺为静电喷涂， 利用电晕放电原理使雾化涂料在高压直流电场…,PL006_佛山市顺德区乐鲸科技有限公司年产五金拉手300万个新建项目_01_修改评估意见.docx
PL007,广东云晟新材料有限公司年产水性涂料2400吨新建项目,E1,E1-1,"{""section"": ""一、建设项目基本情况"", ""table_number"": null, ""table_name"": null, ""field_name"": ""国民经济行业类别""}",国民经济行业类别 C2641涂料制造,,国民经济行业类别 C2641涂料制造,PL007_广东云晟新材料有限公司年产水性涂料2400吨新建项目_01_修改评估意见.docx
PL007,广东云晟新材料有限公司年产水性涂料2400吨新建项目,E2,E2-1,"{""section"": ""二、建设项目工程分析"", ""table_number"": null, ""table_name"": null, ""field_name"": ""产品名称/备注/产能""}",水性涂料 | 2400吨 | 20L/桶 | 属于水性工业涂料，主要用作机械设备、家用电器等行业的金属工件的保护和装饰涂料,属于水性工业涂料，主要用作机械设备、家用电器等行业的金属工件的保护和装饰涂料,水性涂料 | 2400吨 | 20L/桶 | 属于水性工业涂料，主要用作机械设备、家用电器等行业的金属工件的保护和装饰涂料,PL007_广东云晟新材料有限公司年产水性涂料2400吨新建项目_01_修改评估意见.docx
PL007,广东云晟新材料有限公司年产水性涂料2400吨新建项目,E2,E2-2,"{""section"": ""二、建设项目工程分析"", ""table_number"": null, ""table_name"": null, ""field_name"": ""产品名称/备注/产能""}",水性涂料 | 0.1t分散缸 | 5 | / | 0.08 | / | 200 | 80 | 2880,0.08,水性涂料 | 0.1t分散缸 | 5 | / | 0.08 | / | 200 | 80 | 2880,PL007_广东云晟新材料有限公司年产水性涂料2400吨新建项目_01_修改评估意见.docx
PL007,广东云晟新材料有限公司年产水性涂料2400吨新建项目,E3,E3-1,"{""section"": ""二、建设项目工程分析"", ""table_number"": ""表2-3"", ""table_name"": ""项目原、辅料及能源消耗一览表"", ""field_name"": ""物料名称""}",与项目有关的原有环境污染问题 | 本项目属于新建项目，租用已建成的空置厂房作为生产场所，无原有污染问题。,,与项目有关的原有环境污染问题 | 本项目属于新建项目，租用已建成的空置厂房作为生产场所，无原有污染问题。,PL007_广东云晟新材料有限公司年产水性涂料2400吨新建项目_01_修改评估意见.docx
PL007,广东云晟新材料有限公司年产水性涂料2400吨新建项目,E3,E3-2,"{""section"": ""二、建设项目工程分析"", ""table_number"": null, ""table_name"": null, ""field_name"": ""物料名称""}",原辅材料 | 水性丙烯酸树脂 | 450t | 15t | 200kg/桶 | 液体 | 外购，主体树脂,,原辅材料 | 水性丙烯酸树脂 | 450t | 15t | 200kg/桶 | 液体 | 外购，主体树脂,PL007_广东云晟新材料有限公司年产水性涂料2400吨新建项目_01_修改评估意见.docx
PL007,广东云晟新材料有限公司年产水性涂料2400吨新建项目,E3,E3-3,"{""section"": ""二、建设项目工程分析"", ""table_number"": null, ""table_name"": null, ""field_name"": ""物料名称""}", | 水性聚酯树脂 | 190t | 7t | 200kg/桶 | 液体 | 外购，主体树脂,,| 水性聚酯树脂 | 190t | 7t | 200kg/桶 | 液体 | 外购，主体树脂,PL007_广东云晟新材料有限公司年产水性涂料2400吨新建项目_01_修改评估意见.docx
PL007,广东云晟新材料有限公司年产水性涂料2400吨新建项目,E3,E3-4,"{""section"": ""二、建设项目工程分析"", ""table_number"": null, ""table_name"": null, ""field_name"": ""物料名称""}", | 水性环氧树脂 | 200t | 7t | 200kg/桶 | 液体 | 外购，主体树脂,,| 水性环氧树脂 | 200t | 7t | 200kg/桶 | 液体 | 外购，主体树脂,PL007_广东云晟新材料有限公司年产水性涂料2400吨新建项目_01_修改评估意见.docx
PL007,广东云晟新材料有限公司年产水性涂料2400吨新建项目,E3,E3-5,"{""section"": ""二、建设项目工程分析"", ""table_number"": null, ""table_name"": null, ""field_name"": ""物料名称""}", | 水性氨基树脂 | 80t | 5t | 200kg/桶 | 液体 | 外购，主体树脂,,| 水性氨基树脂 | 80t | 5t | 200kg/桶 | 液体 | 外购，主体树脂,PL007_广东云晟新材料有限公司年产水性涂料2400吨新建项目_01_修改评估意见.docx
PL007,广东云晟新材料有限公司年产水性涂料2400吨新建项目,E3,E3-6,"{""section"": ""二、建设项目工程分析"", ""table_number"": null, ""table_name"": null, ""field_name"": ""物料名称""}", | 钛白粉 | 200t | 5t | 25kg/袋 | 固体粉状 | 外购，颜料,,| 钛白粉 | 200t | 5t | 25kg/袋 | 固体粉状 | 外购，颜料,PL007_广东云晟新材料有限公司年产水性涂料2400吨新建项目_01_修改评估意见.docx
PL007,广东云晟新材料有限公司年产水性涂料2400吨新建项目,E3,E3-7,"{""section"": ""二、建设项目工程分析"", ""table_number"": null, ""table_name"": null, ""field_name"": ""物料名称""}", | 碳黑 | 9t | 0.2t | 10kg/袋 | 固体粉状 | 外购，颜料,,| 碳黑 | 9t | 0.2t | 10kg/袋 | 固体粉状 | 外购，颜料,PL007_广东云晟新材料有限公司年产水性涂料2400吨新建项目_01_修改评估意见.docx
PL007,广东云晟新材料有限公司年产水性涂料2400吨新建项目,E3,E3-8,"{""section"": ""二、建设项目工程分析"", ""table_number"": null, ""table_name"": null, ""field_name"": ""物料名称""}", | 红色粉 | 31.24t | 1t | 25kg/袋 | 固体粉状 | 外购，颜料,,| 红色粉 | 31.24t | 1t | 25kg/袋 | 固体粉状 | 外购，颜料,PL007_广东云晟新材料有限公司年产水性涂料2400吨新建项目_01_修改评估意见.docx
PL007,广东云晟新材料有限公司年产水性涂料2400吨新建项目,E3,E3-9,"{""section"": ""二、建设项目工程分析"", ""table_number"": null, ""table_name"": null, ""field_name"": ""物料名称""}", | 兰色粉 | 5t | 0.5t | 25kg/袋 | 固体粉状 | 外购，颜料,,| 兰色粉 | 5t | 0.5t | 25kg/袋 | 固体粉状 | 外购，颜料,PL007_广东云晟新材料有限公司年产水性涂料2400吨新建项目_01_修改评估意见.docx
PL007,广东云晟新材料有限公司年产水性涂料2400吨新建项目,E3,E3-10,"{""section"": ""二、建设项目工程分析"", ""table_number"": null, ""table_name"": null, ""field_name"": ""物料名称""}", | 绿色粉 | 3t | 0.3t | 25kg/袋 | 固体粉状 | 外购，颜料,,| 绿色粉 | 3t | 0.3t | 25kg/袋 | 固体粉状 | 外购，颜料,PL007_广东云晟新材料有限公司年产水性涂料2400吨新建项目_01_修改评估意见.docx
PL007,广东云晟新材料有限公司年产水性涂料2400吨新建项目,E3,E3-11,"{""section"": ""二、建设项目工程分析"", ""table_number"": null, ""table_name"": null, ""field_name"": ""物料名称""}", | 黄色粉 | 8t | 0.5t | 25kg/袋 | 固体粉状 | 外购，颜料,,| 黄色粉 | 8t | 0.5t | 25kg/袋 | 固体粉状 | 外购，颜料,PL007_广东云晟新材料有限公司年产水性涂料2400吨新建项目_01_修改评估意见.docx
PL007,广东云晟新材料有限公司年产水性涂料2400吨新建项目,E3,E3-12,"{""section"": ""二、建设项目工程分析"", ""table_number"": null, ""table_name"": null, ""field_name"": ""物料名称""}", | 水性银粉 | 2t | 0.1t | 25kg/桶 | 固体粉状 | 外购，颜料,,| 水性银粉 | 2t | 0.1t | 25kg/桶 | 固体粉状 | 外购，颜料,PL007_广东云晟新材料有限公司年产水性涂料2400吨新建项目_01_修改评估意见.docx
PL007,广东云晟新材料有限公司年产水性涂料2400吨新建项目,E3,E3-13,"{""section"": ""二、建设项目工程分析"", ""table_number"": null, ""table_name"": null, ""field_name"": ""物料名称""}", | 珠光粉 | 2t | 0.2 | 25kg/桶 | 固体粉状 | 外购，颜料,,| 珠光粉 | 2t | 0.2 | 25kg/桶 | 固体粉状 | 外购，颜料,PL007_广东云晟新材料有限公司年产水性涂料2400吨新建项目_01_修改评估意见.docx
PL007,广东云晟新材料有限公司年产水性涂料2400吨新建项目,E3,E3-14,"{""section"": ""二、建设项目工程分析"", ""table_number"": null, ""table_name"": null, ""field_name"": ""物料名称""}", | 滑石粉 | 50t | 2t | 25kg/袋 | 固体粉状 | 外购，填料,,| 滑石粉 | 50t | 2t | 25kg/袋 | 固体粉状 | 外购，填料,PL007_广东云晟新材料有限公司年产水性涂料2400吨新建项目_01_修改评估意见.docx
PL007,广东云晟新材料有限公司年产水性涂料2400吨新建项目,E3,E3-15,"{""section"": ""二、建设项目工程分析"", ""table_number"": null, ""table_name"": null, ""field_name"": ""物料名称""}", | 硅灰石 | 50t | 2t | 25kg/袋 | 固体粉状 | 外购，填料,,| 硅灰石 | 50t | 2t | 25kg/袋 | 固体粉状 | 外购，填料,PL007_广东云晟新材料有限公司年产水性涂料2400吨新建项目_01_修改评估意见.docx
PL007,广东云晟新材料有限公司年产水性涂料2400吨新建项目,E3,E3-16,"{""section"": ""二、建设项目工程分析"", ""table_number"": null, ""table_name"": null, ""field_name"": ""物料名称""}", | 硫酸钡 | 50t | 2t | 25kg/袋 | 固体粉状 | 外购，填料,,| 硫酸钡 | 50t | 2t | 25kg/袋 | 固体粉状 | 外购，填料,PL007_广东云晟新材料有限公司年产水性涂料2400吨新建项目_01_修改评估意见.docx
PL007,广东云晟新材料有限公司年产水性涂料2400吨新建项目,E3,E3-17,"{""section"": ""二、建设项目工程分析"", ""table_number"": null, ""table_name"": null, ""field_name"": ""物料名称""}", | 乙二醇单丁醚 | 30t | 1t | 200kg/桶 | 液体 | 外购，助溶剂,,| 乙二醇单丁醚 | 30t | 1t | 200kg/桶 | 液体 | 外购，助溶剂,PL007_广东云晟新材料有限公司年产水性涂料2400吨新建项目_01_修改评估意见.docx
PL007,广东云晟新材料有限公司年产水性涂料2400吨新建项目,E3,E3-18,"{""section"": ""二、建设项目工程分析"", ""table_number"": null, ""table_name"": null, ""field_name"": ""物料名称""}", | 正丁醇 | 20t | 1t | 200kg/桶 | 液体 | 外购，助溶剂,,| 正丁醇 | 20t | 1t | 200kg/桶 | 液体 | 外购，助溶剂,PL007_广东云晟新材料有限公司年产水性涂料2400吨新建项目_01_修改评估意见.docx
PL007,广东云晟新材料有限公司年产水性涂料2400吨新建项目,E3,E3-19,"{""section"": ""二、建设项目工程分析"", ""table_number"": null, ""table_name"": null, ""field_name"": ""物料名称""}", | 乙醇 | 20t | 1t | 200kg/桶 | 液体 | 外购，助溶剂,,| 乙醇 | 20t | 1t | 200kg/桶 | 液体 | 外购，助溶剂,PL007_广东云晟新材料有限公司年产水性涂料2400吨新建项目_01_修改评估意见.docx
PL007,广东云晟新材料有限公司年产水性涂料2400吨新建项目,E3,E3-20,"{""section"": ""二、建设项目工程分析"", ""table_number"": null, ""table_name"": null, ""field_name"": ""物料名称""}", | 二丙二醇丁醚 | 40t | 1t | 200kg/桶 | 液体 | 外购，助溶剂,,| 二丙二醇丁醚 | 40t | 1t | 200kg/桶 | 液体 | 外购，助溶剂,PL007_广东云晟新材料有限公司年产水性涂料2400吨新建项目_01_修改评估意见.docx
PL007,广东云晟新材料有限公司年产水性涂料2400吨新建项目,E3,E3-21,"{""section"": ""二、建设项目工程分析"", ""table_number"": null, ""table_name"": null, ""field_name"": ""物料名称""}", | 二丙二醇甲醚 | 60t | 1t | 200kg/桶 | 液体 | 外购，助溶剂,,| 二丙二醇甲醚 | 60t | 1t | 200kg/桶 | 液体 | 外购，助溶剂,PL007_广东云晟新材料有限公司年产水性涂料2400吨新建项目_01_修改评估意见.docx
PL007,广东云晟新材料有限公司年产水性涂料2400吨新建项目,E3,E3-22,"{""section"": ""二、建设项目工程分析"", ""table_number"": null, ""table_name"": null, ""field_name"": ""物料名称""}", | 纯水 | 700t | —— | —— | 液体 | 通过纯水机自行制备，作为产品溶剂,,| 纯水 | 700t | —— | —— | 液体 | 通过纯水机自行制备，作为产品溶剂,PL007_广东云晟新材料有限公司年产水性涂料2400吨新建项目_01_修改评估意见.docx
PL007,广东云晟新材料有限公司年产水性涂料2400吨新建项目,E3,E3-23,"{""section"": ""二、建设项目工程分析"", ""table_number"": null, ""table_name"": null, ""field_name"": ""物料名称""}", | 丙二醇甲醚 | 60t | 1t | 200kg/桶 | 液体 | 外购，成膜助剂,,| 丙二醇甲醚 | 60t | 1t | 200kg/桶 | 液体 | 外购，成膜助剂,PL007_广东云晟新材料有限公司年产水性涂料2400吨新建项目_01_修改评估意见.docx
PL007,广东云晟新材料有限公司年产水性涂料2400吨新建项目,E3,E3-24,"{""section"": ""二、建设项目工程分析"", ""table_number"": null, ""table_name"": null, ""field_name"": ""物料名称""}", | 丙二醇甲醚醋酸酯 | 60t | 1t | 200kg/桶 | 液体 | 外购，成膜助剂,,| 丙二醇甲醚醋酸酯 | 60t | 1t | 200kg/桶 | 液体 | 外购，成膜助剂,PL007_广东云晟新材料有限公司年产水性涂料2400吨新建项目_01_修改评估意见.docx
PL007,广东云晟新材料有限公司年产水性涂料2400吨新建项目,E3,E3-25,"{""section"": ""二、建设项目工程分析"", ""table_number"": null, ""table_name"": null, ""field_name"": ""物料名称""}", | 二甲基乙醇胺 | 10t | 0.4t | 200kg/桶 | 液体 | 外购，中和助剂,,| 二甲基乙醇胺 | 10t | 0.4t | 200kg/桶 | 液体 | 外购，中和助剂,PL007_广东云晟新材料有限公司年产水性涂料2400吨新建项目_01_修改评估意见.docx
PL007,广东云晟新材料有限公司年产水性涂料2400吨新建项目,E3,E3-26,"{""section"": ""二、建设项目工程分析"", ""table_number"": null, ""table_name"": null, ""field_name"": ""物料名称""}", | 水性固化剂 | 50t | 1t | 200kg/桶 | 液体 | 外购，助剂,,| 水性固化剂 | 50t | 1t | 200kg/桶 | 液体 | 外购，助剂,PL007_广东云晟新材料有限公司年产水性涂料2400吨新建项目_01_修改评估意见.docx
PL007,广东云晟新材料有限公司年产水性涂料2400吨新建项目,E3,E3-27,"{""section"": ""二、建设项目工程分析"", ""table_number"": null, ""table_name"": null, ""field_name"": ""物料名称""}", | 水性分散剂 | 12t | 0.5t | 25kg/桶 | 液体 | 外购，助剂,,| 水性分散剂 | 12t | 0.5t | 25kg/桶 | 液体 | 外购，助剂,PL007_广东云晟新材料有限公司年产水性涂料2400吨新建项目_01_修改评估意见.docx
PL007,广东云晟新材料有限公司年产水性涂料2400吨新建项目,E3,E3-28,"{""section"": ""二、建设项目工程分析"", ""table_number"": null, ""table_name"": null, ""field_name"": ""物料名称""}", | 水性流平剂 | 5t | 0.5t | 25kg/桶 | 液体 | 外购，助剂,,| 水性流平剂 | 5t | 0.5t | 25kg/桶 | 液体 | 外购，助剂,PL007_广东云晟新材料有限公司年产水性涂料2400吨新建项目_01_修改评估意见.docx
PL007,广东云晟新材料有限公司年产水性涂料2400吨新建项目,E3,E3-29,"{""section"": ""二、建设项目工程分析"", ""table_number"": null, ""table_name"": null, ""field_name"": ""物料名称""}", | 水性消泡剂 | 5t | 0.5t | 25kg/桶 | 液体 | 外购，助剂,,| 水性消泡剂 | 5t | 0.5t | 25kg/桶 | 液体 | 外购，助剂,PL007_广东云晟新材料有限公司年产水性涂料2400吨新建项目_01_修改评估意见.docx
PL007,广东云晟新材料有限公司年产水性涂料2400吨新建项目,E3,E3-30,"{""section"": ""二、建设项目工程分析"", ""table_number"": null, ""table_name"": null, ""field_name"": ""物料名称""}", | 水性增稠剂 | 4t | 0.5t | 25kg/桶 | 液体 | 外购，助剂,,| 水性增稠剂 | 4t | 0.5t | 25kg/桶 | 液体 | 外购，助剂,PL007_广东云晟新材料有限公司年产水性涂料2400吨新建项目_01_修改评估意见.docx
PL007,广东云晟新材料有限公司年产水性涂料2400吨新建项目,E3,E3-31,"{""section"": ""二、建设项目工程分析"", ""table_number"": null, ""table_name"": null, ""field_name"": ""物料名称""}", | 白胶桶 | 6.5万个 | 1000个 | 20升/个 | 固体 | 外购，包装材料,,| 白胶桶 | 6.5万个 | 1000个 | 20升/个 | 固体 | 外购，包装材料,PL007_广东云晟新材料有限公司年产水性涂料2400吨新建项目_01_修改评估意见.docx
PL007,广东云晟新材料有限公司年产水性涂料2400吨新建项目,E3,E3-32,"{""section"": ""二、建设项目工程分析"", ""table_number"": null, ""table_name"": null, ""field_name"": ""物料名称""}", | 20升花兰桶 | 3.5万个 | 800个 | 20升/个 | 固体 | 外购，包装材料,,| 20升花兰桶 | 3.5万个 | 800个 | 20升/个 | 固体 | 外购，包装材料,PL007_广东云晟新材料有限公司年产水性涂料2400吨新建项目_01_修改评估意见.docx
PL007,广东云晟新材料有限公司年产水性涂料2400吨新建项目,E3,E3-33,"{""section"": ""二、建设项目工程分析"", ""table_number"": null, ""table_name"": null, ""field_name"": ""物料名称""}", | 滤网 | 0.2t | 0.1t | / | 固体 | 外购，用于过滤工序,,| 滤网 | 0.2t | 0.1t | / | 固体 | 外购，用于过滤工序,PL007_广东云晟新材料有限公司年产水性涂料2400吨新建项目_01_修改评估意见.docx
PL007,广东云晟新材料有限公司年产水性涂料2400吨新建项目,E3,E3-34,"{""section"": ""二、建设项目工程分析"", ""table_number"": null, ""table_name"": null, ""field_name"": ""物料名称""}", | 马口铁板 | 0.5t | 0.1t | 50mm*100mm | 固体 | 外购，喷板测试材料,,| 马口铁板 | 0.5t | 0.1t | 50mm*100mm | 固体 | 外购，喷板测试材料,PL007_广东云晟新材料有限公司年产水性涂料2400吨新建项目_01_修改评估意见.docx
PL007,广东云晟新材料有限公司年产水性涂料2400吨新建项目,E3,E3-35,"{""section"": ""二、建设项目工程分析"", ""table_number"": null, ""table_name"": null, ""field_name"": ""物料名称""}", | 冷轧钢板 | 0.2t | 0.1t | 50mm*100mm | 固体 | 外购，喷板测试材料,,| 冷轧钢板 | 0.2t | 0.1t | 50mm*100mm | 固体 | 外购，喷板测试材料,PL007_广东云晟新材料有限公司年产水性涂料2400吨新建项目_01_修改评估意见.docx
PL007,广东云晟新材料有限公司年产水性涂料2400吨新建项目,E3,E3-36,"{""section"": ""二、建设项目工程分析"", ""table_number"": null, ""table_name"": null, ""field_name"": ""物料名称""}", | 铝板 | 0.2t | 0.1t | 50mm*100mm | 固体 | 外购，喷板测试材料,,| 铝板 | 0.2t | 0.1t | 50mm*100mm | 固体 | 外购，喷板测试材料,PL007_广东云晟新材料有限公司年产水性涂料2400吨新建项目_01_修改评估意见.docx
PL007,广东云晟新材料有限公司年产水性涂料2400吨新建项目,E3,E3-37,"{""section"": ""二、建设项目工程分析"", ""table_number"": null, ""table_name"": null, ""field_name"": ""物料名称""}", | 机油 | 0.1t | 0.1t | 50kg/桶 | 固体 | 外购，用于设备维护,,| 机油 | 0.1t | 0.1t | 50kg/桶 | 固体 | 外购，用于设备维护,PL007_广东云晟新材料有限公司年产水性涂料2400吨新建项目_01_修改评估意见.docx
PL007,广东云晟新材料有限公司年产水性涂料2400吨新建项目,E3,E3-38,"{""section"": ""二、建设项目工程分析"", ""table_number"": null, ""table_name"": null, ""field_name"": ""物料名称""}",能源 | 电 | 30万度 | / | / | / | 市政供电,,能源 | 电 | 30万度 | / | / | / | 市政供电,PL007_广东云晟新材料有限公司年产水性涂料2400吨新建项目_01_修改评估意见.docx
PL007,广东云晟新材料有限公司年产水性涂料2400吨新建项目,E3,E3-39,"{""section"": ""二、建设项目工程分析"", ""table_number"": null, ""table_name"": null, ""field_name"": ""物料名称""}", | 水 | 1230.92t | / | / | / | 市政供水,,| 水 | 1230.92t | / | / | / | 市政供水,PL007_广东云晟新材料有限公司年产水性涂料2400吨新建项目_01_修改评估意见.docx
PL007,广东云晟新材料有限公司年产水性涂料2400吨新建项目,E4,E4-1,"{""section"": ""二、建设项目工程分析"", ""table_number"": null, ""table_name"": null, ""field_name"": ""工艺流程简述/生产工艺流程""}",投料、分散、搅拌、研磨、过滤、固化、冷却、包装,,工艺流程简述（图示）： 1、项目生产工艺流程及产污环节 图2-2 项目水性涂料生产工艺流程及产污环节示意图 工艺流程说明：1、投料：根据水性涂料产品的配方在指定投料区按比例依次往分散缸投加树脂（水性丙烯酸树脂、水性聚酯树脂、水性环氧树脂、水性氨基树脂）、溶剂（乙二醇单丁醚、正丁醇、乙醇、二丙二醇丁醚、二丙二醇甲醚、纯水）和颜填料（钛白粉、碳黑、红色粉、兰色粉、绿色粉、黄色粉、水性银粉、珠光粉、滑石粉、硅灰石、硫酸钡）。其中，纯水为项目纯水机自行制备。另外，项目投料工序所加入的颜填料多数为粉末状固体，该工序会产生粉尘。 2、分散：利用高速分散机对原料进行搅拌分散，使物料充分混匀。常温常压搅拌6…,PL007_广东云晟新材料有限公司年产水性涂料2400吨新建项目_01_修改评估意见.docx
PL008,佛山市顺德区亚马逊涂料有限公司迁扩建项目,E1,E1-1,"{""section"": ""一、建设项目基本情况"", ""table_number"": null, ""table_name"": null, ""field_name"": ""国民经济行业类别""}",国民经济行业类别 C2641 涂料制造,,国民经济行业类别 C2641 涂料制造,PL008_佛山市顺德区亚马逊涂料有限公司迁扩建项目_01_修改评估意见.docx
PL008,佛山市顺德区亚马逊涂料有限公司迁扩建项目,E2,E2-1,"{""section"": ""二、建设项目工程分析"", ""table_number"": ""表2-1"", ""table_name"": ""项目工程组成表"", ""field_name"": ""产品名称/备注/产能""}",工艺流程和产排污环节 | 1、项目水性涂料产品测试流程见图2-原料原料生产设备生产设备污染物污染物工艺流程工艺流程打磨打磨打磨机打磨机噪声、粉尘噪声、粉尘木板木板试喷试喷水性涂料样品水性涂料样品漆雾、VOCs、恶臭、噪声漆雾、VOCs、恶臭、噪声喷枪、水帘柜喷枪、水帘柜风干风干VOCs、滤渣VOCs、滤渣成品成品图2-3 项目水性涂料测试工艺流程图2、生产设备生产设备污染物污染物工艺流程工艺流程原料原料项目水性涂料生产工艺流程见图2-2。锌粉、钛白粉、炭黑、滑石粉、重钙粉锌粉、钛白粉、炭黑、滑石粉、重钙粉分散机分散机投料投料粉尘粉尘分散剂、消泡剂、水分散剂、消泡剂、水分散机分散机噪声、VOCs噪声、VOCs分散分散研磨机研磨机噪声、VOCs噪声、VOCs研磨研磨水性聚氨酯树脂、水性丙烯酸树脂、流平剂、消泡剂、防霉剂、防锈剂、水性助剂、异丙醇水性聚氨酯树脂、水性丙烯酸树脂、流平剂、消泡剂、防霉剂、防锈剂、水性助剂、异丙醇分散机料仓转移分散机料仓转移分散机分散机投料投料VOCsVOCs噪声、VOCsVOCs噪声、VOCsVOCs分散机分散机搅拌搅拌检测设备检测设备检测检测不合格品不合格品灌装机灌装机VOCs、滤渣VOCs、滤渣分装分装成品成品图2-4 项目水性涂料生产工艺流程图工艺流程简述：该生产工艺也比较简单，主要为各种原料的物理混合，不涉及化学反应和加热。项目水性建筑涂料和水性工业涂料的工艺/配方大同小异。首先在投料工位上将锌粉、钛白粉、炭黑、滑石粉、重钙粉等固体原材料倒入专用粉料缸中，依次添加分散剂、消泡剂、水，然后进行打浆搅拌分散（30min），再采用研磨机研磨到生产需要的大小粒径，研磨完成后将混合好半成品的分散缸直接转移至分散机上，然后通过人工投料的方式将水性聚氨酯树脂、水性丙烯酸树脂、流平剂、消泡剂、防霉剂、防锈剂、分散剂、异丙醇等原料投入到分散机中，在常温常压密闭状态下搅拌45min，1天生产1批次。投料、分散过程中会产生一定量的有机废气；搅拌完成后，则取水性建筑涂料/水性工业涂料各100g样品进行实验。首先将木板的表面进行打磨光滑，然后使用喷枪进行试喷，试喷后自然风干即可。经检测合格后将产品进行分装，灌装机配套有过滤设备滤去杂质，包装完成后储存在成品库中，分装过程中会产生一定量有机废气、滤渣和机械噪声。取样品经检测不合格样品将倒回分散机继续搅拌几分钟，然后再进行取样检测，重复此工艺，直至检测合格后进行分装入库。水性涂料产品需要过滤，会产生少量滤渣。建议按危废管理流程进行管理，将滤渣交有危险废物处理资质的单位处理；如经鉴别其不属于危废，则可按一般固废处理。 项目新产品的研发所使用的生产设备、原辅材料以及所产生的污染物与水性涂料的生产大同小异，因此不再赘述。根据建设单位提供，项目预计新产品的研发量按照新产品研发所使用的8台分散缸的容量计算，预计研发0.072吨/日，项目年工作300日，合计21.6吨/年。3、生产设备生产设备污染物污染物工艺流程工艺流程原料原料项目UV涂料生产工艺流程见图2-5。丙烯酸环氧树脂、三羟甲基丙烷、三丙烯酸酯、滑石粉、透明粉、光引发剂、色料丙烯酸环氧树脂、三羟甲基丙烷、三丙烯酸酯、滑石粉、透明粉、光引发剂、色料投料投料粉尘、VOCs粉尘、VOCs噪声、VOCsVOCs噪声、VOCsVOCs分散机分散机搅拌搅拌检测设备检测设备检测检测不合格品不合格品灌装机灌装机VOCs、滤渣VOCs、滤渣分装分装成品成品图2-5 项目UV涂料生产工艺流程图工艺流程简述：产品工艺比较简单，将外购的原材料，包括丙烯酸环氧树脂、三羟甲基丙烷三丙烯酸酯、滑石粉、透明粉、光引发剂、色料，投入分散缸内，使用分散机搅拌分散。搅拌过程分中速和快速阶段，分别为20～30分钟，最终形成UV涂料。经检测合格后将产品进行分装，灌装机配套有过滤设备滤去杂质，包装完成后储存在成品库中，分装过程中会产生一定量有机废气、滤渣和机械噪声。取样品经检测不合格样品将倒回分散机继续搅拌几分钟，然后再进行取样检测，重复此工艺，直至检测合格后进行分装入库。投料过程，投加的滑石粉会产生粉尘，投料、分散、分装过程会有有机废气（VOCs）挥发。根据实际生产工况，UV涂料生产过程中分散机无需清洗。表2-13 本项目主要排污节点汇总一览表项目污染工序主要污染物治理措施废气投料粉尘打磨、试喷工序产生的粉尘经水帘柜+干式过滤处理；投料产生的粉尘经滤芯除尘；然后连同投料、分散、分装、试喷、风干工序产生的VOCs、臭气浓度一起经两级活性炭吸附处理后经45m高排气筒FQ-03672排放打磨、试喷粉尘投料、分散、分装、试喷、风干TVOC、NMHC、臭气浓度废水生活CODCr、BOD5、SS、NH3-N生活污水经三级化粪池设施处理后排入杏坛污水处理厂生产——生产废水暂存于废水暂存池中，定期交由有处理能力的单位处理，不外排噪声生产过程设备运行噪声基础减振、厂房隔声固废原料、成品包装粉料废包装袋收集后定期卖给回收商液料原料包装桶由原料供应商循环利用，不作为固废处理除尘设施滤芯除尘器收集的粉尘、水帘柜沉渣收集后外售综合利用设备维修废抹布和手套、废机油、废机油桶暂存危废间，定期交有资质单位处理分装废水性涂料滤渣、废UV涂料滤渣废气治理设施废活性炭职工生活生活垃圾定期运至环卫部门指定地点处置,1、项目水性涂料产品测试流程见图2-原料原料生产设备生产设备污染物污染物工艺流程工艺流程打磨打磨打磨机打磨机噪声、粉尘噪声、粉尘木板木板试喷试喷水性涂料样品水性涂料样品漆雾、VOCs、恶臭、噪声漆雾、VOCs、恶臭、噪声喷枪、水帘柜喷枪、水帘柜风干风干VOCs、滤渣VOCs、滤渣成品成品图2-3 项目水性涂料测试工艺流程图2、生产设备生产设备污染物污染物工艺流程工艺流程原料原料项目水性涂料生产工艺流程见图2-2。锌粉、钛白粉、炭黑、滑石粉、重钙粉锌粉、钛白粉、炭黑、滑石粉、重钙粉分散机分散机投料投料粉尘粉尘分散剂、消泡剂、水分散剂、消泡剂、水分散机分散机噪声、VOCs噪声、VOCs分散分散研磨机研磨机噪声、VOCs噪声、VOCs研磨研磨水性聚氨酯树脂、水性丙烯酸树脂、流平剂、消泡剂、防霉剂、防锈剂、水性助剂、异丙醇水性聚氨酯树脂、水性丙烯酸树脂、流平剂、消泡剂、防霉剂、防锈剂、水性助剂、异丙醇分散机料仓转移分散机料仓转移分散机分散机投料投料VOCsVOCs噪声、VOCsVOCs噪声、VOCsVOCs分散机分散机搅拌搅拌检测设备检测设备检测检测不合格品不合格品灌装机灌装机VOCs、滤渣VOCs、滤渣分装分装成品成品图2-4 项目水性涂料生产工艺流程图工艺流程简述：该生产工艺也比较简单，主要为各种原料的物理混合，不涉及化学反应和加热。项目水性建筑涂料和水性工业涂料的工艺/配方大同小异。首先在投料工位上将锌粉、钛白粉、炭黑、滑石粉、重钙粉等固体原材料倒入专用粉料缸中，依次添加分散剂、消泡剂、水，然后进行打浆搅拌分散（30min），再采用研磨机研磨到生产需要的大小粒径，研磨完成后将混合好半成品的分散缸直接转移至分散机上，然后通过人工投料的方式将水性聚氨酯树脂、水性丙烯酸树脂、流平剂、消泡剂、防霉剂、防锈剂、分散剂、异丙醇等原料投入到分散机中，在常温常压密闭状态下搅拌45min，1天生产1批次。投料、分散过程中会产生一定量的有机废气；搅拌完成后，则取水性建筑涂料/水性工业涂料各100g样品进行实验。首先将木板的表面进行打磨光滑，然后使用喷枪进行试喷，试喷后自然风干即可。经检测合格后将产品进行分装，灌装机配套有过滤设备滤去杂质，包装完成后储存在成品库中，分装过程中会产生一定量有机废气、滤渣和机械噪声。取样品经检测不合格样品将倒回分散机继续搅拌几分钟，然后再进行取样检测，重复此工艺，直至检测合格后进行分装入库。水性涂料产品需要过滤，会产生少量滤渣。建议按危废管理流程进行管理，将滤渣交有危险废物处理资质的单位处理；如经鉴别其不属于危废，则可按一般固废处理。 项目新产品的研发所使用的生产设备、原辅材料以及所产生的污染物与水性涂料的生产大同小异，因此不再赘述。根据建设单位提供，项目预计新产品的研发量按照新产品研发所使用的8台分散缸的容量计算，预计研发0.072吨/日，项目年工作300日，合计21.6吨/年。3、生产设备生产设备污染物污染物工艺流程工艺流程原料原料项目UV涂料生产工艺流程见图2-5。丙烯酸环氧树脂、三羟甲基丙烷、三丙烯酸酯、滑石粉、透明粉、光引发剂、色料丙烯酸环氧树脂、三羟甲基丙烷、三丙烯酸酯、滑石粉、透明粉、光引发剂、色料投料投料粉尘、VOCs粉尘、VOCs噪声、VOCsVOCs噪声、VOCsVOCs分散机分散机搅拌搅拌检测设备检测设备检测检测不合格品不合格品灌装机灌装机VOCs、滤渣VOCs、滤渣分装分装成品成品图2-5 项目UV涂料生产工艺流程图工艺流程简述：产品工艺比较简单，将外购的原材料，包括丙烯酸环氧树脂、三羟甲基丙烷三丙烯酸酯、滑石粉、透明粉、光引发剂、色料，投入分散缸内，使用分散机搅拌分散。搅拌过程分中速和快速阶段，分别为20～30分钟，最终形成UV涂料。经检测合格后将产品进行分装，灌装机配套有过滤设备滤去杂质，包装完成后储存在成品库中，分装过程中会产生一定量有机废气、滤渣和机械噪声。取样品经检测不合格样品将倒回分散机继续搅拌几分钟，然后再进行取样检测，重复此工艺，直至检测合格后进行分装入库。投料过程，投加的滑石粉会产生粉尘，投料、分散、分装过程会有有机废气（VOCs）挥发。根据实际生产工况，UV涂料生产过程中分散机无需清洗。表2-13 本项目主要排污节点汇总一览表项目污染工序主要污染物治理措施废气投料粉尘打磨、试喷工序产生的粉尘经水帘柜+干式过滤处理；投料产生的粉尘经滤芯除尘；然后连同投料、分散、分装、试喷、风干工序产生的VOCs、臭气浓度一起经两级活性炭吸附处理后经45m高排气筒FQ-03672排放打磨、试喷粉尘投料、分散、分装、试喷、风干TVOC、NMHC、臭气浓度废水生活CODCr、BOD5、SS、NH3-N生活污水经三级化粪池设施处理后排入杏坛污水处理厂生产——生产废水暂存于废水暂存池中，定期交由有处理能力的单位处理，不外排噪声生产过程设备运行噪声基础减振、厂房隔声固废原料、成品包装粉料废包装袋收集后定期卖给回收商液料原料包装桶由原料供应商循环利用，不作为固废处理除尘设施滤芯除尘器收集的粉尘、水帘柜沉渣收集后外售综合利用设备维修废抹布和手套、废机油、废机油桶暂存危废间，定期交有资质单位处理分装废水性涂料滤渣、废UV涂料滤渣废气治理设施废活性炭职工生活生活垃圾定期运至环卫部门指定地点处置,工艺流程和产排污环节 | 1、项目水性涂料产品测试流程见图2-原料原料生产设备生产设备污染物污染物工艺流程工艺流程打磨打磨打磨机打磨机噪声、粉尘噪声、粉尘木板木板试喷试喷水性涂料样品水性涂料样品漆雾、VOCs、恶臭、噪声漆雾、VOCs、恶臭、噪声喷枪、水帘柜喷枪、水帘柜风干风干VOCs、滤渣VOCs、滤渣成品成品图2-3 项目水性涂料测试工艺流程图2、生产设备生产设备污染物污染物工艺流程工艺流程原料原料项目水性涂料生产工艺流程见图2-2。锌粉、钛白粉、炭黑、滑石粉、重钙粉锌粉、钛白粉、炭黑、滑石粉、重钙粉分散机分散机投料投料粉尘粉尘分散剂、消泡剂、水分散剂、消泡剂、水分散机分散机噪声、VOC…,PL008_佛山市顺德区亚马逊涂料有限公司迁扩建项目_01_修改评估意见.docx
PL008,佛山市顺德区亚马逊涂料有限公司迁扩建项目,E2,E2-2,"{""section"": ""二、建设项目工程分析"", ""table_number"": ""表2-1"", ""table_name"": ""项目工程组成表"", ""field_name"": ""产品名称/备注/产能""}",与项目有关的原有环境污染问题 | 1、与项目有关的原有污染情况：佛山市顺德区亚马逊涂料有限公司原址位于佛山市顺德区杏坛镇昌教村委会中心公路6号（不含之一卓志塑料厂）。该厂于2016年3月17日以《佛山市顺德区亚马逊涂料有限公司建设项目》环评报告表报批，经佛山市顺德区环境运输和城市管理局杏坛分局的批复文号为顺环（杏）审〔2016〕18号，审批规模为高速分散机5台、卧式砂磨机5台、立式砂磨机2台。于2016年9月28日通过佛山市顺德区亚马逊涂料有限公司建设项目竣工环境保护验收，该次验收为阶段验收（验收规模：高速分散机4台）。项目于2020年6月8日取得排污许可证（许可证号为91440606698103334M001U）。项目已根据排污许可证要求落实相关情况。搬迁前环保批复详见附件3，搬迁前验收意见详见附件4，搬迁前排污许可证详见附件5。表2-14 原有环保手续办理情况一览表序号事项时间文号备注1环境影响评价审批2016年3月17顺环（杏）审〔2016〕18号高速分散机5台、卧式砂磨机5台、立式砂磨机2台2竣工环境保护验收2016年9月28日/高速分散机4台3排污许可证2020年6月8日91440606MA4WNDFC8B001Y首次2.现有项目生产工艺流程原有项目水性涂料生产工艺流程图见图2-4。图2-6 原有项目水性涂料生产工艺流程图工艺流程及产污环节说明：项目外购填料、颜料、助剂进行配料，然后与水/溶剂按配比投入到高速分散机中进行搅拌分散；然后将分散好的浆料经砂磨机研磨至需要的细度；之后将磨好的浆料与树脂混合，并加入分散剂、溶剂调节粘度，通过分散机对物料进行调漆，最后经包装即可成为成品后销售。3、原有项目污染物产排情况（1）废水①生活污水根据原有项目环评，原有项目生活污水排放量约72t/a。项目生活污水主要为职工的洗手、冲厕废水，主要水污染物为CODcr、BOD5、SS和NH3-N。现有生活污水经独立的生活污水处理设施处理后排入附近内河涌。生活废水排放的废水水质情况引用佳誉（广东）检测科技有限公司于2022年10月17日对项目内生活污水处理设施排放口的检验报告数据分析（报告编号：JQC-HJ-R220927106），监测数据见表2-15。表2-15 原有项目生活污水处理设施排放口监测结果汇总表序号监测项目监测结果最高允许排放浓度单位结论2022年10月17日1PH值7.46-9无量纲达标2悬浮物1230mg/L达标3化学需氧量21100mg/L达标4五日生化需氧量6.730mg/L达标5氨氮0.0253mg/L达标6总磷0.0225mg/L达标7动植物油类0.255mg/L达标8流量0.04-m3/h-1.“-”表示无此项，“L”表示该项目浓度低于检出限。由监测结果可知，现有项目生活废水可达到《城镇污水处理厂污染物排放标准》（GB18918-2002）中二级标准要求，对地表水环境影响较小。②生产废水本项目生产废水暂存于废水暂存池中，定期交由佛山市顺德区绿点废水回收处理有限公司拉运处理，不外排。（2）废气根据原有项目环评，原有项目生产过程中主要的大气污染为投料工序产生的粉尘，分散、研磨、调漆工序产生的有机废气VOCs。佳誉（广东）检测科技有限公司于2022年10月17日对现有项目废气排放口（FQ-03672）以及无组织废气进行监测（报告编号：JQC-HJ-R220927106），监测结果见表2-16～表2-17。表2-16 FQ-03672排气筒有组织废气监测结果检测位置FQ-03672排放口排风量2807m3/h检测项目检测结果标准限值单位排放口高度结论总VOCs排放浓度0.3480mg/m315m达标排放速率9.5×10-4--kg/h达标备注：“--”表示无此项。表2-17 无组织废气监测结果单位：mg/m3检测项目采样日期检测结果标准限值上风向/FQ-03672下风向/2#下风向/3#下风向/4#最大值总VOCs2022-10-170.09 0.120.130.24 0.242.0颗粒物2022-10-170.0910.183 0.201 0.220 0.2201.0根据2022年10月17日监测结果，VOCs有组织排放监测项目符合《涂料、油墨及胶粘剂工业大气污染物排放标准》（GB37824—2019）中表2大气污染物特别排放限值要求；颗粒物无组织排放监测项目符合广东省地方标准《大气污染物排放限值》（DB 44/27-2001）中第二时段无组织排放监控浓度限值；VOCs无组织排放监测项目符合广东省地方标准《家具制造行业挥发性有机化合物排放 标准》（DB44/814-2010）中表2无组织排放监控点浓度限值要求；对周围环境影响较小。（3）噪声根据原有项目生产资料统计，原有项目噪声源主要为设备运行时产生的噪声，其噪声的强度值为70~85dB(A)。噪声特征以连续性噪声为主，间歇性噪声为辅。现有项目主要生产设备放置在厂房内，对设备采用柔性连接等措施搞好基础减震，定期对生产设备进行保养、检修与添加润滑剂，保证设备处于良好的运转状态，避免设备事故运行产生的噪声。佳誉（广东）检测科技有限公司于2022年10月17日对现有项目厂界噪声进行监测（报告编号：JQC-HJ-R220927106），监测结果见表2-18。表2-18 噪声监测结果检测日期2022年10月17日天气状况晴风向/风速昼间：东北风3.4m/s测点编号检测位置昼间检测结果dB（A）标准值LeqdB（A）结果评价主要噪声来源1#1#厂界北侧外1m56≤60达标界内机械2#2#厂界西侧外1m55≤60达标界内机械3#3#厂界南侧外1m57≤60达标界内机械4#4#厂界东侧外1m56≤60达标界内机械根据上述监测结果，现有项目噪声值符合《工业企业厂界噪声标准》（GB12348-90）2类标准，对周围环境影响较小。（4）固体废物根据原有项目生产资料统计，原有项目生产过程中产生的固体废物主要是生活垃圾及危险废物。①生活垃圾：原有项目员工均不在厂内就餐，生活垃圾按平均0.5kg/人·d计算，项目员工10人，则每日产生生活垃圾5kg，相应的年产生量约为1t，此生活垃圾统一交由环卫部门运走。②危险废物：危险废物主要为废含油抹布和手套、废活性炭、废包装桶、废机油、废机油桶等，产生量、废物类别、代码见下表危险废物产生情况。表2-19 原有项目危险废物汇总表危险废物名称产生量t/a废物类别危废代码产生工序及装置形态主要成分危险成分产废周期危险特性措施废含油抹布和手套0.05HW49类其他废物900-041-49设备维修固体机油、布机油半年T，In定期交由有资质的第三方处理废机油HW08废矿物油与含矿物油废物900-217-08设备维修液态机油机油一年T，I废机油桶HW08废矿物油与含矿物油废物900-249-08设备维修固体机油桶机油一年T，In废包装桶14HW49类其他废物900-041-49原料包装固体原料包装桶有机原料每天T，C废活性炭0.75HW49类其他废物900-039-49废气处理设施固体有机物有机物每季度T4、原有项目污染物排放情况表2-20 原有项目污染物排放情况内容排放源污染物名称排放量t/a排放浓度mg/m3排放标准mg/L污染防治措施效果评价水污染物生活污水CODCr0.00221100生活污水经独立的生活污水处理设施处理后，近期排入附近内河涌达标排放BOD50.000646.730SS0.001151230NH3-H0.00000240.02525大气污染物投料工序投料粉尘（无组织）/0.1741.0经集气罩收集后通过布袋除尘处理后无组织排放达标排放分散搅拌工序VOCs（有组织）0.00230.3480经集气罩收集后通过“UV光解+活性炭吸附”处理设施处理后15米排气筒排放达标排放VOCs（无组织）/0.145/项目污染物名称产生量t/a处理量t/a排放量t/a污染防治措施效果评价固体废物生活办公生活垃圾110交环卫部门处理符合要求危险废物废含油抹布和手套、废机油、废机油桶、废包装桶、废活性炭14.814.80交有相应处理资质的单位处理噪声生产设备生产设备噪声70～85dB(A)厂界排放噪声满足《工业企业厂界环境噪声排放标准》（GB12348-2008）2类标准4、主要环境问题本项目为迁扩建项目，本项目建成后，原有项目拆除，将不存在环境问题。,1、与项目有关的原有污染情况：佛山市顺德区亚马逊涂料有限公司原址位于佛山市顺德区杏坛镇昌教村委会中心公路6号（不含之一卓志塑料厂）。该厂于2016年3月17日以《佛山市顺德区亚马逊涂料有限公司建设项目》环评报告表报批，经佛山市顺德区环境运输和城市管理局杏坛分局的批复文号为顺环（杏）审〔2016〕18号，审批规模为高速分散机5台、卧式砂磨机5台、立式砂磨机2台。于2016年9月28日通过佛山市顺德区亚马逊涂料有限公司建设项目竣工环境保护验收，该次验收为阶段验收（验收规模：高速分散机4台）。项目于2020年6月8日取得排污许可证（许可证号为91440606698103334M001U）。项目已根据排污许可证要求落实相关情况。搬迁前环保批复详见附件3，搬迁前验收意见详见附件4，搬迁前排污许可证详见附件5。表2-14 原有环保手续办理情况一览表序号事项时间文号备注1环境影响评价审批2016年3月17顺环（杏）审〔2016〕18号高速分散机5台、卧式砂磨机5台、立式砂磨机2台2竣工环境保护验收2016年9月28日/高速分散机4台3排污许可证2020年6月8日91440606MA4WNDFC8B001Y首次2.现有项目生产工艺流程原有项目水性涂料生产工艺流程图见图2-4。图2-6 原有项目水性涂料生产工艺流程图工艺流程及产污环节说明：项目外购填料、颜料、助剂进行配料，然后与水/溶剂按配比投入到高速分散机中进行搅拌分散；然后将分散好的浆料经砂磨机研磨至需要的细度；之后将磨好的浆料与树脂混合，并加入分散剂、溶剂调节粘度，通过分散机对物料进行调漆，最后经包装即可成为成品后销售。3、原有项目污染物产排情况（1）废水①生活污水根据原有项目环评，原有项目生活污水排放量约72t/a。项目生活污水主要为职工的洗手、冲厕废水，主要水污染物为CODcr、BOD5、SS和NH3-N。现有生活污水经独立的生活污水处理设施处理后排入附近内河涌。生活废水排放的废水水质情况引用佳誉（广东）检测科技有限公司于2022年10月17日对项目内生活污水处理设施排放口的检验报告数据分析（报告编号：JQC-HJ-R220927106），监测数据见表2-15。表2-15 原有项目生活污水处理设施排放口监测结果汇总表序号监测项目监测结果最高允许排放浓度单位结论2022年10月17日1PH值7.46-9无量纲达标2悬浮物1230mg/L达标3化学需氧量21100mg/L达标4五日生化需氧量6.730mg/L达标5氨氮0.0253mg/L达标6总磷0.0225mg/L达标7动植物油类0.255mg/L达标8流量0.04-m3/h-1.“-”表示无此项，“L”表示该项目浓度低于检出限。由监测结果可知，现有项目生活废水可达到《城镇污水处理厂污染物排放标准》（GB18918-2002）中二级标准要求，对地表水环境影响较小。②生产废水本项目生产废水暂存于废水暂存池中，定期交由佛山市顺德区绿点废水回收处理有限公司拉运处理，不外排。（2）废气根据原有项目环评，原有项目生产过程中主要的大气污染为投料工序产生的粉尘，分散、研磨、调漆工序产生的有机废气VOCs。佳誉（广东）检测科技有限公司于2022年10月17日对现有项目废气排放口（FQ-03672）以及无组织废气进行监测（报告编号：JQC-HJ-R220927106），监测结果见表2-16～表2-17。表2-16 FQ-03672排气筒有组织废气监测结果检测位置FQ-03672排放口排风量2807m3/h检测项目检测结果标准限值单位排放口高度结论总VOCs排放浓度0.3480mg/m315m达标排放速率9.5×10-4--kg/h达标备注：“--”表示无此项。表2-17 无组织废气监测结果单位：mg/m3检测项目采样日期检测结果标准限值上风向/FQ-03672下风向/2#下风向/3#下风向/4#最大值总VOCs2022-10-170.09 0.120.130.24 0.242.0颗粒物2022-10-170.0910.183 0.201 0.220 0.2201.0根据2022年10月17日监测结果，VOCs有组织排放监测项目符合《涂料、油墨及胶粘剂工业大气污染物排放标准》（GB37824—2019）中表2大气污染物特别排放限值要求；颗粒物无组织排放监测项目符合广东省地方标准《大气污染物排放限值》（DB 44/27-2001）中第二时段无组织排放监控浓度限值；VOCs无组织排放监测项目符合广东省地方标准《家具制造行业挥发性有机化合物排放 标准》（DB44/814-2010）中表2无组织排放监控点浓度限值要求；对周围环境影响较小。（3）噪声根据原有项目生产资料统计，原有项目噪声源主要为设备运行时产生的噪声，其噪声的强度值为70~85dB(A)。噪声特征以连续性噪声为主，间歇性噪声为辅。现有项目主要生产设备放置在厂房内，对设备采用柔性连接等措施搞好基础减震，定期对生产设备进行保养、检修与添加润滑剂，保证设备处于良好的运转状态，避免设备事故运行产生的噪声。佳誉（广东）检测科技有限公司于2022年10月17日对现有项目厂界噪声进行监测（报告编号：JQC-HJ-R220927106），监测结果见表2-18。表2-18 噪声监测结果检测日期2022年10月17日天气状况晴风向/风速昼间：东北风3.4m/s测点编号检测位置昼间检测结果dB（A）标准值LeqdB（A）结果评价主要噪声来源1#1#厂界北侧外1m56≤60达标界内机械2#2#厂界西侧外1m55≤60达标界内机械3#3#厂界南侧外1m57≤60达标界内机械4#4#厂界东侧外1m56≤60达标界内机械根据上述监测结果，现有项目噪声值符合《工业企业厂界噪声标准》（GB12348-90）2类标准，对周围环境影响较小。（4）固体废物根据原有项目生产资料统计，原有项目生产过程中产生的固体废物主要是生活垃圾及危险废物。①生活垃圾：原有项目员工均不在厂内就餐，生活垃圾按平均0.5kg/人·d计算，项目员工10人，则每日产生生活垃圾5kg，相应的年产生量约为1t，此生活垃圾统一交由环卫部门运走。②危险废物：危险废物主要为废含油抹布和手套、废活性炭、废包装桶、废机油、废机油桶等，产生量、废物类别、代码见下表危险废物产生情况。表2-19 原有项目危险废物汇总表危险废物名称产生量t/a废物类别危废代码产生工序及装置形态主要成分危险成分产废周期危险特性措施废含油抹布和手套0.05HW49类其他废物900-041-49设备维修固体机油、布机油半年T，In定期交由有资质的第三方处理废机油HW08废矿物油与含矿物油废物900-217-08设备维修液态机油机油一年T，I废机油桶HW08废矿物油与含矿物油废物900-249-08设备维修固体机油桶机油一年T，In废包装桶14HW49类其他废物900-041-49原料包装固体原料包装桶有机原料每天T，C废活性炭0.75HW49类其他废物900-039-49废气处理设施固体有机物有机物每季度T4、原有项目污染物排放情况表2-20 原有项目污染物排放情况内容排放源污染物名称排放量t/a排放浓度mg/m3排放标准mg/L污染防治措施效果评价水污染物生活污水CODCr0.00221100生活污水经独立的生活污水处理设施处理后，近期排入附近内河涌达标排放BOD50.000646.730SS0.001151230NH3-H0.00000240.02525大气污染物投料工序投料粉尘（无组织）/0.1741.0经集气罩收集后通过布袋除尘处理后无组织排放达标排放分散搅拌工序VOCs（有组织）0.00230.3480经集气罩收集后通过“UV光解+活性炭吸附”处理设施处理后15米排气筒排放达标排放VOCs（无组织）/0.145/项目污染物名称产生量t/a处理量t/a排放量t/a污染防治措施效果评价固体废物生活办公生活垃圾110交环卫部门处理符合要求危险废物废含油抹布和手套、废机油、废机油桶、废包装桶、废活性炭14.814.80交有相应处理资质的单位处理噪声生产设备生产设备噪声70～85dB(A)厂界排放噪声满足《工业企业厂界环境噪声排放标准》（GB12348-2008）2类标准4、主要环境问题本项目为迁扩建项目，本项目建成后，原有项目拆除，将不存在环境问题。,与项目有关的原有环境污染问题 | 1、与项目有关的原有污染情况：佛山市顺德区亚马逊涂料有限公司原址位于佛山市顺德区杏坛镇昌教村委会中心公路6号（不含之一卓志塑料厂）。该厂于2016年3月17日以《佛山市顺德区亚马逊涂料有限公司建设项目》环评报告表报批，经佛山市顺德区环境运输和城市管理局杏坛分局的批复文号为顺环（杏）审〔2016〕18号，审批规模为高速分散机5台、卧式砂磨机5台、立式砂磨机2台。于2016年9月28日通过佛山市顺德区亚马逊涂料有限公司建设项目竣工环境保护验收，该次验收为阶段验收（验收规模：高速分散机4台）。项目于2020年6月8日取得排污许可证（许可证号为91440606698…,PL008_佛山市顺德区亚马逊涂料有限公司迁扩建项目_01_修改评估意见.docx
PL008,佛山市顺德区亚马逊涂料有限公司迁扩建项目,E4,E4-1,"{""section"": ""二、建设项目工程分析"", ""table_number"": null, ""table_name"": null, ""field_name"": ""工艺流程简述/生产工艺流程""}",投料、分散、搅拌、研磨、过滤、灌装、包装,,工艺流程简述：该生产工艺也比较简单，主要为各种原料的物理混合，不涉及化学反应和加热。项目水性建筑涂料和水性工业涂料的工艺/配方大同小异。首先在投料工位上将锌粉、钛白粉、炭黑、滑石粉、重钙粉等固体原材料倒入专用粉料缸中，依次添加分散剂、消泡剂、水，然后进行打浆搅拌分散（30min），再采用研磨机研磨到生产需要的大小粒径，研磨完成后将混合好半成品的分散缸直接转移至分散机上，然后通过人工投料的方式将水性聚氨酯树脂、水性丙烯酸树脂、流平剂、消泡剂、防霉剂、防锈剂、分散剂、异丙醇等原料投入到分散机中，在常温常压密闭状态下搅拌45min，1天生产1批次。投料、分散过程中会产生一定量的有机废气；搅拌完成后…,PL008_佛山市顺德区亚马逊涂料有限公司迁扩建项目_01_修改评估意见.docx
PL009,广东威诺高科技股份有限公司搬迁项目,E1,E1-1,"{""section"": ""一、建设项目基本情况"", ""table_number"": null, ""table_name"": null, ""field_name"": ""国民经济行业类别""}",国民经济行业类别 C3852家用空气调节器制造C3853家用通风电器具制造,,国民经济行业类别 C3852家用空气调节器制造C3853家用通风电器具制造,PL009_广东威诺高科技股份有限公司搬迁项目_01_修改评估意见.docx
PL009,广东威诺高科技股份有限公司搬迁项目,E4,E4-1,"{""section"": ""二、建设项目工程分析"", ""table_number"": null, ""table_name"": null, ""field_name"": ""工艺流程简述/生产工艺流程""}",过滤、注塑、印刷、固化、冷却、破碎、包装,,工艺流程简述：生产工艺流程说明：产品总装工艺：将注塑工艺生产的部件（排气扇部件：外壳、百叶、风叶、面罩等）；外购的空气净化器部件（马达、风扇、空气过滤网、智能监测系统、外壳、进风网、底座等）、 电机机加工装配工艺完成的电机以及其他一些线材（电线、电容、火线、底线、焊接后的电机引线等）按产品的技术要求进行组装，完成组装的产品进行相关接地/耐压功 能测试后，工人用布擦拭产品表面，除去表面灰尘（擦拭过程不使用清洁剂等）后， 把产品装袋入箱，送入仓库，适时发货。丝印：项目使用UV油墨进行图案印刷图案，网印油墨无需稀释，产品的logo印刷面积如表2-10。印刷方式为丝网印刷，网版委外制作，不在厂内制作…,PL009_广东威诺高科技股份有限公司搬迁项目_01_修改评估意见.docx
PL010,悍高集团股份有限公司功能拉篮车间搬迁扩建项目,E1,E1-1,"{""section"": ""封面与目录"", ""table_number"": null, ""table_name"": null, ""field_name"": ""国民经济行业类别""}",国民经济行业类别 C3381 金属制厨房用器具制造,,国民经济行业类别 C3381 金属制厨房用器具制造,PL010_悍高集团股份有限公司功能拉篮车间搬迁扩建项目_01_修改评估意见.docx
PL010,悍高集团股份有限公司功能拉篮车间搬迁扩建项目,E4,E4-1,"{""section"": ""二、建设项目工程分析"", ""table_number"": null, ""table_name"": null, ""field_name"": ""工艺流程简述/生产工艺流程""}",复合,,复合的生物法，在池体内设置填料，通过鼓风曝气，填料上生物膜的好氧微生物将废水中的可溶性有机物用作自身繁殖的营养，代谢转化成生物细胞，并氧化成最终产物(主要为CO2和H2O)，污水得到净化。生物接触氧化法是一种高效能的污水生物处理方法，污泥产生量少，不发生污泥膨胀，具有比较高的耐冲击负荷能力。本项目生产废水为前处理废水、喷淋降温废水和挂具清洗废水，主要污染物为pH、CODcr、BOD5、SS、NH3-N、石油类、LAS、总磷等，根据项目废水处理工程方案，生产废水采用“破乳→沉降→气浮→水解酸化→（一级）接触氧化→（（二级）接触氧化→清水池”进行处理后达到广东省地方标准《水污染物排放限值》（DB…,PL010_悍高集团股份有限公司功能拉篮车间搬迁扩建项目_01_修改评估意见.docx
PL011,广东潜龙化工有限公司新建项目,E1,E1-1,"{""section"": ""一、建设项目基本情况"", ""table_number"": null, ""table_name"": null, ""field_name"": ""国民经济行业类别""}",国民经济行业类别 C2661化学试剂和助剂制造,,国民经济行业类别 C2661化学试剂和助剂制造,PL011_广东潜龙化工有限公司新建项目_01_修改评估意见.docx
PL011,广东潜龙化工有限公司新建项目,E4,E4-1,"{""section"": ""二、建设项目工程分析"", ""table_number"": null, ""table_name"": null, ""field_name"": ""工艺流程简述/生产工艺流程""}",投料、搅拌、固化、冷却、包装,,"生产工艺流程图工艺流程说明预处理：项目部分液态原料（如4,4-二氨基二环己基甲烷等）呈粘稠状态不容易被管道输送，因此投料前需使用烘箱预热使其具有良好的流动性后留待后续工序使用。该过程时间为0.5h，加热温度为30~40℃，预处理过程会产生少量有机废气、臭气浓度。投料：将原料按配方比例要求投加搅拌设备中，液态原料通过管道输送投加，固态原料通过人工投加，投料时间为0.5h。项目固态原料主要为结晶状或片状、粒径较大，故人工投加固态原料时产生少量的粉尘。加热、搅拌：因原料中混有固体原料，需加热溶解进行搅拌，加热温度为70~80℃，目的是使原料充分融合同时提高物料的流动性。项目采用搅拌机搅拌方式，将物…",PL011_广东潜龙化工有限公司新建项目_01_修改评估意见.docx
PL012,佛山市瀚铭新材料有限公司新建项目,E1,E1-1,"{""section"": ""一、建设项目基本情况"", ""table_number"": null, ""table_name"": null, ""field_name"": ""国民经济行业类别""}",国民经济行业类别 C2669其他专用化学产品制造,,国民经济行业类别 C2669其他专用化学产品制造,PL012_佛山市瀚铭新材料有限公司新建项目_01_修改评估意见.docx
PL012,佛山市瀚铭新材料有限公司新建项目,E2,E2-1,"{""section"": ""二、建设项目工程分析"", ""table_number"": null, ""table_name"": ""生产设备一览表"", ""field_name"": ""产品名称/备注/产能""}",工艺流程和产排污环节 | 一、项目生产工艺流程如下所示。 1、工艺流程图： 图4工艺流程图及产污环节图工艺说明：本项目光学树脂、硫醇固化剂、巯基聚合物、纳米硅树脂、电子胶生产工序一致。分散：将原辅材料按照配方要求（详见表11），通过人工投料，加入至分散搅拌机中进行分散，分散机速度调到200R/min，对物料搅拌分散。包装：经分散好的成品进行包装。本项目光学树脂生产过程中，季戊四醇四-3-巯基丙酸酯、三羟甲基丙烷三(3-巯基丙酸)酯、聚醚砜为项目主要原料，为外购成品，厂区内不涉及，季戊四醇四-3-巯基丙酸酯、三羟甲基丙烷三(3-巯基丙酸)酯、聚醚砜的加工；辅助材料聚醚胺主要是增加产品弹性和韧性；辅助材料消泡剂主要是消除产品的泡沫，调节产品表面的张力。硫醇固化剂生产过程中，季戊四醇四-3-巯基丙酸酯为项目主要原料，为外购成品，厂区内不涉及季戊四醇四-3-巯基丙酸酯的加工；辅助材料聚醚胺主要是增加产品弹性和韧性；辅助材料叔胺叔胺充当表面活性剂提高产品活性，进而增强与其他粒子接触的机会，即起到补强作用。辅助材料十二烷基酚、流平剂主要是增加产品亮度和光滑性。巯基聚合物生产过程中，三羟甲基丙烷三(3-巯基丙酸)酯为项目主要原料，为外购成品，厂区内不涉及三羟甲基丙烷三(3-巯基丙酸)酯的加工；辅助材料叔胺叔胺充当表面活性剂提高产品活性，进而增强与其他粒子接触的机会，即起到补强作用。辅助材料硅烷偶联剂主要用于提高基胶为表面粘性，硅烷偶联剂决定成品的粘接性能，能够使原料中各粒子的交联密度増大，分子间能够形成较好的三维网状结构，易于提高粘接、力学性能等。纳米硅树脂生产过程中，季戊四醇四-3-巯基丙酸酯、三羟甲基丙烷三(3-巯基丙酸)酯为项目主要原料，为外购成品，厂区内不涉及季戊四醇四-3-巯基丙酸酯、三羟甲基丙烷三(3-巯基丙酸)酯的加工；辅助材料钙粉、色粉均作为填充剂，起到补强作用，纳米钙粉、色粉粒径小，比表面积大，使其位于表面的原子数占相当大的比例，从而提高活性，进而增强与其他粒子接触的机会，即起到补强作用。辅助材料聚醚胺主要是增加产品弹性和韧性；辅助材料消泡剂主要是消除产品的泡沫，调节产品表面的张力。电子胶生产过程中，硅溶胶为项目主要原料，为外购成品，厂区内不涉及硅溶胶的加工；辅助材料硅烷偶联剂主要用于提高基胶为表面粘性，硅烷偶联剂决定成品的粘接性能，能够使原料中各粒子的交联密度増大，分子间能够形成较好的三维网状结构，易于提高粘接、力学性能等。辅助材料叔胺叔胺充当表面活性剂提高产品活性，进而增强与其他粒子接触的机会，即起到补强作用。由建设单位提供的资料，本项目在高速分散搅拌机混合搅拌过程为常温、常压下进行，其液体酸碱度为中性，本项目生产过程仅为原料搅拌混合过程，不涉及化学反应。 3、项目主要产污环节分析项目污染源产生汇总表类别产污工序主要污染物废水员工生活办公生活污水生产过程清洗废水废气投料物料粉尘（颗粒物）、有机废气（TVOC）、恶臭（臭气浓度）分散搅拌有机废气（TVOC）、恶臭（臭气浓度）噪声设备运行各机械设备噪声一般固体废物员工日常生活生活垃圾生产过程废包装材料危险废物生产过程废化学品桶罐废气治理设施废活性炭设备维护含油抹布及手套、废矿物油桶、废矿物油,一、项目生产工艺流程如下所示。 1、工艺流程图： 图4工艺流程图及产污环节图工艺说明：本项目光学树脂、硫醇固化剂、巯基聚合物、纳米硅树脂、电子胶生产工序一致。分散：将原辅材料按照配方要求（详见表11），通过人工投料，加入至分散搅拌机中进行分散，分散机速度调到200R/min，对物料搅拌分散。包装：经分散好的成品进行包装。本项目光学树脂生产过程中，季戊四醇四-3-巯基丙酸酯、三羟甲基丙烷三(3-巯基丙酸)酯、聚醚砜为项目主要原料，为外购成品，厂区内不涉及，季戊四醇四-3-巯基丙酸酯、三羟甲基丙烷三(3-巯基丙酸)酯、聚醚砜的加工；辅助材料聚醚胺主要是增加产品弹性和韧性；辅助材料消泡剂主要是消除产品的泡沫，调节产品表面的张力。硫醇固化剂生产过程中，季戊四醇四-3-巯基丙酸酯为项目主要原料，为外购成品，厂区内不涉及季戊四醇四-3-巯基丙酸酯的加工；辅助材料聚醚胺主要是增加产品弹性和韧性；辅助材料叔胺叔胺充当表面活性剂提高产品活性，进而增强与其他粒子接触的机会，即起到补强作用。辅助材料十二烷基酚、流平剂主要是增加产品亮度和光滑性。巯基聚合物生产过程中，三羟甲基丙烷三(3-巯基丙酸)酯为项目主要原料，为外购成品，厂区内不涉及三羟甲基丙烷三(3-巯基丙酸)酯的加工；辅助材料叔胺叔胺充当表面活性剂提高产品活性，进而增强与其他粒子接触的机会，即起到补强作用。辅助材料硅烷偶联剂主要用于提高基胶为表面粘性，硅烷偶联剂决定成品的粘接性能，能够使原料中各粒子的交联密度増大，分子间能够形成较好的三维网状结构，易于提高粘接、力学性能等。纳米硅树脂生产过程中，季戊四醇四-3-巯基丙酸酯、三羟甲基丙烷三(3-巯基丙酸)酯为项目主要原料，为外购成品，厂区内不涉及季戊四醇四-3-巯基丙酸酯、三羟甲基丙烷三(3-巯基丙酸)酯的加工；辅助材料钙粉、色粉均作为填充剂，起到补强作用，纳米钙粉、色粉粒径小，比表面积大，使其位于表面的原子数占相当大的比例，从而提高活性，进而增强与其他粒子接触的机会，即起到补强作用。辅助材料聚醚胺主要是增加产品弹性和韧性；辅助材料消泡剂主要是消除产品的泡沫，调节产品表面的张力。电子胶生产过程中，硅溶胶为项目主要原料，为外购成品，厂区内不涉及硅溶胶的加工；辅助材料硅烷偶联剂主要用于提高基胶为表面粘性，硅烷偶联剂决定成品的粘接性能，能够使原料中各粒子的交联密度増大，分子间能够形成较好的三维网状结构，易于提高粘接、力学性能等。辅助材料叔胺叔胺充当表面活性剂提高产品活性，进而增强与其他粒子接触的机会，即起到补强作用。由建设单位提供的资料，本项目在高速分散搅拌机混合搅拌过程为常温、常压下进行，其液体酸碱度为中性，本项目生产过程仅为原料搅拌混合过程，不涉及化学反应。 3、项目主要产污环节分析项目污染源产生汇总表类别产污工序主要污染物废水员工生活办公生活污水生产过程清洗废水废气投料物料粉尘（颗粒物）、有机废气（TVOC）、恶臭（臭气浓度）分散搅拌有机废气（TVOC）、恶臭（臭气浓度）噪声设备运行各机械设备噪声一般固体废物员工日常生活生活垃圾生产过程废包装材料危险废物生产过程废化学品桶罐废气治理设施废活性炭设备维护含油抹布及手套、废矿物油桶、废矿物油,工艺流程和产排污环节 | 一、项目生产工艺流程如下所示。 1、工艺流程图： 图4工艺流程图及产污环节图工艺说明：本项目光学树脂、硫醇固化剂、巯基聚合物、纳米硅树脂、电子胶生产工序一致。分散：将原辅材料按照配方要求（详见表11），通过人工投料，加入至分散搅拌机中进行分散，分散机速度调到200R/min，对物料搅拌分散。包装：经分散好的成品进行包装。本项目光学树脂生产过程中，季戊四醇四-3-巯基丙酸酯、三羟甲基丙烷三(3-巯基丙酸)酯、聚醚砜为项目主要原料，为外购成品，厂区内不涉及，季戊四醇四-3-巯基丙酸酯、三羟甲基丙烷三(3-巯基丙酸)酯、聚醚砜的加工；辅助材料聚醚胺主要是增加产品弹性和韧性…,PL012_佛山市瀚铭新材料有限公司新建项目_01_修改评估意见.docx
PL012,佛山市瀚铭新材料有限公司新建项目,E2,E2-2,"{""section"": ""二、建设项目工程分析"", ""table_number"": null, ""table_name"": ""生产设备一览表"", ""field_name"": ""产品名称/备注/产能""}",与项目有关的原有环境污染问题 | 本项目为新建项目，租用已建的工业厂房简单装修后进行生产，无与项目有关的原有环境污染问题。,本项目为新建项目，租用已建的工业厂房简单装修后进行生产，无与项目有关的原有环境污染问题。,与项目有关的原有环境污染问题 | 本项目为新建项目，租用已建的工业厂房简单装修后进行生产，无与项目有关的原有环境污染问题。,PL012_佛山市瀚铭新材料有限公司新建项目_01_修改评估意见.docx
PL012,佛山市瀚铭新材料有限公司新建项目,E3,E3-1,"{""section"": ""二、建设项目工程分析"", ""table_number"": null, ""table_name"": null, ""field_name"": ""物料名称""}",1 | 光学树脂 | 季戊四醇四-3-巯基丙酸酯 | 30% | 180.0038,,1 | 光学树脂 | 季戊四醇四-3-巯基丙酸酯 | 30% | 180.0038,PL012_佛山市瀚铭新材料有限公司新建项目_01_修改评估意见.docx
PL012,佛山市瀚铭新材料有限公司新建项目,E3,E3-2,"{""section"": ""二、建设项目工程分析"", ""table_number"": null, ""table_name"": null, ""field_name"": ""物料名称""}", |  | 三羟甲基丙烷三(3-巯基丙酸)酯 | 28% | 168.0035,,| | 三羟甲基丙烷三(3-巯基丙酸)酯 | 28% | 168.0035,PL012_佛山市瀚铭新材料有限公司新建项目_01_修改评估意见.docx
PL012,佛山市瀚铭新材料有限公司新建项目,E3,E3-3,"{""section"": ""二、建设项目工程分析"", ""table_number"": null, ""table_name"": null, ""field_name"": ""物料名称""}", |  | 消泡剂 | 1% | 6.0001,,| | 消泡剂 | 1% | 6.0001,PL012_佛山市瀚铭新材料有限公司新建项目_01_修改评估意见.docx
PL012,佛山市瀚铭新材料有限公司新建项目,E3,E3-4,"{""section"": ""二、建设项目工程分析"", ""table_number"": null, ""table_name"": null, ""field_name"": ""物料名称""}", |  | 聚醚砜 | 40% | 240.0530,,| | 聚醚砜 | 40% | 240.0530,PL012_佛山市瀚铭新材料有限公司新建项目_01_修改评估意见.docx
PL012,佛山市瀚铭新材料有限公司新建项目,E3,E3-5,"{""section"": ""二、建设项目工程分析"", ""table_number"": null, ""table_name"": null, ""field_name"": ""物料名称""}", |  | 聚醚胺 | 1% | 6.0001,,| | 聚醚胺 | 1% | 6.0001,PL012_佛山市瀚铭新材料有限公司新建项目_01_修改评估意见.docx
PL012,佛山市瀚铭新材料有限公司新建项目,E3,E3-6,"{""section"": ""二、建设项目工程分析"", ""table_number"": null, ""table_name"": null, ""field_name"": ""物料名称""}",2 | 硫醇固化剂 | 季戊四醇四-3-巯基丙酸酯 | 63% | 226.8047,,2 | 硫醇固化剂 | 季戊四醇四-3-巯基丙酸酯 | 63% | 226.8047,PL012_佛山市瀚铭新材料有限公司新建项目_01_修改评估意见.docx
PL012,佛山市瀚铭新材料有限公司新建项目,E3,E3-7,"{""section"": ""二、建设项目工程分析"", ""table_number"": null, ""table_name"": null, ""field_name"": ""物料名称""}", |  | 流平剂 | 10% | 36.0008,,| | 流平剂 | 10% | 36.0008,PL012_佛山市瀚铭新材料有限公司新建项目_01_修改评估意见.docx
PL012,佛山市瀚铭新材料有限公司新建项目,E3,E3-8,"{""section"": ""二、建设项目工程分析"", ""table_number"": null, ""table_name"": null, ""field_name"": ""物料名称""}", |  | 聚醚胺 | 2% | 7.2002,,| | 聚醚胺 | 2% | 7.2002,PL012_佛山市瀚铭新材料有限公司新建项目_01_修改评估意见.docx
PL012,佛山市瀚铭新材料有限公司新建项目,E3,E3-9,"{""section"": ""二、建设项目工程分析"", ""table_number"": null, ""table_name"": null, ""field_name"": ""物料名称""}", |  | 叔胺 | 5% | 18.0004,,| | 叔胺 | 5% | 18.0004,PL012_佛山市瀚铭新材料有限公司新建项目_01_修改评估意见.docx
PL012,佛山市瀚铭新材料有限公司新建项目,E3,E3-10,"{""section"": ""二、建设项目工程分析"", ""table_number"": null, ""table_name"": null, ""field_name"": ""物料名称""}", |  | 十二烷基酚 | 20% | 72.0015,,| | 十二烷基酚 | 20% | 72.0015,PL012_佛山市瀚铭新材料有限公司新建项目_01_修改评估意见.docx
PL012,佛山市瀚铭新材料有限公司新建项目,E3,E3-11,"{""section"": ""二、建设项目工程分析"", ""table_number"": null, ""table_name"": null, ""field_name"": ""物料名称""}",3 | 巯基聚合物 | 三羟甲基丙烷三(3-巯基丙酸)酯 | 80% | 96.0020,,3 | 巯基聚合物 | 三羟甲基丙烷三(3-巯基丙酸)酯 | 80% | 96.0020,PL012_佛山市瀚铭新材料有限公司新建项目_01_修改评估意见.docx
PL012,佛山市瀚铭新材料有限公司新建项目,E3,E3-12,"{""section"": ""二、建设项目工程分析"", ""table_number"": null, ""table_name"": null, ""field_name"": ""物料名称""}", |  | 硅烷偶联剂 | 10% | 12.0003,,| | 硅烷偶联剂 | 10% | 12.0003,PL012_佛山市瀚铭新材料有限公司新建项目_01_修改评估意见.docx
PL012,佛山市瀚铭新材料有限公司新建项目,E3,E3-13,"{""section"": ""二、建设项目工程分析"", ""table_number"": null, ""table_name"": null, ""field_name"": ""物料名称""}", |  | 叔胺 | 10% | 12.0003,,| | 叔胺 | 10% | 12.0003,PL012_佛山市瀚铭新材料有限公司新建项目_01_修改评估意见.docx
PL012,佛山市瀚铭新材料有限公司新建项目,E3,E3-14,"{""section"": ""二、建设项目工程分析"", ""table_number"": null, ""table_name"": null, ""field_name"": ""物料名称""}",4 | 纳米硅树脂 | 季戊四醇四-3-巯基丙酸酯 | 28% | 33.6007,,4 | 纳米硅树脂 | 季戊四醇四-3-巯基丙酸酯 | 28% | 33.6007,PL012_佛山市瀚铭新材料有限公司新建项目_01_修改评估意见.docx
PL012,佛山市瀚铭新材料有限公司新建项目,E3,E3-15,"{""section"": ""二、建设项目工程分析"", ""table_number"": null, ""table_name"": null, ""field_name"": ""物料名称""}", |  | 三羟甲基丙烷三(3-巯基丙酸)酯 | 28% | 33.6007,,| | 三羟甲基丙烷三(3-巯基丙酸)酯 | 28% | 33.6007,PL012_佛山市瀚铭新材料有限公司新建项目_01_修改评估意见.docx
PL012,佛山市瀚铭新材料有限公司新建项目,E3,E3-16,"{""section"": ""二、建设项目工程分析"", ""table_number"": null, ""table_name"": null, ""field_name"": ""物料名称""}", |  | 消泡剂 | 11% | 12.6003,,| | 消泡剂 | 11% | 12.6003,PL012_佛山市瀚铭新材料有限公司新建项目_01_修改评估意见.docx
PL012,佛山市瀚铭新材料有限公司新建项目,E3,E3-17,"{""section"": ""二、建设项目工程分析"", ""table_number"": null, ""table_name"": null, ""field_name"": ""物料名称""}", |  | 聚醚胺 | 4% | 4.2001,,| | 聚醚胺 | 4% | 4.2001,PL012_佛山市瀚铭新材料有限公司新建项目_01_修改评估意见.docx
PL012,佛山市瀚铭新材料有限公司新建项目,E3,E3-18,"{""section"": ""二、建设项目工程分析"", ""table_number"": null, ""table_name"": null, ""field_name"": ""物料名称""}", |  | 钙粉 | 15% | 18.0064,,| | 钙粉 | 15% | 18.0064,PL012_佛山市瀚铭新材料有限公司新建项目_01_修改评估意见.docx
PL012,佛山市瀚铭新材料有限公司新建项目,E3,E3-19,"{""section"": ""二、建设项目工程分析"", ""table_number"": null, ""table_name"": null, ""field_name"": ""物料名称""}", |  | 色粉 | 15% | 18.0064,,| | 色粉 | 15% | 18.0064,PL012_佛山市瀚铭新材料有限公司新建项目_01_修改评估意见.docx
PL012,佛山市瀚铭新材料有限公司新建项目,E3,E3-20,"{""section"": ""二、建设项目工程分析"", ""table_number"": null, ""table_name"": null, ""field_name"": ""物料名称""}",5 | 电子胶 | 硅溶胶 | 80% | 160.0034,,5 | 电子胶 | 硅溶胶 | 80% | 160.0034,PL012_佛山市瀚铭新材料有限公司新建项目_01_修改评估意见.docx
PL012,佛山市瀚铭新材料有限公司新建项目,E3,E3-21,"{""section"": ""二、建设项目工程分析"", ""table_number"": null, ""table_name"": null, ""field_name"": ""物料名称""}", |  | 硅烷偶联剂 | 15% | 30.0006,,| | 硅烷偶联剂 | 15% | 30.0006,PL012_佛山市瀚铭新材料有限公司新建项目_01_修改评估意见.docx
PL012,佛山市瀚铭新材料有限公司新建项目,E3,E3-22,"{""section"": ""二、建设项目工程分析"", ""table_number"": null, ""table_name"": null, ""field_name"": ""物料名称""}", |  | 叔胺 | 5% | 10.0002,,| | 叔胺 | 5% | 10.0002,PL012_佛山市瀚铭新材料有限公司新建项目_01_修改评估意见.docx
PL012,佛山市瀚铭新材料有限公司新建项目,E4,E4-1,"{""section"": ""二、建设项目工程分析"", ""table_number"": null, ""table_name"": null, ""field_name"": ""工艺流程简述/生产工艺流程""}",投料、分散、搅拌、固化、包装,,生产工艺流程如下所示。 1、工艺流程图： 图4工艺流程图及产污环节图工艺说明：本项目光学树脂、硫醇固化剂、巯基聚合物、纳米硅树脂、电子胶生产工序一致。分散：将原辅材料按照配方要求（详见表11），通过人工投料，加入至分散搅拌机中进行分散，分散机速度调到200R/min，对物料搅拌分散。包装：经分散好的成品进行包装。本项目光学树脂生产过程中，季戊四醇四-3-巯基丙酸酯、三羟甲基丙烷三(3-巯基丙酸)酯、聚醚砜为项目主要原料，为外购成品，厂区内不涉及，季戊四醇四-3-巯基丙酸酯、三羟甲基丙烷三(3-巯基丙酸)酯、聚醚砜的加工；辅助材料聚醚胺主要是增加产品弹性和韧性；辅助材料消泡剂主要是消除产品的泡…,PL012_佛山市瀚铭新材料有限公司新建项目_01_修改评估意见.docx
PL013,佛山市顺德区百洛电器有限公司迁扩建项目,E1,E1-1,"{""section"": ""一、建设项目基本情况"", ""table_number"": null, ""table_name"": null, ""field_name"": ""国民经济行业类别""}",国民经济行业类别 C3854家用厨房电器具制造,,国民经济行业类别 C3854家用厨房电器具制造,PL013_佛山市顺德区百洛电器有限公司迁扩建项目_01_修改评估意见.docx
PL013,佛山市顺德区百洛电器有限公司迁扩建项目,E2,E2-1,"{""section"": ""二、建设项目工程分析"", ""table_number"": null, ""table_name"": null, ""field_name"": ""产品名称/备注/产能""}",波峰焊机 | 3 | 210 | 2400 | 151.2 | 140 | 助焊剂 | 2.56 | 3.584 | 3.6,3,波峰焊机 | 3 | 210 | 2400 | 151.2 | 140 | 助焊剂 | 2.56 | 3.584 | 3.6,PL013_佛山市顺德区百洛电器有限公司迁扩建项目_01_修改评估意见.docx
PL013,佛山市顺德区百洛电器有限公司迁扩建项目,E2,E2-2,"{""section"": ""二、建设项目工程分析"", ""table_number"": null, ""table_name"": null, ""field_name"": ""产品名称/备注/产能""}",回流焊 | 1 | 650 | 2400 | 156 | 140 | 无铅锡膏 | 0.08 | 0.112 | 0.12,1,回流焊 | 1 | 650 | 2400 | 156 | 140 | 无铅锡膏 | 0.08 | 0.112 | 0.12,PL013_佛山市顺德区百洛电器有限公司迁扩建项目_01_修改评估意见.docx
PL013,佛山市顺德区百洛电器有限公司迁扩建项目,E2,E2-3,"{""section"": ""二、建设项目工程分析"", ""table_number"": null, ""table_name"": null, ""field_name"": ""产品名称/备注/产能""}",自动点胶机 | 1 | 620 | 2400 | 148.8 | 140 | 红胶 | 0.06 | 0.084 | 0.084,1,自动点胶机 | 1 | 620 | 2400 | 148.8 | 140 | 红胶 | 0.06 | 0.084 | 0.084,PL013_佛山市顺德区百洛电器有限公司迁扩建项目_01_修改评估意见.docx
PL013,佛山市顺德区百洛电器有限公司迁扩建项目,E2,E2-4,"{""section"": ""二、建设项目工程分析"", ""table_number"": null, ""table_name"": null, ""field_name"": ""产品名称/备注/产能""}",备注：1、项目需加工产品量为电磁炉、电陶炉产量总和；2、设备年产量较申报产能偏大主要受生产过程中设备调试、维护、维修等情况影响，用量偏差在可接受范围内。,,备注：1、项目需加工产品量为电磁炉、电陶炉产量总和；2、设备年产量较申报产能偏大主要受生产过程中设备调试、维护、维修等情况影响，用量偏差在可接受范围内。,PL013_佛山市顺德区百洛电器有限公司迁扩建项目_01_修改评估意见.docx
PL013,佛山市顺德区百洛电器有限公司迁扩建项目,E3,E3-1,"{""section"": ""二、建设项目工程分析"", ""table_number"": null, ""table_name"": null, ""field_name"": ""物料名称""}",1 | 无铅锡膏 | 松脂 | 3.6-5.4 | 11%（110g/kg） | / | /,,1 | 无铅锡膏 | 松脂 | 3.6-5.4 | 11%（110g/kg） | / | /,PL013_佛山市顺德区百洛电器有限公司迁扩建项目_01_修改评估意见.docx
PL013,佛山市顺德区百洛电器有限公司迁扩建项目,E3,E3-2,"{""section"": ""二、建设项目工程分析"", ""table_number"": null, ""table_name"": null, ""field_name"": ""物料名称""}",2 | 助焊剂 | 异丙醇 | 85~99 | 密度0.815g/cm3，挥发系数99.2%，则VOCs含量808g/L | / | /,,2 | 助焊剂 | 异丙醇 | 85~99 | 密度0.815g/cm3，挥发系数99.2%，则VOCs含量808g/L | / | /,PL013_佛山市顺德区百洛电器有限公司迁扩建项目_01_修改评估意见.docx
PL013,佛山市顺德区百洛电器有限公司迁扩建项目,E3,E3-3,"{""section"": ""二、建设项目工程分析"", ""table_number"": null, ""table_name"": null, ""field_name"": ""物料名称""}",3 | 三防漆* | 组合树脂 | 75.2% | 24.8%（233g/L） | / | /,,3 | 三防漆* | 组合树脂 | 75.2% | 24.8%（233g/L） | / | /,PL013_佛山市顺德区百洛电器有限公司迁扩建项目_01_修改评估意见.docx
PL013,佛山市顺德区百洛电器有限公司迁扩建项目,E3,E3-4,"{""section"": ""四、主要环境影响和保护措施"", ""table_number"": null, ""table_name"": null, ""field_name"": ""物料名称""}",1 | 废机油 | HW08废矿物油与含矿物油废物 | 900-249-08 | 0.1 | 设备维护 | 液态 | 机油 | 机油 | T，I | 密封贮存于危险废物暂存区，交由具有危险废物处理处置资质的第三方单位处理,,1 | 废机油 | HW08废矿物油与含矿物油废物 | 900-249-08 | 0.1 | 设备维护 | 液态 | 机油 | 机油 | T，I | 密封贮存于危险废物暂存区，交由具有危险废物处理处置资质的第三方单位处理,PL013_佛山市顺德区百洛电器有限公司迁扩建项目_01_修改评估意见.docx
PL013,佛山市顺德区百洛电器有限公司迁扩建项目,E3,E3-5,"{""section"": ""四、主要环境影响和保护措施"", ""table_number"": null, ""table_name"": null, ""field_name"": ""物料名称""}",2 | 废油桶 | HW08废矿物油与含矿物油废物 | 900-249-08 | 0.001 | 设备维护 | 固态 | 机油 | 机油 | T，I | ,,2 | 废油桶 | HW08废矿物油与含矿物油废物 | 900-249-08 | 0.001 | 设备维护 | 固态 | 机油 | 机油 | T，I |,PL013_佛山市顺德区百洛电器有限公司迁扩建项目_01_修改评估意见.docx
PL013,佛山市顺德区百洛电器有限公司迁扩建项目,E3,E3-6,"{""section"": ""四、主要环境影响和保护措施"", ""table_number"": null, ""table_name"": null, ""field_name"": ""物料名称""}",3 | 废含油手套抹布 | HW49其他废物 | 900-041-49 | 0.002 | 设备维护 | 固态 | 机油、布料 | 机油 | T，I | ,,3 | 废含油手套抹布 | HW49其他废物 | 900-041-49 | 0.002 | 设备维护 | 固态 | 机油、布料 | 机油 | T，I |,PL013_佛山市顺德区百洛电器有限公司迁扩建项目_01_修改评估意见.docx
PL013,佛山市顺德区百洛电器有限公司迁扩建项目,E3,E3-7,"{""section"": ""四、主要环境影响和保护措施"", ""table_number"": null, ""table_name"": null, ""field_name"": ""物料名称""}",4 | 化工原料包装桶 | HW49其他废物 | 900-041-49 | 0.065 | 原辅材料外包装 | 固态 | 各化工原料、包装桶/罐 | 各化工原料 | T/In | ,,4 | 化工原料包装桶 | HW49其他废物 | 900-041-49 | 0.065 | 原辅材料外包装 | 固态 | 各化工原料、包装桶/罐 | 各化工原料 | T/In |,PL013_佛山市顺德区百洛电器有限公司迁扩建项目_01_修改评估意见.docx
PL013,佛山市顺德区百洛电器有限公司迁扩建项目,E3,E3-8,"{""section"": ""四、主要环境影响和保护措施"", ""table_number"": null, ""table_name"": null, ""field_name"": ""物料名称""}",5 | 废活性炭 | HW49其他废物 | 900-039-49 | 5.152 | 废气处理 | 固态 | 活性炭、有机废气 | 有机废气 | T | ,,5 | 废活性炭 | HW49其他废物 | 900-039-49 | 5.152 | 废气处理 | 固态 | 活性炭、有机废气 | 有机废气 | T |,PL013_佛山市顺德区百洛电器有限公司迁扩建项目_01_修改评估意见.docx
PL013,佛山市顺德区百洛电器有限公司迁扩建项目,E3,E3-9,"{""section"": ""四、主要环境影响和保护措施"", ""table_number"": null, ""table_name"": null, ""field_name"": ""物料名称""}","合计 | 5.32 | 备注：危险特性：毒性（Toxicity, T）、易燃性（Ignitability, I）",,"合计 | 5.32 | 备注：危险特性：毒性（Toxicity, T）、易燃性（Ignitability, I）",PL013_佛山市顺德区百洛电器有限公司迁扩建项目_01_修改评估意见.docx
PL013,佛山市顺德区百洛电器有限公司迁扩建项目,E4,E4-1,"{""section"": ""二、建设项目工程分析"", ""table_number"": null, ""table_name"": null, ""field_name"": ""工艺流程简述/生产工艺流程""}",包装,,生产工艺流程图2、产污环节表2-11 项目产污环节汇总表序号污染类别污染物名称主要污染因子产生环节处理排放方式1废气刷三防漆、烘干废气VOCs、臭气浓度刷三防漆、烘干有机废气、锡及其化合物和臭气浓度经收集通过“二级活性炭吸附”设施处理，最后通过G2排气筒（25m）排放。2回流焊、波峰焊、补焊废气VOCs、锡及其化合物、臭气浓度焊接3废水生活污水pH、CODCr、BOD5、NH3-N、总磷、SS等员工生活经三级化粪预处理后排入伦教污水处理厂。4固废生活垃圾生活垃圾员工生活集中收集后交由环卫部门处理。5废包装袋一般固废原料使用定期交由废品回收商处理。6废锡渣生产过程7废机油危险废物设备维护定期交…,PL013_佛山市顺德区百洛电器有限公司迁扩建项目_01_修改评估意见.docx
PL014,佛山市顺德区蓝顿涂料有限公司迁建项目,E1,E1-1,"{""section"": ""一、建设项目基本情况"", ""table_number"": null, ""table_name"": null, ""field_name"": ""国民经济行业类别""}",国民经济行业类别 C2641涂料制造,,国民经济行业类别 C2641涂料制造,PL014_佛山市顺德区蓝顿涂料有限公司迁建项目_01_修改评估意见.docx
PL014,佛山市顺德区蓝顿涂料有限公司迁建项目,E2,E2-1,"{""section"": ""一、建设项目基本情况"", ""table_number"": null, ""table_name"": null, ""field_name"": ""产品名称/备注/产能""}",1 | UV涂料 | 吨/年 | 2500 | -1160.9 | 1339.1 | 主要用于木质基材的辊涂，部分UV涂料用于色浆的生产,主要用于木质基材的辊涂，部分UV涂料用于色浆的生产,1 | UV涂料 | 吨/年 | 2500 | -1160.9 | 1339.1 | 主要用于木质基材的辊涂，部分UV涂料用于色浆的生产,PL014_佛山市顺德区蓝顿涂料有限公司迁建项目_01_修改评估意见.docx
PL014,佛山市顺德区蓝顿涂料有限公司迁建项目,E2,E2-2,"{""section"": ""一、建设项目基本情况"", ""table_number"": null, ""table_name"": null, ""field_name"": ""产品名称/备注/产能""}",2 | 水性涂料 | 吨/年 | 500 | +844 | 1344 | 主要用于木器喷涂,主要用于木器喷涂,2 | 水性涂料 | 吨/年 | 500 | +844 | 1344 | 主要用于木器喷涂,PL014_佛山市顺德区蓝顿涂料有限公司迁建项目_01_修改评估意见.docx
PL014,佛山市顺德区蓝顿涂料有限公司迁建项目,E2,E2-3,"{""section"": ""一、建设项目基本情况"", ""table_number"": null, ""table_name"": null, ""field_name"": ""产品名称/备注/产能""}",3 | 色浆 | 吨/年 | 6.5 | +0.5 | 7 | 主要用于涂料调色,主要用于涂料调色,3 | 色浆 | 吨/年 | 6.5 | +0.5 | 7 | 主要用于涂料调色,PL014_佛山市顺德区蓝顿涂料有限公司迁建项目_01_修改评估意见.docx
PL014,佛山市顺德区蓝顿涂料有限公司迁建项目,E4,E4-1,"{""section"": ""二、建设项目工程分析"", ""table_number"": null, ""table_name"": null, ""field_name"": ""工艺流程简述/生产工艺流程""}",投料、分散、搅拌、研磨、过滤、包装,,生产工艺流程迁建后项目UV涂料工艺流程具体流程见图2-3。 图2-3 迁建后项目UV涂料工艺流程及产污环节示意图迁建后UV涂料工艺流程说明：项目外购聚酯丙烯酸酯、环氧丙烯酸酯、光引发剂、UV助剂按照产品所需成品比例进行人工投料进入搅拌桶中，然后使用分散机慢速搅拌，搅拌均匀后再投入UV单体TPGDA、UV单体HDDA进行快速分散搅拌，单批次分散时间为8h，分散状态为常温，期间不产生化学反应，分散完成后，项目会随机对不同批次的成品进行抽检，使用辊涂机和干燥机进行抽检。分散抽检合格的UV涂料使用包装机和空压机进行包装，即形成成品。 迁建后项目水性涂料工艺流程具体流程见图2-4。 图2-4 迁建后项…,PL014_佛山市顺德区蓝顿涂料有限公司迁建项目_01_修改评估意见.docx
PL015,佛山市镪优金属制品有限公司迁扩建项目,E1,E1-1,"{""section"": ""一、建设项目基本情况"", ""table_number"": null, ""table_name"": null, ""field_name"": ""国民经济行业类别""}",国民经济行业类别 C3360金属表面处理及热处理加工,,国民经济行业类别 C3360金属表面处理及热处理加工,PL015_佛山市镪优金属制品有限公司迁扩建项目_01_修改评估意见.docx
PL015,佛山市镪优金属制品有限公司迁扩建项目,E2,E2-1,"{""section"": ""二、建设项目工程分析"", ""table_number"": null, ""table_name"": null, ""field_name"": ""产品名称/备注/产能""}",充电桩箱体 | 万套/年 | 0.1 | 3 | +2.9 | 单层喷粉，内外涂 | 外型近似长方体，产品尺寸：1600mm*400mm*500mm,外型近似长方体，产品尺寸：1600mm*400mm*500mm,充电桩箱体 | 万套/年 | 0.1 | 3 | +2.9 | 单层喷粉，内外涂 | 外型近似长方体，产品尺寸：1600mm*400mm*500mm,PL015_佛山市镪优金属制品有限公司迁扩建项目_01_修改评估意见.docx
PL015,佛山市镪优金属制品有限公司迁扩建项目,E2,E2-2,"{""section"": ""二、建设项目工程分析"", ""table_number"": null, ""table_name"": null, ""field_name"": ""产品名称/备注/产能""}",3D打印机箱体 | 万套/年 | 1.2 | 30 | +28.8 | 单层喷粉，内外涂 | 外型近似长方体，产品尺寸：800mm*400mm*400mm,外型近似长方体，产品尺寸：800mm*400mm*400mm,3D打印机箱体 | 万套/年 | 1.2 | 30 | +28.8 | 单层喷粉，内外涂 | 外型近似长方体，产品尺寸：800mm*400mm*400mm,PL015_佛山市镪优金属制品有限公司迁扩建项目_01_修改评估意见.docx
PL015,佛山市镪优金属制品有限公司迁扩建项目,E2,E2-3,"{""section"": ""二、建设项目工程分析"", ""table_number"": null, ""table_name"": null, ""field_name"": ""产品名称/备注/产能""}",功放机箱体 | 万套/年 | 1 | 25 | +24 | 单层喷粉，内外涂 | 外型近似长方体，产品尺寸：500mm*300mm*200mm,外型近似长方体，产品尺寸：500mm*300mm*200mm,功放机箱体 | 万套/年 | 1 | 25 | +24 | 单层喷粉，内外涂 | 外型近似长方体，产品尺寸：500mm*300mm*200mm,PL015_佛山市镪优金属制品有限公司迁扩建项目_01_修改评估意见.docx
PL015,佛山市镪优金属制品有限公司迁扩建项目,E3,E3-1,"{""section"": ""二、建设项目工程分析"", ""table_number"": null, ""table_name"": null, ""field_name"": ""物料名称""}",基本信息 | 建设地点 | 位于佛山市顺德区杏坛镇麦村七滘工业区九路36号之三，占地面积2880m2，建筑面积2880m2 | 位于佛山市顺德区杏坛镇逢简工业区横二路3号厂区3号车间，占地面积3795m2，建筑面积3795m2,,基本信息 | 建设地点 | 位于佛山市顺德区杏坛镇麦村七滘工业区九路36号之三，占地面积2880m2，建筑面积2880m2 | 位于佛山市顺德区杏坛镇逢简工业区横二路3号厂区3号车间，占地面积3795m2，建筑面积3795m2,PL015_佛山市镪优金属制品有限公司迁扩建项目_01_修改评估意见.docx
PL015,佛山市镪优金属制品有限公司迁扩建项目,E3,E3-2,"{""section"": ""二、建设项目工程分析"", ""table_number"": null, ""table_name"": null, ""field_name"": ""物料名称""}", | 生产工艺 | 主要有钻孔、焊接、除油、表调、陶化、清洗、烘干、喷粉、固化等 | 主要有钻孔、焊接、除油、陶化、清洗烘干、喷粉、固化等,,| 生产工艺 | 主要有钻孔、焊接、除油、表调、陶化、清洗、烘干、喷粉、固化等 | 主要有钻孔、焊接、除油、陶化、清洗烘干、喷粉、固化等,PL015_佛山市镪优金属制品有限公司迁扩建项目_01_修改评估意见.docx
PL015,佛山市镪优金属制品有限公司迁扩建项目,E3,E3-3,"{""section"": ""二、建设项目工程分析"", ""table_number"": null, ""table_name"": null, ""field_name"": ""物料名称""}",主体工程 | 生产车间 | 约1500m2，建设有1条手动前处理线+喷粉线，主要工序有除油、表调、陶化、清洗、烘干、喷粉、固化以及机加工等 | 约2000m2，拟建设3条自动前处理线+喷粉线以及1条手动前处理线，主要工序有除油、陶化、清洗、烘干、喷粉、固化等,,主体工程 | 生产车间 | 约1500m2，建设有1条手动前处理线+喷粉线，主要工序有除油、表调、陶化、清洗、烘干、喷粉、固化以及机加工等 | 约2000m2，拟建设3条自动前处理线+喷粉线以及1条手动前处理线，主要工序有除油、陶化、清洗、烘干、喷粉、固化等,PL015_佛山市镪优金属制品有限公司迁扩建项目_01_修改评估意见.docx
PL015,佛山市镪优金属制品有限公司迁扩建项目,E3,E3-4,"{""section"": ""二、建设项目工程分析"", ""table_number"": null, ""table_name"": null, ""field_name"": ""物料名称""}", | 机加工区 | / | 约100m2，用于产品的机加工，主要工序有钻孔和焊接,,| 机加工区 | / | 约100m2，用于产品的机加工，主要工序有钻孔和焊接,PL015_佛山市镪优金属制品有限公司迁扩建项目_01_修改评估意见.docx
PL015,佛山市镪优金属制品有限公司迁扩建项目,E3,E3-5,"{""section"": ""二、建设项目工程分析"", ""table_number"": null, ""table_name"": null, ""field_name"": ""物料名称""}",仓储工程 | 普通仓库 | 约400m2，储存原辅材料和产品 | 约1345m2，储存原辅材料和产品,,仓储工程 | 普通仓库 | 约400m2，储存原辅材料和产品 | 约1345m2，储存原辅材料和产品,PL015_佛山市镪优金属制品有限公司迁扩建项目_01_修改评估意见.docx
PL015,佛山市镪优金属制品有限公司迁扩建项目,E3,E3-6,"{""section"": ""二、建设项目工程分析"", ""table_number"": null, ""table_name"": null, ""field_name"": ""物料名称""}", | 化学品仓库 | / | 约50m2，储存除油剂、陶化剂、粉末涂料等化学用品,,| 化学品仓库 | / | 约50m2，储存除油剂、陶化剂、粉末涂料等化学用品,PL015_佛山市镪优金属制品有限公司迁扩建项目_01_修改评估意见.docx
PL015,佛山市镪优金属制品有限公司迁扩建项目,E3,E3-7,"{""section"": ""二、建设项目工程分析"", ""table_number"": null, ""table_name"": null, ""field_name"": ""物料名称""}",辅助工程 | 办公室 | 约100m2，供日常办公使用 | 约300m2，供日常办公使用,,辅助工程 | 办公室 | 约100m2，供日常办公使用 | 约300m2，供日常办公使用,PL015_佛山市镪优金属制品有限公司迁扩建项目_01_修改评估意见.docx
PL015,佛山市镪优金属制品有限公司迁扩建项目,E3,E3-8,"{""section"": ""二、建设项目工程分析"", ""table_number"": null, ""table_name"": null, ""field_name"": ""物料名称""}",公用工程 | 给排水系统 | 供水来源为市政自来水，生活污水经独立的生活污水处理设施处理后排入附近内河涌。生产废水处理后回用，不外排 | 供水来源为市政自来水，生活污水和生产废水预处理后排入逢简工业园废水处理站，尾水排入见龙涌,,公用工程 | 给排水系统 | 供水来源为市政自来水，生活污水经独立的生活污水处理设施处理后排入附近内河涌。生产废水处理后回用，不外排 | 供水来源为市政自来水，生活污水和生产废水预处理后排入逢简工业园废水处理站，尾水排入见龙涌,PL015_佛山市镪优金属制品有限公司迁扩建项目_01_修改评估意见.docx
PL015,佛山市镪优金属制品有限公司迁扩建项目,E3,E3-9,"{""section"": ""二、建设项目工程分析"", ""table_number"": null, ""table_name"": null, ""field_name"": ""物料名称""}", | 供电系统 | 市政供电，供应生产用电和办公用电 | 市政供电，供应生产用电和办公用电,,| 供电系统 | 市政供电，供应生产用电和办公用电 | 市政供电，供应生产用电和办公用电,PL015_佛山市镪优金属制品有限公司迁扩建项目_01_修改评估意见.docx
PL015,佛山市镪优金属制品有限公司迁扩建项目,E4,E4-1,"{""section"": ""二、建设项目工程分析"", ""table_number"": null, ""table_name"": null, ""field_name"": ""工艺流程简述/生产工艺流程""}",固化、冷却,,工艺流程简述（图示）：图2-2 项目生产工艺流程及产污环节示意图工艺流程说明：1、钻孔、焊接：项目加工工件绝大多数均为成品箱体，来料后即可进行表面加工处理。少量箱体工件在运输时损坏或存在生产瑕疵，需开孔和焊接维修处理。2、除油：自动前处理线的除油工序采用自动线喷淋的方式进行，而手动前处理线采用浸泡的方式进行。槽液中除油剂的质量浓度约为5%左右，工艺温度为常温，工艺时长约0.5-2分钟。除油工序目的是为了去除工件表面油脂。3、陶化：自动前处理线的陶化工序采用自动线喷淋的方式进行，而手动前处理线采用浸泡的方式进行。槽液中陶化剂的质量浓度约为2-3%左右，工艺温度为常温，工艺时长约1-3分钟。该工…,PL015_佛山市镪优金属制品有限公司迁扩建项目_01_修改评估意见.docx
PL056,佛山市祖帮海绵有限公司新建项目,E1,E1-1,"{""section"": ""一、建设项目基本情况"", ""table_number"": null, ""table_name"": null, ""field_name"": ""国民经济行业类别""}",国民经济行业类别 C2924 泡沫塑料制造,,国民经济行业类别 C2924 泡沫塑料制造,PL056_佛山市祖帮海绵有限公司新建项目_02_报批稿或报告表.docx
PL056,佛山市祖帮海绵有限公司新建项目,E2,E2-1,"{""section"": ""二、建设项目工程分析"", ""table_number"": null, ""table_name"": null, ""field_name"": ""产品名称/备注/产能""}",1 | 海绵 | 高密度 | 吨/年 | 802.91 | 全自动发泡生产线年产751.96吨，半自动发泡生产线年产50.95吨,802.91,1 | 海绵 | 高密度 | 吨/年 | 802.91 | 全自动发泡生产线年产751.96吨，半自动发泡生产线年产50.95吨,PL056_佛山市祖帮海绵有限公司新建项目_02_报批稿或报告表.docx
PL056,佛山市祖帮海绵有限公司新建项目,E3,E3-1,"{""section"": ""附表"", ""table_number"": null, ""table_name"": null, ""field_name"": ""物料名称""}","1 | 甲苯二异氰酸酯（TDI） | 甲苯-2,4-二异氰酸酯 | 584-84-9 | 急性毒性-吸入，类别2*皮肤腐蚀/刺激，类别2严重眼损伤/眼刺激，类别2呼吸道致敏物，类别1皮肤致敏物，类别1致癌性，类别2特异性靶器官毒性-一次接触，类别3（呼吸道刺激）危害水生环境-长期危害，类别3 | TDI仓库，250kg/铁桶 | 是 | 表B.1序号166：甲苯-2,4-二异氰酸酯（TDI） | 8 | 5 | 1.6",,"1 | 甲苯二异氰酸酯（TDI） | 甲苯-2,4-二异氰酸酯 | 584-84-9 | 急性毒性-吸入，类别2*皮肤腐蚀/刺激，类别2严重眼损伤/眼刺激，类别2呼吸道致敏物，类别1皮肤致敏物，类别1致癌性，类别2特异性靶器官毒性-一次接触，类别3（呼吸道刺激）危害水生环境-长期危害，类别3 | TDI仓库，250kg/铁桶 | 是 | 表B.1序号166：甲苯-2,4-二异氰酸酯（TDI） | 8 | 5 | 1.6",PL056_佛山市祖帮海绵有限公司新建项目_02_报批稿或报告表.docx
PL056,佛山市祖帮海绵有限公司新建项目,E3,E3-2,"{""section"": ""附表"", ""table_number"": null, ""table_name"": null, ""field_name"": ""物料名称""}",2 | 接枝型聚醚多元醇（POP） | 接枝型聚醚多元醇 | 29860-47-7 | -- | 原材料储罐 区/30t储罐 | 否 | 未列入H J 169-2018中附录B表 B.1中的突发环境事件风险物质 | 60.42 | -- | --,,2 | 接枝型聚醚多元醇（POP） | 接枝型聚醚多元醇 | 29860-47-7 | -- | 原材料储罐 区/30t储罐 | 否 | 未列入H J 169-2018中附录B表 B.1中的突发环境事件风险物质 | 60.42 | -- | --,PL056_佛山市祖帮海绵有限公司新建项目_02_报批稿或报告表.docx
PL056,佛山市祖帮海绵有限公司新建项目,E3,E3-3,"{""section"": ""附表"", ""table_number"": null, ""table_name"": null, ""field_name"": ""物料名称""}",3 | 聚醚多元醇（PPG） | 聚醚多元醇 | 25322-69-4 | -- | 原材料储罐 区/30t储罐 | 否 | 未列入H J 169-2018中附录B表 B.1中的突发环境事件风险物质 | 60.42 | -- | --,,3 | 聚醚多元醇（PPG） | 聚醚多元醇 | 25322-69-4 | -- | 原材料储罐 区/30t储罐 | 否 | 未列入H J 169-2018中附录B表 B.1中的突发环境事件风险物质 | 60.42 | -- | --,PL056_佛山市祖帮海绵有限公司新建项目_02_报批稿或报告表.docx
PL056,佛山市祖帮海绵有限公司新建项目,E3,E3-4,"{""section"": ""附表"", ""table_number"": null, ""table_name"": null, ""field_name"": ""物料名称""}",4 | 辛酸亚锡 | 辛酸亚锡 | 301-10-0 | 严重眼损伤/眼刺激，类别1皮肤致敏物，类别1生殖毒性，类别2危害水生环境-急性危害，类别2危害水生环境-长期危害，类别2 | 原材料及助剂仓库，25kg/桶 | 否 | 未列入H J 169-2018中附录B表 B.1中的突发环境事件风险物质 | 0.25 | -- | --,,4 | 辛酸亚锡 | 辛酸亚锡 | 301-10-0 | 严重眼损伤/眼刺激，类别1皮肤致敏物，类别1生殖毒性，类别2危害水生环境-急性危害，类别2危害水生环境-长期危害，类别2 | 原材料及助剂仓库，25kg/桶 | 否 | 未列入H J 169-2018中附录B表 B.1中的突发环境事件风险物质 | 0.25 | -- | --,PL056_佛山市祖帮海绵有限公司新建项目_02_报批稿或报告表.docx
PL056,佛山市祖帮海绵有限公司新建项目,E3,E3-5,"{""section"": ""附表"", ""table_number"": null, ""table_name"": null, ""field_name"": ""物料名称""}",5 | 二氯甲烷 | 二氯甲烷 | 75-09-2 | 皮肤腐蚀/刺激，类别2严重眼损伤/眼刺激，类别2A致癌性，类别2特异性靶器官毒性-一次接触，类别1特异性靶器官毒性-一次接触，类别3（麻醉效应）特异性靶器官毒性-反复接触，类别1 | 原材料及助剂仓库，250kg/铁桶 | 是 | 表B.1序号118：二氯甲烷 | 0.25 | 10 | 0.025,,5 | 二氯甲烷 | 二氯甲烷 | 75-09-2 | 皮肤腐蚀/刺激，类别2严重眼损伤/眼刺激，类别2A致癌性，类别2特异性靶器官毒性-一次接触，类别1特异性靶器官毒性-一次接触，类别3（麻醉效应）特异性靶器官毒性-反复接触，类别1 | 原材料及助剂仓库，250kg/铁桶 | 是 | 表B.1序号118：二氯甲烷 | 0.25 | 10 | 0.025,PL056_佛山市祖帮海绵有限公司新建项目_02_报批稿或报告表.docx
PL056,佛山市祖帮海绵有限公司新建项目,E3,E3-6,"{""section"": ""附表"", ""table_number"": null, ""table_name"": null, ""field_name"": ""物料名称""}",6 | 机油 | 机油 | -- | 易燃液体-W5.1 | 原材料及助剂仓库，25kg/桶 | 是 | 表B.1序号381：油类物质（矿物油类，如石油、 汽油、柴油等；生物柴油等） | 0.1 | 2500 | 0.00004,,6 | 机油 | 机油 | -- | 易燃液体-W5.1 | 原材料及助剂仓库，25kg/桶 | 是 | 表B.1序号381：油类物质（矿物油类，如石油、 汽油、柴油等；生物柴油等） | 0.1 | 2500 | 0.00004,PL056_佛山市祖帮海绵有限公司新建项目_02_报批稿或报告表.docx
PL056,佛山市祖帮海绵有限公司新建项目,E3,E3-7,"{""section"": ""附表"", ""table_number"": null, ""table_name"": null, ""field_name"": ""物料名称""}",7 | 液压油 | 液压油 | -- | 易燃液体-W5.1 | 原材料及助剂仓库，250kg/桶 | 是 |  | 0.1 | 2500 | 0.00004,,7 | 液压油 | 液压油 | -- | 易燃液体-W5.1 | 原材料及助剂仓库，250kg/桶 | 是 | | 0.1 | 2500 | 0.00004,PL056_佛山市祖帮海绵有限公司新建项目_02_报批稿或报告表.docx
PL056,佛山市祖帮海绵有限公司新建项目,E3,E3-8,"{""section"": ""附表"", ""table_number"": null, ""table_name"": null, ""field_name"": ""物料名称""}",8 | 废机油 | 机油 | -- | 易燃液体-W5.1 | 危废暂存间 | 是 |  | 0.0375 | 2500 | 0.000015,,8 | 废机油 | 机油 | -- | 易燃液体-W5.1 | 危废暂存间 | 是 | | 0.0375 | 2500 | 0.000015,PL056_佛山市祖帮海绵有限公司新建项目_02_报批稿或报告表.docx
PL056,佛山市祖帮海绵有限公司新建项目,E3,E3-9,"{""section"": ""附表"", ""table_number"": null, ""table_name"": null, ""field_name"": ""物料名称""}",9 | 废液压油 | 液压油 | -- | 易燃液体-W5.1 | 危废暂存间 | 是 |  | 0.015 | 2500 | 0.000006,,9 | 废液压油 | 液压油 | -- | 易燃液体-W5.1 | 危废暂存间 | 是 | | 0.015 | 2500 | 0.000006,PL056_佛山市祖帮海绵有限公司新建项目_02_报批稿或报告表.docx
PL056,佛山市祖帮海绵有限公司新建项目,E3,E3-10,"{""section"": ""附表"", ""table_number"": null, ""table_name"": null, ""field_name"": ""物料名称""}",项目Q值ζ | 2.025101,,项目Q值ζ | 2.025101,PL056_佛山市祖帮海绵有限公司新建项目_02_报批稿或报告表.docx
PL056,佛山市祖帮海绵有限公司新建项目,E3,E3-11,"{""section"": ""附表"", ""table_number"": null, ""table_name"": null, ""field_name"": ""物料名称""}","1015 | 2,4-二异氰酸甲苯酯；2,4-TDI | 250kg/铁桶 | 8 | 500 | 0.016",,"1015 | 2,4-二异氰酸甲苯酯；2,4-TDI | 250kg/铁桶 | 8 | 500 | 0.016",PL056_佛山市祖帮海绵有限公司新建项目_02_报批稿或报告表.docx
PL056,佛山市祖帮海绵有限公司新建项目,E3,E3-12,"{""section"": ""附表"", ""table_number"": null, ""table_name"": null, ""field_name"": ""物料名称""}","1016 | 2,6-二异氰酸甲苯酯；2,6-TDI | 250kg/铁桶 | 2 | 500 | 0.004",,"1016 | 2,6-二异氰酸甲苯酯；2,6-TDI | 250kg/铁桶 | 2 | 500 | 0.004",PL056_佛山市祖帮海绵有限公司新建项目_02_报批稿或报告表.docx
PL056,佛山市祖帮海绵有限公司新建项目,E3,E3-13,"{""section"": ""附表"", ""table_number"": null, ""table_name"": null, ""field_name"": ""物料名称""}",2353 | 辛酸亚锡 | 25kg/桶 | 0.25 | / | /,,2353 | 辛酸亚锡 | 25kg/桶 | 0.25 | / | /,PL056_佛山市祖帮海绵有限公司新建项目_02_报批稿或报告表.docx
PL056,佛山市祖帮海绵有限公司新建项目,E3,E3-14,"{""section"": ""附表"", ""table_number"": null, ""table_name"": null, ""field_name"": ""物料名称""}",541 | 二氯甲烷 | 25kg/桶 | 0.25 | / | /,,541 | 二氯甲烷 | 25kg/桶 | 0.25 | / | /,PL056_佛山市祖帮海绵有限公司新建项目_02_报批稿或报告表.docx
PL056,佛山市祖帮海绵有限公司新建项目,E3,E3-15,"{""section"": ""附表"", ""table_number"": null, ""table_name"": null, ""field_name"": ""物料名称""}",Σqi/Qi | --- | --- | --- | --- | 0.02,,Σqi/Qi | --- | --- | --- | --- | 0.02,PL056_佛山市祖帮海绵有限公司新建项目_02_报批稿或报告表.docx
PL056,佛山市祖帮海绵有限公司新建项目,E4,E4-1,"{""section"": ""二、建设项目工程分析"", ""table_number"": null, ""table_name"": null, ""field_name"": ""工艺流程简述/生产工艺流程""}","3.1工艺流程
工艺流程见主报告第二章“工艺流程和产排污环节”部分。
根据前文工艺流程及产污分析，项目主要废气产污环节汇总如下：
大气专题表3-1 项目主要废气产污环节汇总表",,"3.1工艺流程
工艺流程见主报告第二章“工艺流程和产排污环节”部分。
根据前文工艺流程及产污分析，项目主要废气产污环节汇总如下：
大气专题表3-1 项目主要废气产污环节汇总表",PL056_佛山市祖帮海绵有限公司新建项目_02_报批稿或报告表.docx
PL119,佛山志兴盈包装有限公司新建项目,E1,E1-1,"{""section"": ""一、建设项目基本情况"", ""table_number"": null, ""table_name"": null, ""field_name"": ""国民经济行业类别""}",国民经济行业类别 C2923塑料丝、绳及编织品制造,,国民经济行业类别 C2923塑料丝、绳及编织品制造,PL119_佛山志兴盈包装有限公司新建项目_02_报批稿或报告表.docx
PL119,佛山志兴盈包装有限公司新建项目,E2,E2-1,"{""section"": ""二、建设项目工程分析"", ""table_number"": null, ""table_name"": null, ""field_name"": ""产品名称/备注/产能""}",塑料袋 | 0.01875 | 10% | 2.2亿 | 0.001875 | 412500,2.2亿,塑料袋 | 0.01875 | 10% | 2.2亿 | 0.001875 | 412500,PL119_佛山志兴盈包装有限公司新建项目_02_报批稿或报告表.docx
PL119,佛山志兴盈包装有限公司新建项目,E2,E2-2,"{""section"": ""二、建设项目工程分析"", ""table_number"": null, ""table_name"": null, ""field_name"": ""产品名称/备注/产能""}",备注：本项目塑料袋产品约220吨，每个塑料袋约1g，则塑料袋年产量为2.2亿个。根据表6塑料袋照片规格，订单量最大的两种塑料袋印刷面积分别为20cm*12.5cm*5%=0.00125m2；15cm*12.5cm*10%=0.001875m2；按最不利影响，本项目取其中较大印刷面积计算，单个产品印刷面积按照0.001875m2计算。则总印刷面积=2.2亿*0.001875m2=412500m2。,,备注：本项目塑料袋产品约220吨，每个塑料袋约1g，则塑料袋年产量为2.2亿个。根据表6塑料袋照片规格，订单量最大的两种塑料袋印刷面积分别为20cm*12.5cm*5%=0.00125m2；15cm*12.5cm*10%=0.001875m2；按最不利影响，本项目取其中较大印刷面积计算，单个产品印刷面积按照0.001875m2计算。则总印刷面积=2.2亿*0.001875m2=412500m2。,PL119_佛山志兴盈包装有限公司新建项目_02_报批稿或报告表.docx
PL119,佛山志兴盈包装有限公司新建项目,E4,E4-1,"{""section"": ""二、建设项目工程分析"", ""table_number"": null, ""table_name"": null, ""field_name"": ""工艺流程简述/生产工艺流程""}",混料、吹膜、印刷、固化、包装、检验,,工艺流程简述：（1）混料：项目将外购的PE塑料粒新料按客户产品要求进行混料（混料机主要用于塑料粒的混料）。由于本项目为密闭混料，且项目使用的塑料均为较大粒径的颗粒，因此混料期间产生颗粒物忽略不计，该过程会产生噪声。（2）吹膜：经过混料后的PE塑料颗粒经吹膜机吹成薄膜，薄膜在无尘车间里经风冷即可成型，项目吹膜机采用电加热，加热温度为190℃左右。吹膜完成后需要经过折料，折料过程主要是将成吹膜出来的薄膜折叠成双层的，为后续的制袋做准备。吹膜过程中会产生非甲烷总烃、臭气浓度和噪声； （3）印刷：先将印版，装在印刷机上，然后通过印刷机墨斗把墨涂敷于印版上有文字和图像的地方，再直接地转印到薄膜上，从而…,PL119_佛山志兴盈包装有限公司新建项目_02_报批稿或报告表.docx
