序号,file_id,source_html,output_json,old_chunk_count,new_chunk_count,max_token,avg_token,over_20000_count,status,error
1,001_佛山市亮正新材料有限公司新建项目_01_核查材料,E:\华南理工项目\环评文件汇总\01_GitHub项目与研究文档\eia-openclaw-sync-chen2026\05_QA测试集\人工核查_环评报告出处整理_20260715\解析文本输出_按问答顺序\001_佛山市亮正新材料有限公司新建项目_01_核查材料\001_佛山市亮正新材料有限公司新建项目_01_核查材料.html,E:\华南理工项目\环评文件汇总\01_GitHub项目与研究文档\eia-openclaw-sync-chen2026\05_QA测试集\人工核查_环评报告出处整理_20260715\解析文本输出_按目录章节_20000token\001_佛山市亮正新材料有限公司新建项目_01_核查材料\001_佛山市亮正新材料有限公司新建项目_01_核查材料.json,2,8,18848,10767.1,0,成功,
2,002_佛山市顺德区启卓工程塑料实业有限公司搬迁项目_01_核查材料,E:\华南理工项目\环评文件汇总\01_GitHub项目与研究文档\eia-openclaw-sync-chen2026\05_QA测试集\人工核查_环评报告出处整理_20260715\解析文本输出_按问答顺序\002_佛山市顺德区启卓工程塑料实业有限公司搬迁项目_01_核查材料\002_佛山市顺德区启卓工程塑料实业有限公司搬迁项目_01_核查材料.html,E:\华南理工项目\环评文件汇总\01_GitHub项目与研究文档\eia-openclaw-sync-chen2026\05_QA测试集\人工核查_环评报告出处整理_20260715\解析文本输出_按目录章节_20000token\002_佛山市顺德区启卓工程塑料实业有限公司搬迁项目_01_核查材料\002_佛山市顺德区启卓工程塑料实业有限公司搬迁项目_01_核查材料.json,3,13,18233,8337,0,成功,
3,003_佛山市顺德区康明新材料厂新建项目_01_核查材料,E:\华南理工项目\环评文件汇总\01_GitHub项目与研究文档\eia-openclaw-sync-chen2026\05_QA测试集\人工核查_环评报告出处整理_20260715\解析文本输出_按问答顺序\003_佛山市顺德区康明新材料厂新建项目_01_核查材料\003_佛山市顺德区康明新材料厂新建项目_01_核查材料.html,E:\华南理工项目\环评文件汇总\01_GitHub项目与研究文档\eia-openclaw-sync-chen2026\05_QA测试集\人工核查_环评报告出处整理_20260715\解析文本输出_按目录章节_20000token\003_佛山市顺德区康明新材料厂新建项目_01_核查材料\003_佛山市顺德区康明新材料厂新建项目_01_核查材料.json,3,12,18241,9567.8,0,成功,
4,004_恒励新材料科技(佛山)有限公司新建项目_01_核查材料,E:\华南理工项目\环评文件汇总\01_GitHub项目与研究文档\eia-openclaw-sync-chen2026\05_QA测试集\人工核查_环评报告出处整理_20260715\解析文本输出_按问答顺序\004_恒励新材料科技(佛山)有限公司新建项目_01_核查材料\004_恒励新材料科技(佛山)有限公司新建项目_01_核查材料.html,E:\华南理工项目\环评文件汇总\01_GitHub项目与研究文档\eia-openclaw-sync-chen2026\05_QA测试集\人工核查_环评报告出处整理_20260715\解析文本输出_按目录章节_20000token\004_恒励新材料科技(佛山)有限公司新建项目_01_核查材料\004_恒励新材料科技(佛山)有限公司新建项目_01_核查材料.json,2,10,19350,10570.8,0,成功,
5,005_佛山市润特龙清洁用品有限公司新建项目_01_核查材料,E:\华南理工项目\环评文件汇总\01_GitHub项目与研究文档\eia-openclaw-sync-chen2026\05_QA测试集\人工核查_环评报告出处整理_20260715\解析文本输出_按问答顺序\005_佛山市润特龙清洁用品有限公司新建项目_01_核查材料\005_佛山市润特龙清洁用品有限公司新建项目_01_核查材料.html,E:\华南理工项目\环评文件汇总\01_GitHub项目与研究文档\eia-openclaw-sync-chen2026\05_QA测试集\人工核查_环评报告出处整理_20260715\解析文本输出_按目录章节_20000token\005_佛山市润特龙清洁用品有限公司新建项目_01_核查材料\005_佛山市润特龙清洁用品有限公司新建项目_01_核查材料.json,2,11,18499,7498.6,0,成功,
6,006_佛山市顺德区乐鲸科技有限公司年产五金拉手300万个新建项目_01_修改评估意见,E:\华南理工项目\环评文件汇总\01_GitHub项目与研究文档\eia-openclaw-sync-chen2026\05_QA测试集\人工核查_环评报告出处整理_20260715\解析文本输出_按问答顺序\006_佛山市顺德区乐鲸科技有限公司年产五金拉手300万个新建项目_01_修改评估意见\006_佛山市顺德区乐鲸科技有限公司年产五金拉手300万个新建项目_01_修改评估意见.html,E:\华南理工项目\环评文件汇总\01_GitHub项目与研究文档\eia-openclaw-sync-chen2026\05_QA测试集\人工核查_环评报告出处整理_20260715\解析文本输出_按目录章节_20000token\006_佛山市顺德区乐鲸科技有限公司年产五金拉手300万个新建项目_01_修改评估意见\006_佛山市顺德区乐鲸科技有限公司年产五金拉手300万个新建项目_01_修改评估意见.json,1,8,17063,5872.4,0,成功（完整报告补解析20260723）,
7,007_广东云晟新材料有限公司年产水性涂料2400吨新建项目_01_修改评估意见,E:\华南理工项目\环评文件汇总\01_GitHub项目与研究文档\eia-openclaw-sync-chen2026\05_QA测试集\人工核查_环评报告出处整理_20260715\解析文本输出_按问答顺序\007_广东云晟新材料有限公司年产水性涂料2400吨新建项目_01_修改评估意见\007_广东云晟新材料有限公司年产水性涂料2400吨新建项目_01_修改评估意见.html,E:\华南理工项目\环评文件汇总\01_GitHub项目与研究文档\eia-openclaw-sync-chen2026\05_QA测试集\人工核查_环评报告出处整理_20260715\解析文本输出_按目录章节_20000token\007_广东云晟新材料有限公司年产水性涂料2400吨新建项目_01_修改评估意见\007_广东云晟新材料有限公司年产水性涂料2400吨新建项目_01_修改评估意见.json,1,8,18568,5976.6,0,成功（完整报告补解析20260723）,
8,008_广东云晟新材料有限公司年产水性涂料2400吨新建项目_01_修改评估意见,E:\华南理工项目\环评文件汇总\01_GitHub项目与研究文档\eia-openclaw-sync-chen2026\05_QA测试集\人工核查_环评报告出处整理_20260715\解析文本输出_按问答顺序\008_广东云晟新材料有限公司年产水性涂料2400吨新建项目_01_修改评估意见\008_广东云晟新材料有限公司年产水性涂料2400吨新建项目_01_修改评估意见.html,E:\华南理工项目\环评文件汇总\01_GitHub项目与研究文档\eia-openclaw-sync-chen2026\05_QA测试集\人工核查_环评报告出处整理_20260715\解析文本输出_按目录章节_20000token\008_广东云晟新材料有限公司年产水性涂料2400吨新建项目_01_修改评估意见\008_广东云晟新材料有限公司年产水性涂料2400吨新建项目_01_修改评估意见.json,1,8,18103,5899.2,0,成功（完整报告补解析20260723）,
9,009_佛山市顺德区亚马逊涂料有限公司迁扩建项目_01_修改评估意见,E:\华南理工项目\环评文件汇总\01_GitHub项目与研究文档\eia-openclaw-sync-chen2026\05_QA测试集\人工核查_环评报告出处整理_20260715\解析文本输出_按问答顺序\009_佛山市顺德区亚马逊涂料有限公司迁扩建项目_01_修改评估意见\009_佛山市顺德区亚马逊涂料有限公司迁扩建项目_01_修改评估意见.html,E:\华南理工项目\环评文件汇总\01_GitHub项目与研究文档\eia-openclaw-sync-chen2026\05_QA测试集\人工核查_环评报告出处整理_20260715\解析文本输出_按目录章节_20000token\009_佛山市顺德区亚马逊涂料有限公司迁扩建项目_01_修改评估意见\009_佛山市顺德区亚马逊涂料有限公司迁扩建项目_01_修改评估意见.json,4,15,18612,8484.1,0,成功,
10,010_广东威诺高科技股份有限公司搬迁项目_01_修改评估意见,E:\华南理工项目\环评文件汇总\01_GitHub项目与研究文档\eia-openclaw-sync-chen2026\05_QA测试集\人工核查_环评报告出处整理_20260715\解析文本输出_按问答顺序\010_广东威诺高科技股份有限公司搬迁项目_01_修改评估意见\010_广东威诺高科技股份有限公司搬迁项目_01_修改评估意见.html,E:\华南理工项目\环评文件汇总\01_GitHub项目与研究文档\eia-openclaw-sync-chen2026\05_QA测试集\人工核查_环评报告出处整理_20260715\解析文本输出_按目录章节_20000token\010_广东威诺高科技股份有限公司搬迁项目_01_修改评估意见\010_广东威诺高科技股份有限公司搬迁项目_01_修改评估意见.json,1,12,16546,5365.8,0,成功（完整报告补解析20260723）,
11,011_悍高集团股份有限公司功能拉篮车间搬迁扩建项目_01_修改评估意见,E:\华南理工项目\环评文件汇总\01_GitHub项目与研究文档\eia-openclaw-sync-chen2026\05_QA测试集\人工核查_环评报告出处整理_20260715\解析文本输出_按问答顺序\011_悍高集团股份有限公司功能拉篮车间搬迁扩建项目_01_修改评估意见\011_悍高集团股份有限公司功能拉篮车间搬迁扩建项目_01_修改评估意见.html,E:\华南理工项目\环评文件汇总\01_GitHub项目与研究文档\eia-openclaw-sync-chen2026\05_QA测试集\人工核查_环评报告出处整理_20260715\解析文本输出_按目录章节_20000token\011_悍高集团股份有限公司功能拉篮车间搬迁扩建项目_01_修改评估意见\011_悍高集团股份有限公司功能拉篮车间搬迁扩建项目_01_修改评估意见.json,1,7,19494,13948.3,0,成功（完整报告补解析20260723）,
12,012_广东潜龙化工有限公司新建项目_01_修改评估意见,E:\华南理工项目\环评文件汇总\01_GitHub项目与研究文档\eia-openclaw-sync-chen2026\05_QA测试集\人工核查_环评报告出处整理_20260715\解析文本输出_按问答顺序\012_广东潜龙化工有限公司新建项目_01_修改评估意见\012_广东潜龙化工有限公司新建项目_01_修改评估意见.html,E:\华南理工项目\环评文件汇总\01_GitHub项目与研究文档\eia-openclaw-sync-chen2026\05_QA测试集\人工核查_环评报告出处整理_20260715\解析文本输出_按目录章节_20000token\012_广东潜龙化工有限公司新建项目_01_修改评估意见\012_广东潜龙化工有限公司新建项目_01_修改评估意见.json,1,8,18297,5830.6,0,成功（完整报告补解析20260723）,
13,013_佛山市瀚铭新材料有限公司新建项目_01_修改评估意见,E:\华南理工项目\环评文件汇总\01_GitHub项目与研究文档\eia-openclaw-sync-chen2026\05_QA测试集\人工核查_环评报告出处整理_20260715\解析文本输出_按问答顺序\013_佛山市瀚铭新材料有限公司新建项目_01_修改评估意见\013_佛山市瀚铭新材料有限公司新建项目_01_修改评估意见.html,E:\华南理工项目\环评文件汇总\01_GitHub项目与研究文档\eia-openclaw-sync-chen2026\05_QA测试集\人工核查_环评报告出处整理_20260715\解析文本输出_按目录章节_20000token\013_佛山市瀚铭新材料有限公司新建项目_01_修改评估意见\013_佛山市瀚铭新材料有限公司新建项目_01_修改评估意见.json,1,9,19784,6337.1,0,成功（完整报告补解析20260723）,
14,014_佛山市顺德区百洛电器有限公司迁扩建项目_01_修改评估意见,E:\华南理工项目\环评文件汇总\01_GitHub项目与研究文档\eia-openclaw-sync-chen2026\05_QA测试集\人工核查_环评报告出处整理_20260715\解析文本输出_按问答顺序\014_佛山市顺德区百洛电器有限公司迁扩建项目_01_修改评估意见\014_佛山市顺德区百洛电器有限公司迁扩建项目_01_修改评估意见.html,E:\华南理工项目\环评文件汇总\01_GitHub项目与研究文档\eia-openclaw-sync-chen2026\05_QA测试集\人工核查_环评报告出处整理_20260715\解析文本输出_按目录章节_20000token\014_佛山市顺德区百洛电器有限公司迁扩建项目_01_修改评估意见\014_佛山市顺德区百洛电器有限公司迁扩建项目_01_修改评估意见.json,1,8,15839,5248.8,0,成功（完整报告补解析20260723）,
15,015_佛山市顺德区蓝顿涂料有限公司迁建项目_01_修改评估意见,E:\华南理工项目\环评文件汇总\01_GitHub项目与研究文档\eia-openclaw-sync-chen2026\05_QA测试集\人工核查_环评报告出处整理_20260715\解析文本输出_按问答顺序\015_佛山市顺德区蓝顿涂料有限公司迁建项目_01_修改评估意见\015_佛山市顺德区蓝顿涂料有限公司迁建项目_01_修改评估意见.html,E:\华南理工项目\环评文件汇总\01_GitHub项目与研究文档\eia-openclaw-sync-chen2026\05_QA测试集\人工核查_环评报告出处整理_20260715\解析文本输出_按目录章节_20000token\015_佛山市顺德区蓝顿涂料有限公司迁建项目_01_修改评估意见\015_佛山市顺德区蓝顿涂料有限公司迁建项目_01_修改评估意见.json,4,15,19921,8958.9,0,成功,
16,016_佛山市镪优金属制品有限公司迁扩建项目_01_修改评估意见,E:\华南理工项目\环评文件汇总\01_GitHub项目与研究文档\eia-openclaw-sync-chen2026\05_QA测试集\人工核查_环评报告出处整理_20260715\解析文本输出_按问答顺序\016_佛山市镪优金属制品有限公司迁扩建项目_01_修改评估意见\016_佛山市镪优金属制品有限公司迁扩建项目_01_修改评估意见.html,E:\华南理工项目\环评文件汇总\01_GitHub项目与研究文档\eia-openclaw-sync-chen2026\05_QA测试集\人工核查_环评报告出处整理_20260715\解析文本输出_按目录章节_20000token\016_佛山市镪优金属制品有限公司迁扩建项目_01_修改评估意见\016_佛山市镪优金属制品有限公司迁扩建项目_01_修改评估意见.json,1,8,18756,6309.8,0,成功（完整报告补解析20260723）,
17,017_广东台塑智能科技有限公司新建项目_01_受理公告或公示版,E:\华南理工项目\环评文件汇总\01_GitHub项目与研究文档\eia-openclaw-sync-chen2026\05_QA测试集\人工核查_环评报告出处整理_20260715\解析文本输出_按问答顺序\017_广东台塑智能科技有限公司新建项目_01_受理公告或公示版\017_广东台塑智能科技有限公司新建项目_01_受理公告或公示版.html,E:\华南理工项目\环评文件汇总\01_GitHub项目与研究文档\eia-openclaw-sync-chen2026\05_QA测试集\人工核查_环评报告出处整理_20260715\解析文本输出_按目录章节_20000token\017_广东台塑智能科技有限公司新建项目_01_受理公告或公示版\017_广东台塑智能科技有限公司新建项目_01_受理公告或公示版.json,2,5,17751,14129.4,0,成功,
18,018_佛山市智龙科技有限公司迁扩建项目_01_受理公告或公示版,E:\华南理工项目\环评文件汇总\01_GitHub项目与研究文档\eia-openclaw-sync-chen2026\05_QA测试集\人工核查_环评报告出处整理_20260715\解析文本输出_按问答顺序\018_佛山市智龙科技有限公司迁扩建项目_01_受理公告或公示版\018_佛山市智龙科技有限公司迁扩建项目_01_受理公告或公示版.html,E:\华南理工项目\环评文件汇总\01_GitHub项目与研究文档\eia-openclaw-sync-chen2026\05_QA测试集\人工核查_环评报告出处整理_20260715\解析文本输出_按目录章节_20000token\018_佛山市智龙科技有限公司迁扩建项目_01_受理公告或公示版\018_佛山市智龙科技有限公司迁扩建项目_01_受理公告或公示版.json,2,6,17783,12459,0,成功,
19,019_佛山市朗信塑料制品有限公司新建项目_01_受理公告或公示版,E:\华南理工项目\环评文件汇总\01_GitHub项目与研究文档\eia-openclaw-sync-chen2026\05_QA测试集\人工核查_环评报告出处整理_20260715\解析文本输出_按问答顺序\019_佛山市朗信塑料制品有限公司新建项目_01_受理公告或公示版\019_佛山市朗信塑料制品有限公司新建项目_01_受理公告或公示版.html,E:\华南理工项目\环评文件汇总\01_GitHub项目与研究文档\eia-openclaw-sync-chen2026\05_QA测试集\人工核查_环评报告出处整理_20260715\解析文本输出_按目录章节_20000token\019_佛山市朗信塑料制品有限公司新建项目_01_受理公告或公示版\019_佛山市朗信塑料制品有限公司新建项目_01_受理公告或公示版.json,1,3,17539,16635.3,0,成功,
20,020_佛山市顺德区共诺电子元件厂搬迁项目_01_受理公告或公示版,E:\华南理工项目\环评文件汇总\01_GitHub项目与研究文档\eia-openclaw-sync-chen2026\05_QA测试集\人工核查_环评报告出处整理_20260715\解析文本输出_按问答顺序\020_佛山市顺德区共诺电子元件厂搬迁项目_01_受理公告或公示版\020_佛山市顺德区共诺电子元件厂搬迁项目_01_受理公告或公示版.html,E:\华南理工项目\环评文件汇总\01_GitHub项目与研究文档\eia-openclaw-sync-chen2026\05_QA测试集\人工核查_环评报告出处整理_20260715\解析文本输出_按目录章节_20000token\020_佛山市顺德区共诺电子元件厂搬迁项目_01_受理公告或公示版\020_佛山市顺德区共诺电子元件厂搬迁项目_01_受理公告或公示版.json,1,3,17523,16910,0,成功,
21,021_佛山市锐拓新材料有限公司新建项目_01_受理公告或公示版,E:\华南理工项目\环评文件汇总\01_GitHub项目与研究文档\eia-openclaw-sync-chen2026\05_QA测试集\人工核查_环评报告出处整理_20260715\解析文本输出_按问答顺序\021_佛山市锐拓新材料有限公司新建项目_01_受理公告或公示版\021_佛山市锐拓新材料有限公司新建项目_01_受理公告或公示版.html,E:\华南理工项目\环评文件汇总\01_GitHub项目与研究文档\eia-openclaw-sync-chen2026\05_QA测试集\人工核查_环评报告出处整理_20260715\解析文本输出_按目录章节_20000token\021_佛山市锐拓新材料有限公司新建项目_01_受理公告或公示版\021_佛山市锐拓新材料有限公司新建项目_01_受理公告或公示版.json,1,4,17621,14832,0,成功,
22,022_佛山市通能达科技有限公司新建项目_01_受理公告或公示版,E:\华南理工项目\环评文件汇总\01_GitHub项目与研究文档\eia-openclaw-sync-chen2026\05_QA测试集\人工核查_环评报告出处整理_20260715\解析文本输出_按问答顺序\022_佛山市通能达科技有限公司新建项目_01_受理公告或公示版\022_佛山市通能达科技有限公司新建项目_01_受理公告或公示版.html,E:\华南理工项目\环评文件汇总\01_GitHub项目与研究文档\eia-openclaw-sync-chen2026\05_QA测试集\人工核查_环评报告出处整理_20260715\解析文本输出_按目录章节_20000token\022_佛山市通能达科技有限公司新建项目_01_受理公告或公示版\022_佛山市通能达科技有限公司新建项目_01_受理公告或公示版.json,2,6,17959,13126.8,0,成功,
23,023_佛山市巨人电器有限公司新建项目_01_受理公告或公示版,E:\华南理工项目\环评文件汇总\01_GitHub项目与研究文档\eia-openclaw-sync-chen2026\05_QA测试集\人工核查_环评报告出处整理_20260715\解析文本输出_按问答顺序\023_佛山市巨人电器有限公司新建项目_01_受理公告或公示版\023_佛山市巨人电器有限公司新建项目_01_受理公告或公示版.html,E:\华南理工项目\环评文件汇总\01_GitHub项目与研究文档\eia-openclaw-sync-chen2026\05_QA测试集\人工核查_环评报告出处整理_20260715\解析文本输出_按目录章节_20000token\023_佛山市巨人电器有限公司新建项目_01_受理公告或公示版\023_佛山市巨人电器有限公司新建项目_01_受理公告或公示版.json,1,4,17882,13685.5,0,成功,
24,024_佛山市黑曜电器科技有限公司新建项目_01_报批稿或报告表,E:\华南理工项目\环评文件汇总\01_GitHub项目与研究文档\eia-openclaw-sync-chen2026\05_QA测试集\人工核查_环评报告出处整理_20260715\解析文本输出_按问答顺序\024_佛山市黑曜电器科技有限公司新建项目_01_报批稿或报告表\024_佛山市黑曜电器科技有限公司新建项目_01_报批稿或报告表.html,E:\华南理工项目\环评文件汇总\01_GitHub项目与研究文档\eia-openclaw-sync-chen2026\05_QA测试集\人工核查_环评报告出处整理_20260715\解析文本输出_按目录章节_20000token\024_佛山市黑曜电器科技有限公司新建项目_01_报批稿或报告表\024_佛山市黑曜电器科技有限公司新建项目_01_报批稿或报告表.json,1,4,17956,15541.2,0,成功,
25,025_佛山市天隆通塑料制品有限公司新建项目_01_受理公告或公示版,E:\华南理工项目\环评文件汇总\01_GitHub项目与研究文档\eia-openclaw-sync-chen2026\05_QA测试集\人工核查_环评报告出处整理_20260715\解析文本输出_按问答顺序\025_佛山市天隆通塑料制品有限公司新建项目_01_受理公告或公示版\025_佛山市天隆通塑料制品有限公司新建项目_01_受理公告或公示版.html,E:\华南理工项目\环评文件汇总\01_GitHub项目与研究文档\eia-openclaw-sync-chen2026\05_QA测试集\人工核查_环评报告出处整理_20260715\解析文本输出_按目录章节_20000token\025_佛山市天隆通塑料制品有限公司新建项目_01_受理公告或公示版\025_佛山市天隆通塑料制品有限公司新建项目_01_受理公告或公示版.json,1,5,17761,12626.4,0,成功,
26,026_佛山市顺德区振峰塑料模具制造有限公司分车间新建项目_01_受理公告或公示版,E:\华南理工项目\环评文件汇总\01_GitHub项目与研究文档\eia-openclaw-sync-chen2026\05_QA测试集\人工核查_环评报告出处整理_20260715\解析文本输出_按问答顺序\026_佛山市顺德区振峰塑料模具制造有限公司分车间新建项目_01_受理公告或公示版\026_佛山市顺德区振峰塑料模具制造有限公司分车间新建项目_01_受理公告或公示版.html,E:\华南理工项目\环评文件汇总\01_GitHub项目与研究文档\eia-openclaw-sync-chen2026\05_QA测试集\人工核查_环评报告出处整理_20260715\解析文本输出_按目录章节_20000token\026_佛山市顺德区振峰塑料模具制造有限公司分车间新建项目_01_受理公告或公示版\026_佛山市顺德区振峰塑料模具制造有限公司分车间新建项目_01_受理公告或公示版.json,1,4,18008,13600,0,成功,
27,027_佛山市茂安耀科技有限公司新建项目_01_受理公告或公示版,E:\华南理工项目\环评文件汇总\01_GitHub项目与研究文档\eia-openclaw-sync-chen2026\05_QA测试集\人工核查_环评报告出处整理_20260715\解析文本输出_按问答顺序\027_佛山市茂安耀科技有限公司新建项目_01_受理公告或公示版\027_佛山市茂安耀科技有限公司新建项目_01_受理公告或公示版.html,E:\华南理工项目\环评文件汇总\01_GitHub项目与研究文档\eia-openclaw-sync-chen2026\05_QA测试集\人工核查_环评报告出处整理_20260715\解析文本输出_按目录章节_20000token\027_佛山市茂安耀科技有限公司新建项目_01_受理公告或公示版\027_佛山市茂安耀科技有限公司新建项目_01_受理公告或公示版.json,1,4,17924,13479.5,0,成功,
28,028_佛山市瑞易德塑料五金制品有限公司搬迁项目_01_受理公告或公示版,E:\华南理工项目\环评文件汇总\01_GitHub项目与研究文档\eia-openclaw-sync-chen2026\05_QA测试集\人工核查_环评报告出处整理_20260715\解析文本输出_按问答顺序\028_佛山市瑞易德塑料五金制品有限公司搬迁项目_01_受理公告或公示版\028_佛山市瑞易德塑料五金制品有限公司搬迁项目_01_受理公告或公示版.html,E:\华南理工项目\环评文件汇总\01_GitHub项目与研究文档\eia-openclaw-sync-chen2026\05_QA测试集\人工核查_环评报告出处整理_20260715\解析文本输出_按目录章节_20000token\028_佛山市瑞易德塑料五金制品有限公司搬迁项目_01_受理公告或公示版\028_佛山市瑞易德塑料五金制品有限公司搬迁项目_01_受理公告或公示版.json,1,3,17758,16358.3,0,成功,
29,029_佛山市浩创时代包装制品有限公司新建项目_01_受理公告或公示版,E:\华南理工项目\环评文件汇总\01_GitHub项目与研究文档\eia-openclaw-sync-chen2026\05_QA测试集\人工核查_环评报告出处整理_20260715\解析文本输出_按问答顺序\029_佛山市浩创时代包装制品有限公司新建项目_01_受理公告或公示版\029_佛山市浩创时代包装制品有限公司新建项目_01_受理公告或公示版.html,E:\华南理工项目\环评文件汇总\01_GitHub项目与研究文档\eia-openclaw-sync-chen2026\05_QA测试集\人工核查_环评报告出处整理_20260715\解析文本输出_按目录章节_20000token\029_佛山市浩创时代包装制品有限公司新建项目_01_受理公告或公示版\029_佛山市浩创时代包装制品有限公司新建项目_01_受理公告或公示版.json,2,6,17911,12024.7,0,成功,
30,030_德旺众新材料科技（佛山）有限公司新建建设项目_01_受理公告或公示版,E:\华南理工项目\环评文件汇总\01_GitHub项目与研究文档\eia-openclaw-sync-chen2026\05_QA测试集\人工核查_环评报告出处整理_20260715\解析文本输出_按问答顺序\030_德旺众新材料科技（佛山）有限公司新建建设项目_01_受理公告或公示版\030_德旺众新材料科技（佛山）有限公司新建建设项目_01_受理公告或公示版.html,E:\华南理工项目\环评文件汇总\01_GitHub项目与研究文档\eia-openclaw-sync-chen2026\05_QA测试集\人工核查_环评报告出处整理_20260715\解析文本输出_按目录章节_20000token\030_德旺众新材料科技（佛山）有限公司新建建设项目_01_受理公告或公示版\030_德旺众新材料科技（佛山）有限公司新建建设项目_01_受理公告或公示版.json,1,3,18028,14931.3,0,成功,
31,031_广东施格纳电气有限公司新建项目_01_受理公告或公示版,E:\华南理工项目\环评文件汇总\01_GitHub项目与研究文档\eia-openclaw-sync-chen2026\05_QA测试集\人工核查_环评报告出处整理_20260715\解析文本输出_按问答顺序\031_广东施格纳电气有限公司新建项目_01_受理公告或公示版\031_广东施格纳电气有限公司新建项目_01_受理公告或公示版.html,E:\华南理工项目\环评文件汇总\01_GitHub项目与研究文档\eia-openclaw-sync-chen2026\05_QA测试集\人工核查_环评报告出处整理_20260715\解析文本输出_按目录章节_20000token\031_广东施格纳电气有限公司新建项目_01_受理公告或公示版\031_广东施格纳电气有限公司新建项目_01_受理公告或公示版.json,2,4,18026,16322.5,0,成功,
32,032_佛山市沃丰德电器有限公司扩建项目_01_受理公告或公示版,E:\华南理工项目\环评文件汇总\01_GitHub项目与研究文档\eia-openclaw-sync-chen2026\05_QA测试集\人工核查_环评报告出处整理_20260715\解析文本输出_按问答顺序\032_佛山市沃丰德电器有限公司扩建项目_01_受理公告或公示版\032_佛山市沃丰德电器有限公司扩建项目_01_受理公告或公示版.html,E:\华南理工项目\环评文件汇总\01_GitHub项目与研究文档\eia-openclaw-sync-chen2026\05_QA测试集\人工核查_环评报告出处整理_20260715\解析文本输出_按目录章节_20000token\032_佛山市沃丰德电器有限公司扩建项目_01_受理公告或公示版\032_佛山市沃丰德电器有限公司扩建项目_01_受理公告或公示版.json,2,4,18035,17462,0,成功,
33,033_佛山市顺德区钧锐塑料厂迁建项目_01_受理公告或公示版,E:\华南理工项目\环评文件汇总\01_GitHub项目与研究文档\eia-openclaw-sync-chen2026\05_QA测试集\人工核查_环评报告出处整理_20260715\解析文本输出_按问答顺序\033_佛山市顺德区钧锐塑料厂迁建项目_01_受理公告或公示版\033_佛山市顺德区钧锐塑料厂迁建项目_01_受理公告或公示版.html,E:\华南理工项目\环评文件汇总\01_GitHub项目与研究文档\eia-openclaw-sync-chen2026\05_QA测试集\人工核查_环评报告出处整理_20260715\解析文本输出_按目录章节_20000token\033_佛山市顺德区钧锐塑料厂迁建项目_01_受理公告或公示版\033_佛山市顺德区钧锐塑料厂迁建项目_01_受理公告或公示版.json,2,7,17975,13612.9,0,成功,
34,034_广东梅州磁性材料有限公司顺德分公司迁扩建项目_01_受理公告或公示版,E:\华南理工项目\环评文件汇总\01_GitHub项目与研究文档\eia-openclaw-sync-chen2026\05_QA测试集\人工核查_环评报告出处整理_20260715\解析文本输出_按问答顺序\034_广东梅州磁性材料有限公司顺德分公司迁扩建项目_01_受理公告或公示版\034_广东梅州磁性材料有限公司顺德分公司迁扩建项目_01_受理公告或公示版.html,E:\华南理工项目\环评文件汇总\01_GitHub项目与研究文档\eia-openclaw-sync-chen2026\05_QA测试集\人工核查_环评报告出处整理_20260715\解析文本输出_按目录章节_20000token\034_广东梅州磁性材料有限公司顺德分公司迁扩建项目_01_受理公告或公示版\034_广东梅州磁性材料有限公司顺德分公司迁扩建项目_01_受理公告或公示版.json,2,6,17947,13873.5,0,成功,
35,035_佛山麦琪科技有限公司建设项目_01_受理公告或公示版,E:\华南理工项目\环评文件汇总\01_GitHub项目与研究文档\eia-openclaw-sync-chen2026\05_QA测试集\人工核查_环评报告出处整理_20260715\解析文本输出_按问答顺序\035_佛山麦琪科技有限公司建设项目_01_受理公告或公示版\035_佛山麦琪科技有限公司建设项目_01_受理公告或公示版.html,E:\华南理工项目\环评文件汇总\01_GitHub项目与研究文档\eia-openclaw-sync-chen2026\05_QA测试集\人工核查_环评报告出处整理_20260715\解析文本输出_按目录章节_20000token\035_佛山麦琪科技有限公司建设项目_01_受理公告或公示版\035_佛山麦琪科技有限公司建设项目_01_受理公告或公示版.json,1,4,17739,14144.8,0,成功,
36,036_佛山市顺德区晟昂电子科技有限公司新建项目_01_报批稿或报告表,E:\华南理工项目\环评文件汇总\01_GitHub项目与研究文档\eia-openclaw-sync-chen2026\05_QA测试集\人工核查_环评报告出处整理_20260715\解析文本输出_按问答顺序\036_佛山市顺德区晟昂电子科技有限公司新建项目_01_报批稿或报告表\036_佛山市顺德区晟昂电子科技有限公司新建项目_01_报批稿或报告表.html,E:\华南理工项目\环评文件汇总\01_GitHub项目与研究文档\eia-openclaw-sync-chen2026\05_QA测试集\人工核查_环评报告出处整理_20260715\解析文本输出_按目录章节_20000token\036_佛山市顺德区晟昂电子科技有限公司新建项目_01_报批稿或报告表\036_佛山市顺德区晟昂电子科技有限公司新建项目_01_报批稿或报告表.json,2,5,17821,13734.6,0,成功,
37,037_佛山市锦汇塑料制品有限公司新建项目_01_受理公告或公示版,E:\华南理工项目\环评文件汇总\01_GitHub项目与研究文档\eia-openclaw-sync-chen2026\05_QA测试集\人工核查_环评报告出处整理_20260715\解析文本输出_按问答顺序\037_佛山市锦汇塑料制品有限公司新建项目_01_受理公告或公示版\037_佛山市锦汇塑料制品有限公司新建项目_01_受理公告或公示版.html,E:\华南理工项目\环评文件汇总\01_GitHub项目与研究文档\eia-openclaw-sync-chen2026\05_QA测试集\人工核查_环评报告出处整理_20260715\解析文本输出_按目录章节_20000token\037_佛山市锦汇塑料制品有限公司新建项目_01_受理公告或公示版\037_佛山市锦汇塑料制品有限公司新建项目_01_受理公告或公示版.json,1,4,18001,15786.2,0,成功,
38,038_佛山市海川塑料制品有限公司新建项目_01_受理公告或公示版,E:\华南理工项目\环评文件汇总\01_GitHub项目与研究文档\eia-openclaw-sync-chen2026\05_QA测试集\人工核查_环评报告出处整理_20260715\解析文本输出_按问答顺序\038_佛山市海川塑料制品有限公司新建项目_01_受理公告或公示版\038_佛山市海川塑料制品有限公司新建项目_01_受理公告或公示版.html,E:\华南理工项目\环评文件汇总\01_GitHub项目与研究文档\eia-openclaw-sync-chen2026\05_QA测试集\人工核查_环评报告出处整理_20260715\解析文本输出_按目录章节_20000token\038_佛山市海川塑料制品有限公司新建项目_01_受理公告或公示版\038_佛山市海川塑料制品有限公司新建项目_01_受理公告或公示版.json,1,5,17936,10991.2,0,成功,
39,039_佛山市创灏五金塑料有限公司年产塑料制品1250万件迁改扩建项目_01_受理公告或公示版,E:\华南理工项目\环评文件汇总\01_GitHub项目与研究文档\eia-openclaw-sync-chen2026\05_QA测试集\人工核查_环评报告出处整理_20260715\解析文本输出_按问答顺序\039_佛山市创灏五金塑料有限公司年产塑料制品1250万件迁改扩建项目_01_受理公告或公示版\039_佛山市创灏五金塑料有限公司年产塑料制品1250万件迁改扩建项目_01_受理公告或公示版.html,E:\华南理工项目\环评文件汇总\01_GitHub项目与研究文档\eia-openclaw-sync-chen2026\05_QA测试集\人工核查_环评报告出处整理_20260715\解析文本输出_按目录章节_20000token\039_佛山市创灏五金塑料有限公司年产塑料制品1250万件迁改扩建项目_01_受理公告或公示版\039_佛山市创灏五金塑料有限公司年产塑料制品1250万件迁改扩建项目_01_受理公告或公示版.json,2,4,17869,16873,0,成功,
40,040_佛山市顺德区夏瑞塑胶有限公司迁扩建项目_01_受理公告或公示版,E:\华南理工项目\环评文件汇总\01_GitHub项目与研究文档\eia-openclaw-sync-chen2026\05_QA测试集\人工核查_环评报告出处整理_20260715\解析文本输出_按问答顺序\040_佛山市顺德区夏瑞塑胶有限公司迁扩建项目_01_受理公告或公示版\040_佛山市顺德区夏瑞塑胶有限公司迁扩建项目_01_受理公告或公示版.html,E:\华南理工项目\环评文件汇总\01_GitHub项目与研究文档\eia-openclaw-sync-chen2026\05_QA测试集\人工核查_环评报告出处整理_20260715\解析文本输出_按目录章节_20000token\040_佛山市顺德区夏瑞塑胶有限公司迁扩建项目_01_受理公告或公示版\040_佛山市顺德区夏瑞塑胶有限公司迁扩建项目_01_受理公告或公示版.json,1,4,17756,14549,0,成功,
41,041_佛山市益旭电器有限公司新建项目_01_受理公告或公示版,E:\华南理工项目\环评文件汇总\01_GitHub项目与研究文档\eia-openclaw-sync-chen2026\05_QA测试集\人工核查_环评报告出处整理_20260715\解析文本输出_按问答顺序\041_佛山市益旭电器有限公司新建项目_01_受理公告或公示版\041_佛山市益旭电器有限公司新建项目_01_受理公告或公示版.html,E:\华南理工项目\环评文件汇总\01_GitHub项目与研究文档\eia-openclaw-sync-chen2026\05_QA测试集\人工核查_环评报告出处整理_20260715\解析文本输出_按目录章节_20000token\041_佛山市益旭电器有限公司新建项目_01_受理公告或公示版\041_佛山市益旭电器有限公司新建项目_01_受理公告或公示版.json,1,5,17355,12314.6,0,成功,
42,042_佛山市昇汇包装材料有限公司新建项目_01_受理公告或公示版,E:\华南理工项目\环评文件汇总\01_GitHub项目与研究文档\eia-openclaw-sync-chen2026\05_QA测试集\人工核查_环评报告出处整理_20260715\解析文本输出_按问答顺序\042_佛山市昇汇包装材料有限公司新建项目_01_受理公告或公示版\042_佛山市昇汇包装材料有限公司新建项目_01_受理公告或公示版.html,E:\华南理工项目\环评文件汇总\01_GitHub项目与研究文档\eia-openclaw-sync-chen2026\05_QA测试集\人工核查_环评报告出处整理_20260715\解析文本输出_按目录章节_20000token\042_佛山市昇汇包装材料有限公司新建项目_01_受理公告或公示版\042_佛山市昇汇包装材料有限公司新建项目_01_受理公告或公示版.json,1,5,17837,11536.4,0,成功,
43,043_佛山市富懿塑料制品有限公司新建项目_01_报批稿或报告表,E:\华南理工项目\环评文件汇总\01_GitHub项目与研究文档\eia-openclaw-sync-chen2026\05_QA测试集\人工核查_环评报告出处整理_20260715\解析文本输出_按问答顺序\043_佛山市富懿塑料制品有限公司新建项目_01_报批稿或报告表\043_佛山市富懿塑料制品有限公司新建项目_01_报批稿或报告表.html,E:\华南理工项目\环评文件汇总\01_GitHub项目与研究文档\eia-openclaw-sync-chen2026\05_QA测试集\人工核查_环评报告出处整理_20260715\解析文本输出_按目录章节_20000token\043_佛山市富懿塑料制品有限公司新建项目_01_报批稿或报告表\043_佛山市富懿塑料制品有限公司新建项目_01_报批稿或报告表.json,1,3,17765,15304,0,成功,
44,044_佛山市圣鑫塑料制品有限公司新建项目_01_受理公告或公示版,E:\华南理工项目\环评文件汇总\01_GitHub项目与研究文档\eia-openclaw-sync-chen2026\05_QA测试集\人工核查_环评报告出处整理_20260715\解析文本输出_按问答顺序\044_佛山市圣鑫塑料制品有限公司新建项目_01_受理公告或公示版\044_佛山市圣鑫塑料制品有限公司新建项目_01_受理公告或公示版.html,E:\华南理工项目\环评文件汇总\01_GitHub项目与研究文档\eia-openclaw-sync-chen2026\05_QA测试集\人工核查_环评报告出处整理_20260715\解析文本输出_按目录章节_20000token\044_佛山市圣鑫塑料制品有限公司新建项目_01_受理公告或公示版\044_佛山市圣鑫塑料制品有限公司新建项目_01_受理公告或公示版.json,1,5,17958,11812.2,0,成功,
45,045_佛山智达医疗器械有限公司新建项目_01_受理公告或公示版,E:\华南理工项目\环评文件汇总\01_GitHub项目与研究文档\eia-openclaw-sync-chen2026\05_QA测试集\人工核查_环评报告出处整理_20260715\解析文本输出_按问答顺序\045_佛山智达医疗器械有限公司新建项目_01_受理公告或公示版\045_佛山智达医疗器械有限公司新建项目_01_受理公告或公示版.html,E:\华南理工项目\环评文件汇总\01_GitHub项目与研究文档\eia-openclaw-sync-chen2026\05_QA测试集\人工核查_环评报告出处整理_20260715\解析文本输出_按目录章节_20000token\045_佛山智达医疗器械有限公司新建项目_01_受理公告或公示版\045_佛山智达医疗器械有限公司新建项目_01_受理公告或公示版.json,2,5,17920,12623.6,0,成功,
46,046_佛山市顺德区华祥坤工艺电器有限公司扩建项目_01_受理公告或公示版,E:\华南理工项目\环评文件汇总\01_GitHub项目与研究文档\eia-openclaw-sync-chen2026\05_QA测试集\人工核查_环评报告出处整理_20260715\解析文本输出_按问答顺序\046_佛山市顺德区华祥坤工艺电器有限公司扩建项目_01_受理公告或公示版\046_佛山市顺德区华祥坤工艺电器有限公司扩建项目_01_受理公告或公示版.html,E:\华南理工项目\环评文件汇总\01_GitHub项目与研究文档\eia-openclaw-sync-chen2026\05_QA测试集\人工核查_环评报告出处整理_20260715\解析文本输出_按目录章节_20000token\046_佛山市顺德区华祥坤工艺电器有限公司扩建项目_01_受理公告或公示版\046_佛山市顺德区华祥坤工艺电器有限公司扩建项目_01_受理公告或公示版.json,2,6,17760,14033.3,0,成功,
47,047_广东希睿思汽车零部件有限公司新建项目_01_受理公告或公示版,E:\华南理工项目\环评文件汇总\01_GitHub项目与研究文档\eia-openclaw-sync-chen2026\05_QA测试集\人工核查_环评报告出处整理_20260715\解析文本输出_按问答顺序\047_广东希睿思汽车零部件有限公司新建项目_01_受理公告或公示版\047_广东希睿思汽车零部件有限公司新建项目_01_受理公告或公示版.html,E:\华南理工项目\环评文件汇总\01_GitHub项目与研究文档\eia-openclaw-sync-chen2026\05_QA测试集\人工核查_环评报告出处整理_20260715\解析文本输出_按目录章节_20000token\047_广东希睿思汽车零部件有限公司新建项目_01_受理公告或公示版\047_广东希睿思汽车零部件有限公司新建项目_01_受理公告或公示版.json,2,6,17804,13550.3,0,成功,
48,048_佛山市顺德区嘉保洁具有限公司迁建项目_01_报批稿或报告表,E:\华南理工项目\环评文件汇总\01_GitHub项目与研究文档\eia-openclaw-sync-chen2026\05_QA测试集\人工核查_环评报告出处整理_20260715\解析文本输出_按问答顺序\048_佛山市顺德区嘉保洁具有限公司迁建项目_01_报批稿或报告表\048_佛山市顺德区嘉保洁具有限公司迁建项目_01_报批稿或报告表.html,E:\华南理工项目\环评文件汇总\01_GitHub项目与研究文档\eia-openclaw-sync-chen2026\05_QA测试集\人工核查_环评报告出处整理_20260715\解析文本输出_按目录章节_20000token\048_佛山市顺德区嘉保洁具有限公司迁建项目_01_报批稿或报告表\048_佛山市顺德区嘉保洁具有限公司迁建项目_01_报批稿或报告表.json,2,5,17829,13936.4,0,成功,
49,049_佛山市力方电器科技有限公司新建项目_01_报批稿或报告表,E:\华南理工项目\环评文件汇总\01_GitHub项目与研究文档\eia-openclaw-sync-chen2026\05_QA测试集\人工核查_环评报告出处整理_20260715\解析文本输出_按问答顺序\049_佛山市力方电器科技有限公司新建项目_01_报批稿或报告表\049_佛山市力方电器科技有限公司新建项目_01_报批稿或报告表.html,E:\华南理工项目\环评文件汇总\01_GitHub项目与研究文档\eia-openclaw-sync-chen2026\05_QA测试集\人工核查_环评报告出处整理_20260715\解析文本输出_按目录章节_20000token\049_佛山市力方电器科技有限公司新建项目_01_报批稿或报告表\049_佛山市力方电器科技有限公司新建项目_01_报批稿或报告表.json,0,1,48,48,0,成功,
50,050_佛山市顺德区红昇电器有限公司新建项目_01_受理公告或公示版,E:\华南理工项目\环评文件汇总\01_GitHub项目与研究文档\eia-openclaw-sync-chen2026\05_QA测试集\人工核查_环评报告出处整理_20260715\解析文本输出_按问答顺序\050_佛山市顺德区红昇电器有限公司新建项目_01_受理公告或公示版\050_佛山市顺德区红昇电器有限公司新建项目_01_受理公告或公示版.html,E:\华南理工项目\环评文件汇总\01_GitHub项目与研究文档\eia-openclaw-sync-chen2026\05_QA测试集\人工核查_环评报告出处整理_20260715\解析文本输出_按目录章节_20000token\050_佛山市顺德区红昇电器有限公司新建项目_01_受理公告或公示版\050_佛山市顺德区红昇电器有限公司新建项目_01_受理公告或公示版.json,1,5,18012,12778.4,0,成功,
51,051_佛山市力新五金塑胶制品有限公司新建项目_01_受理公告或公示版,E:\华南理工项目\环评文件汇总\01_GitHub项目与研究文档\eia-openclaw-sync-chen2026\05_QA测试集\人工核查_环评报告出处整理_20260715\解析文本输出_按问答顺序\051_佛山市力新五金塑胶制品有限公司新建项目_01_受理公告或公示版\051_佛山市力新五金塑胶制品有限公司新建项目_01_受理公告或公示版.html,E:\华南理工项目\环评文件汇总\01_GitHub项目与研究文档\eia-openclaw-sync-chen2026\05_QA测试集\人工核查_环评报告出处整理_20260715\解析文本输出_按目录章节_20000token\051_佛山市力新五金塑胶制品有限公司新建项目_01_受理公告或公示版\051_佛山市力新五金塑胶制品有限公司新建项目_01_受理公告或公示版.json,2,6,17993,12789.5,0,成功,
52,052_佛山市祖帮海绵有限公司新建项目_01_受理公告或公示版,E:\华南理工项目\环评文件汇总\01_GitHub项目与研究文档\eia-openclaw-sync-chen2026\05_QA测试集\人工核查_环评报告出处整理_20260715\解析文本输出_按问答顺序\052_佛山市祖帮海绵有限公司新建项目_01_受理公告或公示版\052_佛山市祖帮海绵有限公司新建项目_01_受理公告或公示版.html,E:\华南理工项目\环评文件汇总\01_GitHub项目与研究文档\eia-openclaw-sync-chen2026\05_QA测试集\人工核查_环评报告出处整理_20260715\解析文本输出_按目录章节_20000token\052_佛山市祖帮海绵有限公司新建项目_01_受理公告或公示版\052_佛山市祖帮海绵有限公司新建项目_01_受理公告或公示版.json,4,13,18096,16256.9,0,成功,
53,053_佛山粤友塑料制品有限公司新建项目_01_受理公告或公示版,E:\华南理工项目\环评文件汇总\01_GitHub项目与研究文档\eia-openclaw-sync-chen2026\05_QA测试集\人工核查_环评报告出处整理_20260715\解析文本输出_按问答顺序\053_佛山粤友塑料制品有限公司新建项目_01_受理公告或公示版\053_佛山粤友塑料制品有限公司新建项目_01_受理公告或公示版.html,E:\华南理工项目\环评文件汇总\01_GitHub项目与研究文档\eia-openclaw-sync-chen2026\05_QA测试集\人工核查_环评报告出处整理_20260715\解析文本输出_按目录章节_20000token\053_佛山粤友塑料制品有限公司新建项目_01_受理公告或公示版\053_佛山粤友塑料制品有限公司新建项目_01_受理公告或公示版.json,1,5,17316,11588,0,成功,
54,054_佛山诗佳格科技有限公司新建项目_01_受理公告或公示版,E:\华南理工项目\环评文件汇总\01_GitHub项目与研究文档\eia-openclaw-sync-chen2026\05_QA测试集\人工核查_环评报告出处整理_20260715\解析文本输出_按问答顺序\054_佛山诗佳格科技有限公司新建项目_01_受理公告或公示版\054_佛山诗佳格科技有限公司新建项目_01_受理公告或公示版.html,E:\华南理工项目\环评文件汇总\01_GitHub项目与研究文档\eia-openclaw-sync-chen2026\05_QA测试集\人工核查_环评报告出处整理_20260715\解析文本输出_按目录章节_20000token\054_佛山诗佳格科技有限公司新建项目_01_受理公告或公示版\054_佛山诗佳格科技有限公司新建项目_01_受理公告或公示版.json,2,5,17806,12788,0,成功,
55,055_佛山市乔安电器有限公司迁建项目_01_受理公告或公示版,E:\华南理工项目\环评文件汇总\01_GitHub项目与研究文档\eia-openclaw-sync-chen2026\05_QA测试集\人工核查_环评报告出处整理_20260715\解析文本输出_按问答顺序\055_佛山市乔安电器有限公司迁建项目_01_受理公告或公示版\055_佛山市乔安电器有限公司迁建项目_01_受理公告或公示版.html,E:\华南理工项目\环评文件汇总\01_GitHub项目与研究文档\eia-openclaw-sync-chen2026\05_QA测试集\人工核查_环评报告出处整理_20260715\解析文本输出_按目录章节_20000token\055_佛山市乔安电器有限公司迁建项目_01_受理公告或公示版\055_佛山市乔安电器有限公司迁建项目_01_受理公告或公示版.json,1,5,17604,11896.2,0,成功,
56,056_佛山市顺德区菱昌精密塑料五金实业有限公司新建项目_01_受理公告或公示版,E:\华南理工项目\环评文件汇总\01_GitHub项目与研究文档\eia-openclaw-sync-chen2026\05_QA测试集\人工核查_环评报告出处整理_20260715\解析文本输出_按问答顺序\056_佛山市顺德区菱昌精密塑料五金实业有限公司新建项目_01_受理公告或公示版\056_佛山市顺德区菱昌精密塑料五金实业有限公司新建项目_01_受理公告或公示版.html,E:\华南理工项目\环评文件汇总\01_GitHub项目与研究文档\eia-openclaw-sync-chen2026\05_QA测试集\人工核查_环评报告出处整理_20260715\解析文本输出_按目录章节_20000token\056_佛山市顺德区菱昌精密塑料五金实业有限公司新建项目_01_受理公告或公示版\056_佛山市顺德区菱昌精密塑料五金实业有限公司新建项目_01_受理公告或公示版.json,2,4,17507,15906.5,0,成功,
57,057_佛山市德田科技有限公司建设项目_01_受理公告或公示版,E:\华南理工项目\环评文件汇总\01_GitHub项目与研究文档\eia-openclaw-sync-chen2026\05_QA测试集\人工核查_环评报告出处整理_20260715\解析文本输出_按问答顺序\057_佛山市德田科技有限公司建设项目_01_受理公告或公示版\057_佛山市德田科技有限公司建设项目_01_受理公告或公示版.html,E:\华南理工项目\环评文件汇总\01_GitHub项目与研究文档\eia-openclaw-sync-chen2026\05_QA测试集\人工核查_环评报告出处整理_20260715\解析文本输出_按目录章节_20000token\057_佛山市德田科技有限公司建设项目_01_受理公告或公示版\057_佛山市德田科技有限公司建设项目_01_受理公告或公示版.json,1,5,17400,12380.2,0,成功,
58,058_佛山市车壹套塑料制品有限公司新建项目_01_受理公告或公示版,E:\华南理工项目\环评文件汇总\01_GitHub项目与研究文档\eia-openclaw-sync-chen2026\05_QA测试集\人工核查_环评报告出处整理_20260715\解析文本输出_按问答顺序\058_佛山市车壹套塑料制品有限公司新建项目_01_受理公告或公示版\058_佛山市车壹套塑料制品有限公司新建项目_01_受理公告或公示版.html,E:\华南理工项目\环评文件汇总\01_GitHub项目与研究文档\eia-openclaw-sync-chen2026\05_QA测试集\人工核查_环评报告出处整理_20260715\解析文本输出_按目录章节_20000token\058_佛山市车壹套塑料制品有限公司新建项目_01_受理公告或公示版\058_佛山市车壹套塑料制品有限公司新建项目_01_受理公告或公示版.json,1,5,17986,10906,0,成功,
59,059_华硕（广东）新材料股份有限公司新建项目_01_报批稿或报告表,E:\华南理工项目\环评文件汇总\01_GitHub项目与研究文档\eia-openclaw-sync-chen2026\05_QA测试集\人工核查_环评报告出处整理_20260715\解析文本输出_按问答顺序\059_华硕（广东）新材料股份有限公司新建项目_01_报批稿或报告表\059_华硕（广东）新材料股份有限公司新建项目_01_报批稿或报告表.html,E:\华南理工项目\环评文件汇总\01_GitHub项目与研究文档\eia-openclaw-sync-chen2026\05_QA测试集\人工核查_环评报告出处整理_20260715\解析文本输出_按目录章节_20000token\059_华硕（广东）新材料股份有限公司新建项目_01_报批稿或报告表\059_华硕（广东）新材料股份有限公司新建项目_01_报批稿或报告表.json,2,4,18009,15911.5,0,成功,
60,060_佛山汇诚科技有限公司新建项目_01_报批稿或报告表,E:\华南理工项目\环评文件汇总\01_GitHub项目与研究文档\eia-openclaw-sync-chen2026\05_QA测试集\人工核查_环评报告出处整理_20260715\解析文本输出_按问答顺序\060_佛山汇诚科技有限公司新建项目_01_报批稿或报告表\060_佛山汇诚科技有限公司新建项目_01_报批稿或报告表.html,E:\华南理工项目\环评文件汇总\01_GitHub项目与研究文档\eia-openclaw-sync-chen2026\05_QA测试集\人工核查_环评报告出处整理_20260715\解析文本输出_按目录章节_20000token\060_佛山汇诚科技有限公司新建项目_01_报批稿或报告表\060_佛山汇诚科技有限公司新建项目_01_报批稿或报告表.json,2,7,17424,14762.1,0,成功,
61,061_佛山市景素科科技有限公司建设项目_01_受理公告或公示版,E:\华南理工项目\环评文件汇总\01_GitHub项目与研究文档\eia-openclaw-sync-chen2026\05_QA测试集\人工核查_环评报告出处整理_20260715\解析文本输出_按问答顺序\061_佛山市景素科科技有限公司建设项目_01_受理公告或公示版\061_佛山市景素科科技有限公司建设项目_01_受理公告或公示版.html,E:\华南理工项目\环评文件汇总\01_GitHub项目与研究文档\eia-openclaw-sync-chen2026\05_QA测试集\人工核查_环评报告出处整理_20260715\解析文本输出_按目录章节_20000token\061_佛山市景素科科技有限公司建设项目_01_受理公告或公示版\061_佛山市景素科科技有限公司建设项目_01_受理公告或公示版.json,1,5,17863,12322.4,0,成功,
62,062_佛山市智鑫塑胶制品有限公司迁扩建项目_01_报批稿或报告表,E:\华南理工项目\环评文件汇总\01_GitHub项目与研究文档\eia-openclaw-sync-chen2026\05_QA测试集\人工核查_环评报告出处整理_20260715\解析文本输出_按问答顺序\062_佛山市智鑫塑胶制品有限公司迁扩建项目_01_报批稿或报告表\062_佛山市智鑫塑胶制品有限公司迁扩建项目_01_报批稿或报告表.html,E:\华南理工项目\环评文件汇总\01_GitHub项目与研究文档\eia-openclaw-sync-chen2026\05_QA测试集\人工核查_环评报告出处整理_20260715\解析文本输出_按目录章节_20000token\062_佛山市智鑫塑胶制品有限公司迁扩建项目_01_报批稿或报告表\062_佛山市智鑫塑胶制品有限公司迁扩建项目_01_报批稿或报告表.json,2,5,17615,16112.4,0,成功,
63,063_佛山市玖心日用品有限公司新建项目_01_报批稿或报告表,E:\华南理工项目\环评文件汇总\01_GitHub项目与研究文档\eia-openclaw-sync-chen2026\05_QA测试集\人工核查_环评报告出处整理_20260715\解析文本输出_按问答顺序\063_佛山市玖心日用品有限公司新建项目_01_报批稿或报告表\063_佛山市玖心日用品有限公司新建项目_01_报批稿或报告表.html,E:\华南理工项目\环评文件汇总\01_GitHub项目与研究文档\eia-openclaw-sync-chen2026\05_QA测试集\人工核查_环评报告出处整理_20260715\解析文本输出_按目录章节_20000token\063_佛山市玖心日用品有限公司新建项目_01_报批稿或报告表\063_佛山市玖心日用品有限公司新建项目_01_报批稿或报告表.json,2,6,18025,13385.8,0,成功,
64,064_佛山市靓禾厨卫用品有限公司新建项目_01_受理公告或公示版,E:\华南理工项目\环评文件汇总\01_GitHub项目与研究文档\eia-openclaw-sync-chen2026\05_QA测试集\人工核查_环评报告出处整理_20260715\解析文本输出_按问答顺序\064_佛山市靓禾厨卫用品有限公司新建项目_01_受理公告或公示版\064_佛山市靓禾厨卫用品有限公司新建项目_01_受理公告或公示版.html,E:\华南理工项目\环评文件汇总\01_GitHub项目与研究文档\eia-openclaw-sync-chen2026\05_QA测试集\人工核查_环评报告出处整理_20260715\解析文本输出_按目录章节_20000token\064_佛山市靓禾厨卫用品有限公司新建项目_01_受理公告或公示版\064_佛山市靓禾厨卫用品有限公司新建项目_01_受理公告或公示版.json,1,4,17672,13192.2,0,成功,
65,065_万业诚新材料（佛山）有限公司迁建项目_01_受理公告或公示版,E:\华南理工项目\环评文件汇总\01_GitHub项目与研究文档\eia-openclaw-sync-chen2026\05_QA测试集\人工核查_环评报告出处整理_20260715\解析文本输出_按问答顺序\065_万业诚新材料（佛山）有限公司迁建项目_01_受理公告或公示版\065_万业诚新材料（佛山）有限公司迁建项目_01_受理公告或公示版.html,E:\华南理工项目\环评文件汇总\01_GitHub项目与研究文档\eia-openclaw-sync-chen2026\05_QA测试集\人工核查_环评报告出处整理_20260715\解析文本输出_按目录章节_20000token\065_万业诚新材料（佛山）有限公司迁建项目_01_受理公告或公示版\065_万业诚新材料（佛山）有限公司迁建项目_01_受理公告或公示版.json,2,5,17853,16814.2,0,成功,
66,066_广东顺德顺炎新材料股份有限公司年产改性塑料粒6万吨迁扩建项目_01_报批稿或报告表,E:\华南理工项目\环评文件汇总\01_GitHub项目与研究文档\eia-openclaw-sync-chen2026\05_QA测试集\人工核查_环评报告出处整理_20260715\解析文本输出_按问答顺序\066_广东顺德顺炎新材料股份有限公司年产改性塑料粒6万吨迁扩建项目_01_报批稿或报告表\066_广东顺德顺炎新材料股份有限公司年产改性塑料粒6万吨迁扩建项目_01_报批稿或报告表.html,E:\华南理工项目\环评文件汇总\01_GitHub项目与研究文档\eia-openclaw-sync-chen2026\05_QA测试集\人工核查_环评报告出处整理_20260715\解析文本输出_按目录章节_20000token\066_广东顺德顺炎新材料股份有限公司年产改性塑料粒6万吨迁扩建项目_01_报批稿或报告表\066_广东顺德顺炎新材料股份有限公司年产改性塑料粒6万吨迁扩建项目_01_报批稿或报告表.json,1,5,17984,12460,0,成功,
67,067_佛山市顺德区耀顺欣模具厂新建项目_01_受理公告或公示版,E:\华南理工项目\环评文件汇总\01_GitHub项目与研究文档\eia-openclaw-sync-chen2026\05_QA测试集\人工核查_环评报告出处整理_20260715\解析文本输出_按问答顺序\067_佛山市顺德区耀顺欣模具厂新建项目_01_受理公告或公示版\067_佛山市顺德区耀顺欣模具厂新建项目_01_受理公告或公示版.html,E:\华南理工项目\环评文件汇总\01_GitHub项目与研究文档\eia-openclaw-sync-chen2026\05_QA测试集\人工核查_环评报告出处整理_20260715\解析文本输出_按目录章节_20000token\067_佛山市顺德区耀顺欣模具厂新建项目_01_受理公告或公示版\067_佛山市顺德区耀顺欣模具厂新建项目_01_受理公告或公示版.json,1,5,17553,11112.2,0,成功,
68,068_佛山市至贤科技有限公司新建项目_01_受理公告或公示版,E:\华南理工项目\环评文件汇总\01_GitHub项目与研究文档\eia-openclaw-sync-chen2026\05_QA测试集\人工核查_环评报告出处整理_20260715\解析文本输出_按问答顺序\068_佛山市至贤科技有限公司新建项目_01_受理公告或公示版\068_佛山市至贤科技有限公司新建项目_01_受理公告或公示版.html,E:\华南理工项目\环评文件汇总\01_GitHub项目与研究文档\eia-openclaw-sync-chen2026\05_QA测试集\人工核查_环评报告出处整理_20260715\解析文本输出_按目录章节_20000token\068_佛山市至贤科技有限公司新建项目_01_受理公告或公示版\068_佛山市至贤科技有限公司新建项目_01_受理公告或公示版.json,1,4,17945,14875.2,0,成功,
69,069_佛山市安邵塑胶制品有限公司新建项目_01_报批稿或报告表,E:\华南理工项目\环评文件汇总\01_GitHub项目与研究文档\eia-openclaw-sync-chen2026\05_QA测试集\人工核查_环评报告出处整理_20260715\解析文本输出_按问答顺序\069_佛山市安邵塑胶制品有限公司新建项目_01_报批稿或报告表\069_佛山市安邵塑胶制品有限公司新建项目_01_报批稿或报告表.html,E:\华南理工项目\环评文件汇总\01_GitHub项目与研究文档\eia-openclaw-sync-chen2026\05_QA测试集\人工核查_环评报告出处整理_20260715\解析文本输出_按目录章节_20000token\069_佛山市安邵塑胶制品有限公司新建项目_01_报批稿或报告表\069_佛山市安邵塑胶制品有限公司新建项目_01_报批稿或报告表.json,1,4,17725,15544,0,成功,
70,070_佛山市思莱拓科技有限公司新建项目_01_受理公告或公示版,E:\华南理工项目\环评文件汇总\01_GitHub项目与研究文档\eia-openclaw-sync-chen2026\05_QA测试集\人工核查_环评报告出处整理_20260715\解析文本输出_按问答顺序\070_佛山市思莱拓科技有限公司新建项目_01_受理公告或公示版\070_佛山市思莱拓科技有限公司新建项目_01_受理公告或公示版.html,E:\华南理工项目\环评文件汇总\01_GitHub项目与研究文档\eia-openclaw-sync-chen2026\05_QA测试集\人工核查_环评报告出处整理_20260715\解析文本输出_按目录章节_20000token\070_佛山市思莱拓科技有限公司新建项目_01_受理公告或公示版\070_佛山市思莱拓科技有限公司新建项目_01_受理公告或公示版.json,1,5,17550,12420.4,0,成功,
71,071_佛山市昊芸照明有限公司新建项目_01_受理公告或公示版,E:\华南理工项目\环评文件汇总\01_GitHub项目与研究文档\eia-openclaw-sync-chen2026\05_QA测试集\人工核查_环评报告出处整理_20260715\解析文本输出_按问答顺序\071_佛山市昊芸照明有限公司新建项目_01_受理公告或公示版\071_佛山市昊芸照明有限公司新建项目_01_受理公告或公示版.html,E:\华南理工项目\环评文件汇总\01_GitHub项目与研究文档\eia-openclaw-sync-chen2026\05_QA测试集\人工核查_环评报告出处整理_20260715\解析文本输出_按目录章节_20000token\071_佛山市昊芸照明有限公司新建项目_01_受理公告或公示版\071_佛山市昊芸照明有限公司新建项目_01_受理公告或公示版.json,1,4,17703,15526.5,0,成功,
72,072_佛山市友帝塑料制品有限公司扩建项目_01_受理公告或公示版,E:\华南理工项目\环评文件汇总\01_GitHub项目与研究文档\eia-openclaw-sync-chen2026\05_QA测试集\人工核查_环评报告出处整理_20260715\解析文本输出_按问答顺序\072_佛山市友帝塑料制品有限公司扩建项目_01_受理公告或公示版\072_佛山市友帝塑料制品有限公司扩建项目_01_受理公告或公示版.html,E:\华南理工项目\环评文件汇总\01_GitHub项目与研究文档\eia-openclaw-sync-chen2026\05_QA测试集\人工核查_环评报告出处整理_20260715\解析文本输出_按目录章节_20000token\072_佛山市友帝塑料制品有限公司扩建项目_01_受理公告或公示版\072_佛山市友帝塑料制品有限公司扩建项目_01_受理公告或公示版.json,2,5,17211,13633.6,0,成功,
73,073_佛山市优塑包装科技有限公司新建项目_01_受理公告或公示版,E:\华南理工项目\环评文件汇总\01_GitHub项目与研究文档\eia-openclaw-sync-chen2026\05_QA测试集\人工核查_环评报告出处整理_20260715\解析文本输出_按问答顺序\073_佛山市优塑包装科技有限公司新建项目_01_受理公告或公示版\073_佛山市优塑包装科技有限公司新建项目_01_受理公告或公示版.html,E:\华南理工项目\环评文件汇总\01_GitHub项目与研究文档\eia-openclaw-sync-chen2026\05_QA测试集\人工核查_环评报告出处整理_20260715\解析文本输出_按目录章节_20000token\073_佛山市优塑包装科技有限公司新建项目_01_受理公告或公示版\073_佛山市优塑包装科技有限公司新建项目_01_受理公告或公示版.json,1,5,17986,11175,0,成功,
74,074_佛山市顺德区德盈誉智能制造有限公司新建项目_01_受理公告或公示版,E:\华南理工项目\环评文件汇总\01_GitHub项目与研究文档\eia-openclaw-sync-chen2026\05_QA测试集\人工核查_环评报告出处整理_20260715\解析文本输出_按问答顺序\074_佛山市顺德区德盈誉智能制造有限公司新建项目_01_受理公告或公示版\074_佛山市顺德区德盈誉智能制造有限公司新建项目_01_受理公告或公示版.html,E:\华南理工项目\环评文件汇总\01_GitHub项目与研究文档\eia-openclaw-sync-chen2026\05_QA测试集\人工核查_环评报告出处整理_20260715\解析文本输出_按目录章节_20000token\074_佛山市顺德区德盈誉智能制造有限公司新建项目_01_受理公告或公示版\074_佛山市顺德区德盈誉智能制造有限公司新建项目_01_受理公告或公示版.json,1,5,17359,11483.4,0,成功,
75,075_广东圣鑫机电股份有限公司扩建项目_01_受理公告或公示版,E:\华南理工项目\环评文件汇总\01_GitHub项目与研究文档\eia-openclaw-sync-chen2026\05_QA测试集\人工核查_环评报告出处整理_20260715\解析文本输出_按问答顺序\075_广东圣鑫机电股份有限公司扩建项目_01_受理公告或公示版\075_广东圣鑫机电股份有限公司扩建项目_01_受理公告或公示版.html,E:\华南理工项目\环评文件汇总\01_GitHub项目与研究文档\eia-openclaw-sync-chen2026\05_QA测试集\人工核查_环评报告出处整理_20260715\解析文本输出_按目录章节_20000token\075_广东圣鑫机电股份有限公司扩建项目_01_受理公告或公示版\075_广东圣鑫机电股份有限公司扩建项目_01_受理公告或公示版.json,2,6,18030,13057,0,成功,
76,076_佛山市顺德区保塑管业有限公司迁扩建项目_01_受理公告或公示版,E:\华南理工项目\环评文件汇总\01_GitHub项目与研究文档\eia-openclaw-sync-chen2026\05_QA测试集\人工核查_环评报告出处整理_20260715\解析文本输出_按问答顺序\076_佛山市顺德区保塑管业有限公司迁扩建项目_01_受理公告或公示版\076_佛山市顺德区保塑管业有限公司迁扩建项目_01_受理公告或公示版.html,E:\华南理工项目\环评文件汇总\01_GitHub项目与研究文档\eia-openclaw-sync-chen2026\05_QA测试集\人工核查_环评报告出处整理_20260715\解析文本输出_按目录章节_20000token\076_佛山市顺德区保塑管业有限公司迁扩建项目_01_受理公告或公示版\076_佛山市顺德区保塑管业有限公司迁扩建项目_01_受理公告或公示版.json,2,5,17457,15258.2,0,成功,
77,077_佛山市顺德区康明新材料厂新建项目_01_受理公告或公示版,E:\华南理工项目\环评文件汇总\01_GitHub项目与研究文档\eia-openclaw-sync-chen2026\05_QA测试集\人工核查_环评报告出处整理_20260715\解析文本输出_按问答顺序\077_佛山市顺德区康明新材料厂新建项目_01_受理公告或公示版\077_佛山市顺德区康明新材料厂新建项目_01_受理公告或公示版.html,E:\华南理工项目\环评文件汇总\01_GitHub项目与研究文档\eia-openclaw-sync-chen2026\05_QA测试集\人工核查_环评报告出处整理_20260715\解析文本输出_按目录章节_20000token\077_佛山市顺德区康明新材料厂新建项目_01_受理公告或公示版\077_佛山市顺德区康明新材料厂新建项目_01_受理公告或公示版.json,2,6,17631,12367.5,0,成功,
78,078_佛山市顺德区中润基誉新材料科技有限公司新建项目_01_受理公告或公示版,E:\华南理工项目\环评文件汇总\01_GitHub项目与研究文档\eia-openclaw-sync-chen2026\05_QA测试集\人工核查_环评报告出处整理_20260715\解析文本输出_按问答顺序\078_佛山市顺德区中润基誉新材料科技有限公司新建项目_01_受理公告或公示版\078_佛山市顺德区中润基誉新材料科技有限公司新建项目_01_受理公告或公示版.html,E:\华南理工项目\环评文件汇总\01_GitHub项目与研究文档\eia-openclaw-sync-chen2026\05_QA测试集\人工核查_环评报告出处整理_20260715\解析文本输出_按目录章节_20000token\078_佛山市顺德区中润基誉新材料科技有限公司新建项目_01_受理公告或公示版\078_佛山市顺德区中润基誉新材料科技有限公司新建项目_01_受理公告或公示版.json,2,6,17455,13041.7,0,成功,
79,079_广东周杨科电器有限公司迁扩建项目_01_受理公告或公示版,E:\华南理工项目\环评文件汇总\01_GitHub项目与研究文档\eia-openclaw-sync-chen2026\05_QA测试集\人工核查_环评报告出处整理_20260715\解析文本输出_按问答顺序\079_广东周杨科电器有限公司迁扩建项目_01_受理公告或公示版\079_广东周杨科电器有限公司迁扩建项目_01_受理公告或公示版.html,E:\华南理工项目\环评文件汇总\01_GitHub项目与研究文档\eia-openclaw-sync-chen2026\05_QA测试集\人工核查_环评报告出处整理_20260715\解析文本输出_按目录章节_20000token\079_广东周杨科电器有限公司迁扩建项目_01_受理公告或公示版\079_广东周杨科电器有限公司迁扩建项目_01_受理公告或公示版.json,1,5,18029,12361.6,0,成功,
80,080_佛山市科镁电器科技有限公司新建项目_01_受理公告或公示版,E:\华南理工项目\环评文件汇总\01_GitHub项目与研究文档\eia-openclaw-sync-chen2026\05_QA测试集\人工核查_环评报告出处整理_20260715\解析文本输出_按问答顺序\080_佛山市科镁电器科技有限公司新建项目_01_受理公告或公示版\080_佛山市科镁电器科技有限公司新建项目_01_受理公告或公示版.html,E:\华南理工项目\环评文件汇总\01_GitHub项目与研究文档\eia-openclaw-sync-chen2026\05_QA测试集\人工核查_环评报告出处整理_20260715\解析文本输出_按目录章节_20000token\080_佛山市科镁电器科技有限公司新建项目_01_受理公告或公示版\080_佛山市科镁电器科技有限公司新建项目_01_受理公告或公示版.json,1,4,18000,16138.8,0,成功,
81,081_佛山市安邵塑胶制品有限公司新建项目_01_受理公告或公示版,E:\华南理工项目\环评文件汇总\01_GitHub项目与研究文档\eia-openclaw-sync-chen2026\05_QA测试集\人工核查_环评报告出处整理_20260715\解析文本输出_按问答顺序\081_佛山市安邵塑胶制品有限公司新建项目_01_受理公告或公示版\081_佛山市安邵塑胶制品有限公司新建项目_01_受理公告或公示版.html,E:\华南理工项目\环评文件汇总\01_GitHub项目与研究文档\eia-openclaw-sync-chen2026\05_QA测试集\人工核查_环评报告出处整理_20260715\解析文本输出_按目录章节_20000token\081_佛山市安邵塑胶制品有限公司新建项目_01_受理公告或公示版\081_佛山市安邵塑胶制品有限公司新建项目_01_受理公告或公示版.json,1,4,17532,14681.2,0,成功,
82,082_佛山市优力塑电器有限公司新建项目_01_报批稿或报告表,E:\华南理工项目\环评文件汇总\01_GitHub项目与研究文档\eia-openclaw-sync-chen2026\05_QA测试集\人工核查_环评报告出处整理_20260715\解析文本输出_按问答顺序\082_佛山市优力塑电器有限公司新建项目_01_报批稿或报告表\082_佛山市优力塑电器有限公司新建项目_01_报批稿或报告表.html,E:\华南理工项目\环评文件汇总\01_GitHub项目与研究文档\eia-openclaw-sync-chen2026\05_QA测试集\人工核查_环评报告出处整理_20260715\解析文本输出_按目录章节_20000token\082_佛山市优力塑电器有限公司新建项目_01_报批稿或报告表\082_佛山市优力塑电器有限公司新建项目_01_报批稿或报告表.json,1,4,18028,14863.2,0,成功,
83,083_佛山市永佳奕科技有限公司扩建项目_01_受理公告或公示版,E:\华南理工项目\环评文件汇总\01_GitHub项目与研究文档\eia-openclaw-sync-chen2026\05_QA测试集\人工核查_环评报告出处整理_20260715\解析文本输出_按问答顺序\083_佛山市永佳奕科技有限公司扩建项目_01_受理公告或公示版\083_佛山市永佳奕科技有限公司扩建项目_01_受理公告或公示版.html,E:\华南理工项目\环评文件汇总\01_GitHub项目与研究文档\eia-openclaw-sync-chen2026\05_QA测试集\人工核查_环评报告出处整理_20260715\解析文本输出_按目录章节_20000token\083_佛山市永佳奕科技有限公司扩建项目_01_受理公告或公示版\083_佛山市永佳奕科技有限公司扩建项目_01_受理公告或公示版.json,2,5,17555,13360.2,0,成功,
84,084_佛山市凌锴源模具科技有限公司迁扩建项目_01_受理公告或公示版,E:\华南理工项目\环评文件汇总\01_GitHub项目与研究文档\eia-openclaw-sync-chen2026\05_QA测试集\人工核查_环评报告出处整理_20260715\解析文本输出_按问答顺序\084_佛山市凌锴源模具科技有限公司迁扩建项目_01_受理公告或公示版\084_佛山市凌锴源模具科技有限公司迁扩建项目_01_受理公告或公示版.html,E:\华南理工项目\环评文件汇总\01_GitHub项目与研究文档\eia-openclaw-sync-chen2026\05_QA测试集\人工核查_环评报告出处整理_20260715\解析文本输出_按目录章节_20000token\084_佛山市凌锴源模具科技有限公司迁扩建项目_01_受理公告或公示版\084_佛山市凌锴源模具科技有限公司迁扩建项目_01_受理公告或公示版.json,2,4,17858,17107.2,0,成功,
85,085_佛山市集北龙华海绵制造股份有限公司搬迁扩建项目_01_受理公告或公示版,E:\华南理工项目\环评文件汇总\01_GitHub项目与研究文档\eia-openclaw-sync-chen2026\05_QA测试集\人工核查_环评报告出处整理_20260715\解析文本输出_按问答顺序\085_佛山市集北龙华海绵制造股份有限公司搬迁扩建项目_01_受理公告或公示版\085_佛山市集北龙华海绵制造股份有限公司搬迁扩建项目_01_受理公告或公示版.html,E:\华南理工项目\环评文件汇总\01_GitHub项目与研究文档\eia-openclaw-sync-chen2026\05_QA测试集\人工核查_环评报告出处整理_20260715\解析文本输出_按目录章节_20000token\085_佛山市集北龙华海绵制造股份有限公司搬迁扩建项目_01_受理公告或公示版\085_佛山市集北龙华海绵制造股份有限公司搬迁扩建项目_01_受理公告或公示版.json,4,12,17895,17081.6,0,成功,
86,086_佛山市新得雅科技有限责任公司新建项目_01_受理公告或公示版,E:\华南理工项目\环评文件汇总\01_GitHub项目与研究文档\eia-openclaw-sync-chen2026\05_QA测试集\人工核查_环评报告出处整理_20260715\解析文本输出_按问答顺序\086_佛山市新得雅科技有限责任公司新建项目_01_受理公告或公示版\086_佛山市新得雅科技有限责任公司新建项目_01_受理公告或公示版.html,E:\华南理工项目\环评文件汇总\01_GitHub项目与研究文档\eia-openclaw-sync-chen2026\05_QA测试集\人工核查_环评报告出处整理_20260715\解析文本输出_按目录章节_20000token\086_佛山市新得雅科技有限责任公司新建项目_01_受理公告或公示版\086_佛山市新得雅科技有限责任公司新建项目_01_受理公告或公示版.json,4,11,17976,17240.4,0,成功,
87,087_佛山市丰友享家具配件实业有限公司迁扩建项目_01_受理公告或公示版,E:\华南理工项目\环评文件汇总\01_GitHub项目与研究文档\eia-openclaw-sync-chen2026\05_QA测试集\人工核查_环评报告出处整理_20260715\解析文本输出_按问答顺序\087_佛山市丰友享家具配件实业有限公司迁扩建项目_01_受理公告或公示版\087_佛山市丰友享家具配件实业有限公司迁扩建项目_01_受理公告或公示版.html,E:\华南理工项目\环评文件汇总\01_GitHub项目与研究文档\eia-openclaw-sync-chen2026\05_QA测试集\人工核查_环评报告出处整理_20260715\解析文本输出_按目录章节_20000token\087_佛山市丰友享家具配件实业有限公司迁扩建项目_01_受理公告或公示版\087_佛山市丰友享家具配件实业有限公司迁扩建项目_01_受理公告或公示版.json,2,4,18004,15779,0,成功,
88,088_佛山市京耘科技有限公司新建项目_01_受理公告或公示版,E:\华南理工项目\环评文件汇总\01_GitHub项目与研究文档\eia-openclaw-sync-chen2026\05_QA测试集\人工核查_环评报告出处整理_20260715\解析文本输出_按问答顺序\088_佛山市京耘科技有限公司新建项目_01_受理公告或公示版\088_佛山市京耘科技有限公司新建项目_01_受理公告或公示版.html,E:\华南理工项目\环评文件汇总\01_GitHub项目与研究文档\eia-openclaw-sync-chen2026\05_QA测试集\人工核查_环评报告出处整理_20260715\解析文本输出_按目录章节_20000token\088_佛山市京耘科技有限公司新建项目_01_受理公告或公示版\088_佛山市京耘科技有限公司新建项目_01_受理公告或公示版.json,1,4,17828,14987.5,0,成功,
89,089_高晖（佛山）新材料科技有限公司新建项目_01_受理公告或公示版,E:\华南理工项目\环评文件汇总\01_GitHub项目与研究文档\eia-openclaw-sync-chen2026\05_QA测试集\人工核查_环评报告出处整理_20260715\解析文本输出_按问答顺序\089_高晖（佛山）新材料科技有限公司新建项目_01_受理公告或公示版\089_高晖（佛山）新材料科技有限公司新建项目_01_受理公告或公示版.html,E:\华南理工项目\环评文件汇总\01_GitHub项目与研究文档\eia-openclaw-sync-chen2026\05_QA测试集\人工核查_环评报告出处整理_20260715\解析文本输出_按目录章节_20000token\089_高晖（佛山）新材料科技有限公司新建项目_01_受理公告或公示版\089_高晖（佛山）新材料科技有限公司新建项目_01_受理公告或公示版.json,2,4,17933,16657.5,0,成功,
90,090_佛山市顺德区共诺电子元件厂搬迁项目_01_受理公告或公示版,E:\华南理工项目\环评文件汇总\01_GitHub项目与研究文档\eia-openclaw-sync-chen2026\05_QA测试集\人工核查_环评报告出处整理_20260715\解析文本输出_按问答顺序\090_佛山市顺德区共诺电子元件厂搬迁项目_01_受理公告或公示版\090_佛山市顺德区共诺电子元件厂搬迁项目_01_受理公告或公示版.html,E:\华南理工项目\环评文件汇总\01_GitHub项目与研究文档\eia-openclaw-sync-chen2026\05_QA测试集\人工核查_环评报告出处整理_20260715\解析文本输出_按目录章节_20000token\090_佛山市顺德区共诺电子元件厂搬迁项目_01_受理公告或公示版\090_佛山市顺德区共诺电子元件厂搬迁项目_01_受理公告或公示版.json,1,3,17584,16630,0,成功,
91,091_佛山市顺佳利智能科技有限公司扩建项目（重新报批）_01_报批稿或报告表,E:\华南理工项目\环评文件汇总\01_GitHub项目与研究文档\eia-openclaw-sync-chen2026\05_QA测试集\人工核查_环评报告出处整理_20260715\解析文本输出_按问答顺序\091_佛山市顺佳利智能科技有限公司扩建项目（重新报批）_01_报批稿或报告表\091_佛山市顺佳利智能科技有限公司扩建项目（重新报批）_01_报批稿或报告表.html,E:\华南理工项目\环评文件汇总\01_GitHub项目与研究文档\eia-openclaw-sync-chen2026\05_QA测试集\人工核查_环评报告出处整理_20260715\解析文本输出_按目录章节_20000token\091_佛山市顺佳利智能科技有限公司扩建项目（重新报批）_01_报批稿或报告表\091_佛山市顺佳利智能科技有限公司扩建项目（重新报批）_01_报批稿或报告表.json,2,5,17850,14052.2,0,成功,
92,092_佛山市天日塑料科技有限公司迁扩建项目_01_报批稿或报告表,E:\华南理工项目\环评文件汇总\01_GitHub项目与研究文档\eia-openclaw-sync-chen2026\05_QA测试集\人工核查_环评报告出处整理_20260715\解析文本输出_按问答顺序\092_佛山市天日塑料科技有限公司迁扩建项目_01_报批稿或报告表\092_佛山市天日塑料科技有限公司迁扩建项目_01_报批稿或报告表.html,E:\华南理工项目\环评文件汇总\01_GitHub项目与研究文档\eia-openclaw-sync-chen2026\05_QA测试集\人工核查_环评报告出处整理_20260715\解析文本输出_按目录章节_20000token\092_佛山市天日塑料科技有限公司迁扩建项目_01_报批稿或报告表\092_佛山市天日塑料科技有限公司迁扩建项目_01_报批稿或报告表.json,2,6,17881,11880.3,0,成功,
93,093_佛山市顺德区福晟鑫塑料制品有限公司迁扩建项目_01_受理公告或公示版,E:\华南理工项目\环评文件汇总\01_GitHub项目与研究文档\eia-openclaw-sync-chen2026\05_QA测试集\人工核查_环评报告出处整理_20260715\解析文本输出_按问答顺序\093_佛山市顺德区福晟鑫塑料制品有限公司迁扩建项目_01_受理公告或公示版\093_佛山市顺德区福晟鑫塑料制品有限公司迁扩建项目_01_受理公告或公示版.html,E:\华南理工项目\环评文件汇总\01_GitHub项目与研究文档\eia-openclaw-sync-chen2026\05_QA测试集\人工核查_环评报告出处整理_20260715\解析文本输出_按目录章节_20000token\093_佛山市顺德区福晟鑫塑料制品有限公司迁扩建项目_01_受理公告或公示版\093_佛山市顺德区福晟鑫塑料制品有限公司迁扩建项目_01_受理公告或公示版.json,2,6,17936,13302.8,0,成功,
94,094_佛山市顺德区谦和丰塑料制品厂新建项目_01_受理公告或公示版,E:\华南理工项目\环评文件汇总\01_GitHub项目与研究文档\eia-openclaw-sync-chen2026\05_QA测试集\人工核查_环评报告出处整理_20260715\解析文本输出_按问答顺序\094_佛山市顺德区谦和丰塑料制品厂新建项目_01_受理公告或公示版\094_佛山市顺德区谦和丰塑料制品厂新建项目_01_受理公告或公示版.html,E:\华南理工项目\环评文件汇总\01_GitHub项目与研究文档\eia-openclaw-sync-chen2026\05_QA测试集\人工核查_环评报告出处整理_20260715\解析文本输出_按目录章节_20000token\094_佛山市顺德区谦和丰塑料制品厂新建项目_01_受理公告或公示版\094_佛山市顺德区谦和丰塑料制品厂新建项目_01_受理公告或公示版.json,1,3,17720,15655,0,成功,
95,095_华硕（广东）新材料股份有限公司建设项目_01_受理公告或公示版,E:\华南理工项目\环评文件汇总\01_GitHub项目与研究文档\eia-openclaw-sync-chen2026\05_QA测试集\人工核查_环评报告出处整理_20260715\解析文本输出_按问答顺序\095_华硕（广东）新材料股份有限公司建设项目_01_受理公告或公示版\095_华硕（广东）新材料股份有限公司建设项目_01_受理公告或公示版.html,E:\华南理工项目\环评文件汇总\01_GitHub项目与研究文档\eia-openclaw-sync-chen2026\05_QA测试集\人工核查_环评报告出处整理_20260715\解析文本输出_按目录章节_20000token\095_华硕（广东）新材料股份有限公司建设项目_01_受理公告或公示版\095_华硕（广东）新材料股份有限公司建设项目_01_受理公告或公示版.json,2,4,17995,16357.2,0,成功,
96,096_佛山市顺德区谦迅盛塑料制品厂新建项目_01_受理公告或公示版,E:\华南理工项目\环评文件汇总\01_GitHub项目与研究文档\eia-openclaw-sync-chen2026\05_QA测试集\人工核查_环评报告出处整理_20260715\解析文本输出_按问答顺序\096_佛山市顺德区谦迅盛塑料制品厂新建项目_01_受理公告或公示版\096_佛山市顺德区谦迅盛塑料制品厂新建项目_01_受理公告或公示版.html,E:\华南理工项目\环评文件汇总\01_GitHub项目与研究文档\eia-openclaw-sync-chen2026\05_QA测试集\人工核查_环评报告出处整理_20260715\解析文本输出_按目录章节_20000token\096_佛山市顺德区谦迅盛塑料制品厂新建项目_01_受理公告或公示版\096_佛山市顺德区谦迅盛塑料制品厂新建项目_01_受理公告或公示版.json,1,3,17695,15608.7,0,成功,
97,097_佛山赫昶塑胶制品有限公司新建项目_01_报批稿或报告表,E:\华南理工项目\环评文件汇总\01_GitHub项目与研究文档\eia-openclaw-sync-chen2026\05_QA测试集\人工核查_环评报告出处整理_20260715\解析文本输出_按问答顺序\097_佛山赫昶塑胶制品有限公司新建项目_01_报批稿或报告表\097_佛山赫昶塑胶制品有限公司新建项目_01_报批稿或报告表.html,E:\华南理工项目\环评文件汇总\01_GitHub项目与研究文档\eia-openclaw-sync-chen2026\05_QA测试集\人工核查_环评报告出处整理_20260715\解析文本输出_按目录章节_20000token\097_佛山赫昶塑胶制品有限公司新建项目_01_报批稿或报告表\097_佛山赫昶塑胶制品有限公司新建项目_01_报批稿或报告表.json,1,5,17896,12295.2,0,成功,
98,098_佛山市东来晟塑料制品有限公司新建项目_01_报批稿或报告表,E:\华南理工项目\环评文件汇总\01_GitHub项目与研究文档\eia-openclaw-sync-chen2026\05_QA测试集\人工核查_环评报告出处整理_20260715\解析文本输出_按问答顺序\098_佛山市东来晟塑料制品有限公司新建项目_01_报批稿或报告表\098_佛山市东来晟塑料制品有限公司新建项目_01_报批稿或报告表.html,E:\华南理工项目\环评文件汇总\01_GitHub项目与研究文档\eia-openclaw-sync-chen2026\05_QA测试集\人工核查_环评报告出处整理_20260715\解析文本输出_按目录章节_20000token\098_佛山市东来晟塑料制品有限公司新建项目_01_报批稿或报告表\098_佛山市东来晟塑料制品有限公司新建项目_01_报批稿或报告表.json,1,3,17899,17160,0,成功,
99,099_佛山市宇纳电器科技有限公司迁扩建项目_01_受理公告或公示版,E:\华南理工项目\环评文件汇总\01_GitHub项目与研究文档\eia-openclaw-sync-chen2026\05_QA测试集\人工核查_环评报告出处整理_20260715\解析文本输出_按问答顺序\099_佛山市宇纳电器科技有限公司迁扩建项目_01_受理公告或公示版\099_佛山市宇纳电器科技有限公司迁扩建项目_01_受理公告或公示版.html,E:\华南理工项目\环评文件汇总\01_GitHub项目与研究文档\eia-openclaw-sync-chen2026\05_QA测试集\人工核查_环评报告出处整理_20260715\解析文本输出_按目录章节_20000token\099_佛山市宇纳电器科技有限公司迁扩建项目_01_受理公告或公示版\099_佛山市宇纳电器科技有限公司迁扩建项目_01_受理公告或公示版.json,1,5,17337,12227.6,0,成功,
100,100_佛山市承帆新材料科技有限公司新建项目_01_受理公告或公示版,E:\华南理工项目\环评文件汇总\01_GitHub项目与研究文档\eia-openclaw-sync-chen2026\05_QA测试集\人工核查_环评报告出处整理_20260715\解析文本输出_按问答顺序\100_佛山市承帆新材料科技有限公司新建项目_01_受理公告或公示版\100_佛山市承帆新材料科技有限公司新建项目_01_受理公告或公示版.html,E:\华南理工项目\环评文件汇总\01_GitHub项目与研究文档\eia-openclaw-sync-chen2026\05_QA测试集\人工核查_环评报告出处整理_20260715\解析文本输出_按目录章节_20000token\100_佛山市承帆新材料科技有限公司新建项目_01_受理公告或公示版\100_佛山市承帆新材料科技有限公司新建项目_01_受理公告或公示版.json,2,6,17803,12559.2,0,成功,
101,101_广东顺德铁夫汽车配件有限公司迁扩建项目_01_受理公告或公示版,E:\华南理工项目\环评文件汇总\01_GitHub项目与研究文档\eia-openclaw-sync-chen2026\05_QA测试集\人工核查_环评报告出处整理_20260715\解析文本输出_按问答顺序\101_广东顺德铁夫汽车配件有限公司迁扩建项目_01_受理公告或公示版\101_广东顺德铁夫汽车配件有限公司迁扩建项目_01_受理公告或公示版.html,E:\华南理工项目\环评文件汇总\01_GitHub项目与研究文档\eia-openclaw-sync-chen2026\05_QA测试集\人工核查_环评报告出处整理_20260715\解析文本输出_按目录章节_20000token\101_广东顺德铁夫汽车配件有限公司迁扩建项目_01_受理公告或公示版\101_广东顺德铁夫汽车配件有限公司迁扩建项目_01_受理公告或公示版.json,2,6,17708,11991.8,0,成功,
102,102_佛山市顺腾丰家具配件有限公司新建项目_01_受理公告或公示版,E:\华南理工项目\环评文件汇总\01_GitHub项目与研究文档\eia-openclaw-sync-chen2026\05_QA测试集\人工核查_环评报告出处整理_20260715\解析文本输出_按问答顺序\102_佛山市顺腾丰家具配件有限公司新建项目_01_受理公告或公示版\102_佛山市顺腾丰家具配件有限公司新建项目_01_受理公告或公示版.html,E:\华南理工项目\环评文件汇总\01_GitHub项目与研究文档\eia-openclaw-sync-chen2026\05_QA测试集\人工核查_环评报告出处整理_20260715\解析文本输出_按目录章节_20000token\102_佛山市顺腾丰家具配件有限公司新建项目_01_受理公告或公示版\102_佛山市顺腾丰家具配件有限公司新建项目_01_受理公告或公示版.json,1,4,18001,12318.8,0,成功,
103,103_广东顺德优线三维科技有限公司迁扩建项目_01_受理公告或公示版,E:\华南理工项目\环评文件汇总\01_GitHub项目与研究文档\eia-openclaw-sync-chen2026\05_QA测试集\人工核查_环评报告出处整理_20260715\解析文本输出_按问答顺序\103_广东顺德优线三维科技有限公司迁扩建项目_01_受理公告或公示版\103_广东顺德优线三维科技有限公司迁扩建项目_01_受理公告或公示版.html,E:\华南理工项目\环评文件汇总\01_GitHub项目与研究文档\eia-openclaw-sync-chen2026\05_QA测试集\人工核查_环评报告出处整理_20260715\解析文本输出_按目录章节_20000token\103_广东顺德优线三维科技有限公司迁扩建项目_01_受理公告或公示版\103_广东顺德优线三维科技有限公司迁扩建项目_01_受理公告或公示版.json,2,6,17524,14558.7,0,成功,
104,104_佛山市邦博恩智能科技有限公司新建项目_01_报批稿或报告表,E:\华南理工项目\环评文件汇总\01_GitHub项目与研究文档\eia-openclaw-sync-chen2026\05_QA测试集\人工核查_环评报告出处整理_20260715\解析文本输出_按问答顺序\104_佛山市邦博恩智能科技有限公司新建项目_01_报批稿或报告表\104_佛山市邦博恩智能科技有限公司新建项目_01_报批稿或报告表.html,E:\华南理工项目\环评文件汇总\01_GitHub项目与研究文档\eia-openclaw-sync-chen2026\05_QA测试集\人工核查_环评报告出处整理_20260715\解析文本输出_按目录章节_20000token\104_佛山市邦博恩智能科技有限公司新建项目_01_报批稿或报告表\104_佛山市邦博恩智能科技有限公司新建项目_01_报批稿或报告表.json,1,5,17765,11637.6,0,成功,
105,105_佛山市加合新材料有限公司新建项目_01_报批稿或报告表,E:\华南理工项目\环评文件汇总\01_GitHub项目与研究文档\eia-openclaw-sync-chen2026\05_QA测试集\人工核查_环评报告出处整理_20260715\解析文本输出_按问答顺序\105_佛山市加合新材料有限公司新建项目_01_报批稿或报告表\105_佛山市加合新材料有限公司新建项目_01_报批稿或报告表.html,E:\华南理工项目\环评文件汇总\01_GitHub项目与研究文档\eia-openclaw-sync-chen2026\05_QA测试集\人工核查_环评报告出处整理_20260715\解析文本输出_按目录章节_20000token\105_佛山市加合新材料有限公司新建项目_01_报批稿或报告表\105_佛山市加合新材料有限公司新建项目_01_报批稿或报告表.json,1,5,17515,13105.6,0,成功,
106,106_思邦自行车配件（佛山）有限公司改扩建项目_01_受理公告或公示版,E:\华南理工项目\环评文件汇总\01_GitHub项目与研究文档\eia-openclaw-sync-chen2026\05_QA测试集\人工核查_环评报告出处整理_20260715\解析文本输出_按问答顺序\106_思邦自行车配件（佛山）有限公司改扩建项目_01_受理公告或公示版\106_思邦自行车配件（佛山）有限公司改扩建项目_01_受理公告或公示版.html,E:\华南理工项目\环评文件汇总\01_GitHub项目与研究文档\eia-openclaw-sync-chen2026\05_QA测试集\人工核查_环评报告出处整理_20260715\解析文本输出_按目录章节_20000token\106_思邦自行车配件（佛山）有限公司改扩建项目_01_受理公告或公示版\106_思邦自行车配件（佛山）有限公司改扩建项目_01_受理公告或公示版.json,2,5,17961,13056.4,0,成功,
107,107_佛山市顺德区凯和电器有限公司迁扩建项目_01_受理公告或公示版,E:\华南理工项目\环评文件汇总\01_GitHub项目与研究文档\eia-openclaw-sync-chen2026\05_QA测试集\人工核查_环评报告出处整理_20260715\解析文本输出_按问答顺序\107_佛山市顺德区凯和电器有限公司迁扩建项目_01_受理公告或公示版\107_佛山市顺德区凯和电器有限公司迁扩建项目_01_受理公告或公示版.html,E:\华南理工项目\环评文件汇总\01_GitHub项目与研究文档\eia-openclaw-sync-chen2026\05_QA测试集\人工核查_环评报告出处整理_20260715\解析文本输出_按目录章节_20000token\107_佛山市顺德区凯和电器有限公司迁扩建项目_01_受理公告或公示版\107_佛山市顺德区凯和电器有限公司迁扩建项目_01_受理公告或公示版.json,1,4,17063,10835,0,成功,
108,108_佛山志兴盈包装有限公司新建项目_01_受理公告或公示版,E:\华南理工项目\环评文件汇总\01_GitHub项目与研究文档\eia-openclaw-sync-chen2026\05_QA测试集\人工核查_环评报告出处整理_20260715\解析文本输出_按问答顺序\108_佛山志兴盈包装有限公司新建项目_01_受理公告或公示版\108_佛山志兴盈包装有限公司新建项目_01_受理公告或公示版.html,E:\华南理工项目\环评文件汇总\01_GitHub项目与研究文档\eia-openclaw-sync-chen2026\05_QA测试集\人工核查_环评报告出处整理_20260715\解析文本输出_按目录章节_20000token\108_佛山志兴盈包装有限公司新建项目_01_受理公告或公示版\108_佛山志兴盈包装有限公司新建项目_01_受理公告或公示版.json,1,4,17842,15476.2,0,成功,
109,109_佛山市顺德区昶新塑料制品有限公司搬迁、扩建项目_01_受理公告或公示版,E:\华南理工项目\环评文件汇总\01_GitHub项目与研究文档\eia-openclaw-sync-chen2026\05_QA测试集\人工核查_环评报告出处整理_20260715\解析文本输出_按问答顺序\109_佛山市顺德区昶新塑料制品有限公司搬迁、扩建项目_01_受理公告或公示版\109_佛山市顺德区昶新塑料制品有限公司搬迁、扩建项目_01_受理公告或公示版.html,E:\华南理工项目\环评文件汇总\01_GitHub项目与研究文档\eia-openclaw-sync-chen2026\05_QA测试集\人工核查_环评报告出处整理_20260715\解析文本输出_按目录章节_20000token\109_佛山市顺德区昶新塑料制品有限公司搬迁、扩建项目_01_受理公告或公示版\109_佛山市顺德区昶新塑料制品有限公司搬迁、扩建项目_01_受理公告或公示版.json,4,14,18035,16483.6,0,成功,
110,110_佛山市宇象汇科技有限公司建设项目_01_受理公告或公示版,E:\华南理工项目\环评文件汇总\01_GitHub项目与研究文档\eia-openclaw-sync-chen2026\05_QA测试集\人工核查_环评报告出处整理_20260715\解析文本输出_按问答顺序\110_佛山市宇象汇科技有限公司建设项目_01_受理公告或公示版\110_佛山市宇象汇科技有限公司建设项目_01_受理公告或公示版.html,E:\华南理工项目\环评文件汇总\01_GitHub项目与研究文档\eia-openclaw-sync-chen2026\05_QA测试集\人工核查_环评报告出处整理_20260715\解析文本输出_按目录章节_20000token\110_佛山市宇象汇科技有限公司建设项目_01_受理公告或公示版\110_佛山市宇象汇科技有限公司建设项目_01_受理公告或公示版.json,6,20,18012,16994.0,0,成功,
111,111_广东创卓电器有限公司迁扩建项目_01_受理公告或公示版,E:\华南理工项目\环评文件汇总\01_GitHub项目与研究文档\eia-openclaw-sync-chen2026\05_QA测试集\人工核查_环评报告出处整理_20260715\解析文本输出_按问答顺序\111_广东创卓电器有限公司迁扩建项目_01_受理公告或公示版\111_广东创卓电器有限公司迁扩建项目_01_受理公告或公示版.html,E:\华南理工项目\环评文件汇总\01_GitHub项目与研究文档\eia-openclaw-sync-chen2026\05_QA测试集\人工核查_环评报告出处整理_20260715\解析文本输出_按目录章节_20000token\111_广东创卓电器有限公司迁扩建项目_01_受理公告或公示版\111_广东创卓电器有限公司迁扩建项目_01_受理公告或公示版.json,2,4,17951,16956.8,0,成功,
112,112_佛山市顺德区湛宏塑料制品有限公司改扩建项目_01_受理公告或公示版,E:\华南理工项目\环评文件汇总\01_GitHub项目与研究文档\eia-openclaw-sync-chen2026\05_QA测试集\人工核查_环评报告出处整理_20260715\解析文本输出_按问答顺序\112_佛山市顺德区湛宏塑料制品有限公司改扩建项目_01_受理公告或公示版\112_佛山市顺德区湛宏塑料制品有限公司改扩建项目_01_受理公告或公示版.html,E:\华南理工项目\环评文件汇总\01_GitHub项目与研究文档\eia-openclaw-sync-chen2026\05_QA测试集\人工核查_环评报告出处整理_20260715\解析文本输出_按目录章节_20000token\112_佛山市顺德区湛宏塑料制品有限公司改扩建项目_01_受理公告或公示版\112_佛山市顺德区湛宏塑料制品有限公司改扩建项目_01_受理公告或公示版.json,2,7,17759,13176.1,0,成功,
113,113_佛山市智枞电器制造有限公司扩建项目_01_受理公告或公示版,E:\华南理工项目\环评文件汇总\01_GitHub项目与研究文档\eia-openclaw-sync-chen2026\05_QA测试集\人工核查_环评报告出处整理_20260715\解析文本输出_按问答顺序\113_佛山市智枞电器制造有限公司扩建项目_01_受理公告或公示版\113_佛山市智枞电器制造有限公司扩建项目_01_受理公告或公示版.html,E:\华南理工项目\环评文件汇总\01_GitHub项目与研究文档\eia-openclaw-sync-chen2026\05_QA测试集\人工核查_环评报告出处整理_20260715\解析文本输出_按目录章节_20000token\113_佛山市智枞电器制造有限公司扩建项目_01_受理公告或公示版\113_佛山市智枞电器制造有限公司扩建项目_01_受理公告或公示版.json,2,6,17936,11906.7,0,成功,
114,114_佛山创顺塑胶有限公司建设项目_01_受理公告或公示版,E:\华南理工项目\环评文件汇总\01_GitHub项目与研究文档\eia-openclaw-sync-chen2026\05_QA测试集\人工核查_环评报告出处整理_20260715\解析文本输出_按问答顺序\114_佛山创顺塑胶有限公司建设项目_01_受理公告或公示版\114_佛山创顺塑胶有限公司建设项目_01_受理公告或公示版.html,E:\华南理工项目\环评文件汇总\01_GitHub项目与研究文档\eia-openclaw-sync-chen2026\05_QA测试集\人工核查_环评报告出处整理_20260715\解析文本输出_按目录章节_20000token\114_佛山创顺塑胶有限公司建设项目_01_受理公告或公示版\114_佛山创顺塑胶有限公司建设项目_01_受理公告或公示版.json,1,5,17898,10943.4,0,成功,
115,115_佛山市顺德区天玛仕电子有限公司改扩建项目_01_受理公告或公示版,E:\华南理工项目\环评文件汇总\01_GitHub项目与研究文档\eia-openclaw-sync-chen2026\05_QA测试集\人工核查_环评报告出处整理_20260715\解析文本输出_按问答顺序\115_佛山市顺德区天玛仕电子有限公司改扩建项目_01_受理公告或公示版\115_佛山市顺德区天玛仕电子有限公司改扩建项目_01_受理公告或公示版.html,E:\华南理工项目\环评文件汇总\01_GitHub项目与研究文档\eia-openclaw-sync-chen2026\05_QA测试集\人工核查_环评报告出处整理_20260715\解析文本输出_按目录章节_20000token\115_佛山市顺德区天玛仕电子有限公司改扩建项目_01_受理公告或公示版\115_佛山市顺德区天玛仕电子有限公司改扩建项目_01_受理公告或公示版.json,1,4,17644,14855.8,0,成功,
116,116_佛山市昇汇包装材料有限公司新建项目_01_受理公告或公示版,E:\华南理工项目\环评文件汇总\01_GitHub项目与研究文档\eia-openclaw-sync-chen2026\05_QA测试集\人工核查_环评报告出处整理_20260715\解析文本输出_按问答顺序\116_佛山市昇汇包装材料有限公司新建项目_01_受理公告或公示版\116_佛山市昇汇包装材料有限公司新建项目_01_受理公告或公示版.html,E:\华南理工项目\环评文件汇总\01_GitHub项目与研究文档\eia-openclaw-sync-chen2026\05_QA测试集\人工核查_环评报告出处整理_20260715\解析文本输出_按目录章节_20000token\116_佛山市昇汇包装材料有限公司新建项目_01_受理公告或公示版\116_佛山市昇汇包装材料有限公司新建项目_01_受理公告或公示版.json,1,5,17836,11475.6,0,成功,
117,117_佛山市洲友尚包装材料有限公司新建项目_01_受理公告或公示版,E:\华南理工项目\环评文件汇总\01_GitHub项目与研究文档\eia-openclaw-sync-chen2026\05_QA测试集\人工核查_环评报告出处整理_20260715\解析文本输出_按问答顺序\117_佛山市洲友尚包装材料有限公司新建项目_01_受理公告或公示版\117_佛山市洲友尚包装材料有限公司新建项目_01_受理公告或公示版.html,E:\华南理工项目\环评文件汇总\01_GitHub项目与研究文档\eia-openclaw-sync-chen2026\05_QA测试集\人工核查_环评报告出处整理_20260715\解析文本输出_按目录章节_20000token\117_佛山市洲友尚包装材料有限公司新建项目_01_受理公告或公示版\117_佛山市洲友尚包装材料有限公司新建项目_01_受理公告或公示版.json,2,5,17969,13437.4,0,成功,
118,118_佛山万美塑料制品有限公司迁扩建项目_01_受理公告或公示版,E:\华南理工项目\环评文件汇总\01_GitHub项目与研究文档\eia-openclaw-sync-chen2026\05_QA测试集\人工核查_环评报告出处整理_20260715\解析文本输出_按问答顺序\118_佛山万美塑料制品有限公司迁扩建项目_01_受理公告或公示版\118_佛山万美塑料制品有限公司迁扩建项目_01_受理公告或公示版.html,E:\华南理工项目\环评文件汇总\01_GitHub项目与研究文档\eia-openclaw-sync-chen2026\05_QA测试集\人工核查_环评报告出处整理_20260715\解析文本输出_按目录章节_20000token\118_佛山万美塑料制品有限公司迁扩建项目_01_受理公告或公示版\118_佛山万美塑料制品有限公司迁扩建项目_01_受理公告或公示版.json,2,5,17692,13897.8,0,成功,
119,119_佛山市顺德区凯锦电器有限公司新建项目_01_受理公告或公示版,E:\华南理工项目\环评文件汇总\01_GitHub项目与研究文档\eia-openclaw-sync-chen2026\05_QA测试集\人工核查_环评报告出处整理_20260715\解析文本输出_按问答顺序\119_佛山市顺德区凯锦电器有限公司新建项目_01_受理公告或公示版\119_佛山市顺德区凯锦电器有限公司新建项目_01_受理公告或公示版.html,E:\华南理工项目\环评文件汇总\01_GitHub项目与研究文档\eia-openclaw-sync-chen2026\05_QA测试集\人工核查_环评报告出处整理_20260715\解析文本输出_按目录章节_20000token\119_佛山市顺德区凯锦电器有限公司新建项目_01_受理公告或公示版\119_佛山市顺德区凯锦电器有限公司新建项目_01_受理公告或公示版.json,1,3,17868,15530.7,0,成功,
120,120_佛山市龙广塑料制品有限公司新建项目_01_受理公告或公示版,E:\华南理工项目\环评文件汇总\01_GitHub项目与研究文档\eia-openclaw-sync-chen2026\05_QA测试集\人工核查_环评报告出处整理_20260715\解析文本输出_按问答顺序\120_佛山市龙广塑料制品有限公司新建项目_01_受理公告或公示版\120_佛山市龙广塑料制品有限公司新建项目_01_受理公告或公示版.html,E:\华南理工项目\环评文件汇总\01_GitHub项目与研究文档\eia-openclaw-sync-chen2026\05_QA测试集\人工核查_环评报告出处整理_20260715\解析文本输出_按目录章节_20000token\120_佛山市龙广塑料制品有限公司新建项目_01_受理公告或公示版\120_佛山市龙广塑料制品有限公司新建项目_01_受理公告或公示版.json,1,3,17421,16919,0,成功,
121,121_佛山市特美仕电器有限公司迁扩建项目_01_报批稿或报告表,E:\华南理工项目\环评文件汇总\01_GitHub项目与研究文档\eia-openclaw-sync-chen2026\05_QA测试集\人工核查_环评报告出处整理_20260715\解析文本输出_按问答顺序\121_佛山市特美仕电器有限公司迁扩建项目_01_报批稿或报告表\121_佛山市特美仕电器有限公司迁扩建项目_01_报批稿或报告表.html,E:\华南理工项目\环评文件汇总\01_GitHub项目与研究文档\eia-openclaw-sync-chen2026\05_QA测试集\人工核查_环评报告出处整理_20260715\解析文本输出_按目录章节_20000token\121_佛山市特美仕电器有限公司迁扩建项目_01_报批稿或报告表\121_佛山市特美仕电器有限公司迁扩建项目_01_报批稿或报告表.json,2,5,17851,14119.2,0,成功,
122,122_佛山市广优顺品日用品有限公司新建项目_01_报批稿或报告表,E:\华南理工项目\环评文件汇总\01_GitHub项目与研究文档\eia-openclaw-sync-chen2026\05_QA测试集\人工核查_环评报告出处整理_20260715\解析文本输出_按问答顺序\122_佛山市广优顺品日用品有限公司新建项目_01_报批稿或报告表\122_佛山市广优顺品日用品有限公司新建项目_01_报批稿或报告表.html,E:\华南理工项目\环评文件汇总\01_GitHub项目与研究文档\eia-openclaw-sync-chen2026\05_QA测试集\人工核查_环评报告出处整理_20260715\解析文本输出_按目录章节_20000token\122_佛山市广优顺品日用品有限公司新建项目_01_报批稿或报告表\122_佛山市广优顺品日用品有限公司新建项目_01_报批稿或报告表.json,2,4,17517,15429.5,0,成功,
123,123_佛山市邸怡居家居有限公司新建项目_01_受理公告或公示版,E:\华南理工项目\环评文件汇总\01_GitHub项目与研究文档\eia-openclaw-sync-chen2026\05_QA测试集\人工核查_环评报告出处整理_20260715\解析文本输出_按问答顺序\123_佛山市邸怡居家居有限公司新建项目_01_受理公告或公示版\123_佛山市邸怡居家居有限公司新建项目_01_受理公告或公示版.html,E:\华南理工项目\环评文件汇总\01_GitHub项目与研究文档\eia-openclaw-sync-chen2026\05_QA测试集\人工核查_环评报告出处整理_20260715\解析文本输出_按目录章节_20000token\123_佛山市邸怡居家居有限公司新建项目_01_受理公告或公示版\123_佛山市邸怡居家居有限公司新建项目_01_受理公告或公示版.json,1,5,17471,12954.8,0,成功,
124,124_佛山市创灏五金塑料有限公司年产塑料制品1250万件迁改扩建项目_01_受理公告或公示版,E:\华南理工项目\环评文件汇总\01_GitHub项目与研究文档\eia-openclaw-sync-chen2026\05_QA测试集\人工核查_环评报告出处整理_20260715\解析文本输出_按问答顺序\124_佛山市创灏五金塑料有限公司年产塑料制品1250万件迁改扩建项目_01_受理公告或公示版\124_佛山市创灏五金塑料有限公司年产塑料制品1250万件迁改扩建项目_01_受理公告或公示版.html,E:\华南理工项目\环评文件汇总\01_GitHub项目与研究文档\eia-openclaw-sync-chen2026\05_QA测试集\人工核查_环评报告出处整理_20260715\解析文本输出_按目录章节_20000token\124_佛山市创灏五金塑料有限公司年产塑料制品1250万件迁改扩建项目_01_受理公告或公示版\124_佛山市创灏五金塑料有限公司年产塑料制品1250万件迁改扩建项目_01_受理公告或公示版.json,2,4,17898,16567.2,0,成功,
125,125_佛山市顺德区谦和丰塑料制品厂新建项目_01_受理公告或公示版,E:\华南理工项目\环评文件汇总\01_GitHub项目与研究文档\eia-openclaw-sync-chen2026\05_QA测试集\人工核查_环评报告出处整理_20260715\解析文本输出_按问答顺序\125_佛山市顺德区谦和丰塑料制品厂新建项目_01_受理公告或公示版\125_佛山市顺德区谦和丰塑料制品厂新建项目_01_受理公告或公示版.html,E:\华南理工项目\环评文件汇总\01_GitHub项目与研究文档\eia-openclaw-sync-chen2026\05_QA测试集\人工核查_环评报告出处整理_20260715\解析文本输出_按目录章节_20000token\125_佛山市顺德区谦和丰塑料制品厂新建项目_01_受理公告或公示版\125_佛山市顺德区谦和丰塑料制品厂新建项目_01_受理公告或公示版.json,1,3,17863,15611.3,0,成功,
126,126_佛山市顺德区谦迅盛塑料制品厂新建项目_01_受理公告或公示版,E:\华南理工项目\环评文件汇总\01_GitHub项目与研究文档\eia-openclaw-sync-chen2026\05_QA测试集\人工核查_环评报告出处整理_20260715\解析文本输出_按问答顺序\126_佛山市顺德区谦迅盛塑料制品厂新建项目_01_受理公告或公示版\126_佛山市顺德区谦迅盛塑料制品厂新建项目_01_受理公告或公示版.html,E:\华南理工项目\环评文件汇总\01_GitHub项目与研究文档\eia-openclaw-sync-chen2026\05_QA测试集\人工核查_环评报告出处整理_20260715\解析文本输出_按目录章节_20000token\126_佛山市顺德区谦迅盛塑料制品厂新建项目_01_受理公告或公示版\126_佛山市顺德区谦迅盛塑料制品厂新建项目_01_受理公告或公示版.json,1,3,17850,15568.7,0,成功,
127,127_广东顺德意达电子薄膜器件有限公司扩建项目_01_受理公告或公示版,E:\华南理工项目\环评文件汇总\01_GitHub项目与研究文档\eia-openclaw-sync-chen2026\05_QA测试集\人工核查_环评报告出处整理_20260715\解析文本输出_按问答顺序\127_广东顺德意达电子薄膜器件有限公司扩建项目_01_受理公告或公示版\127_广东顺德意达电子薄膜器件有限公司扩建项目_01_受理公告或公示版.html,E:\华南理工项目\环评文件汇总\01_GitHub项目与研究文档\eia-openclaw-sync-chen2026\05_QA测试集\人工核查_环评报告出处整理_20260715\解析文本输出_按目录章节_20000token\127_广东顺德意达电子薄膜器件有限公司扩建项目_01_受理公告或公示版\127_广东顺德意达电子薄膜器件有限公司扩建项目_01_受理公告或公示版.json,2,5,17920,16839,0,成功,
128,128_佛山市加耐安塑料制品有限公司新建项目_01_受理公告或公示版,E:\华南理工项目\环评文件汇总\01_GitHub项目与研究文档\eia-openclaw-sync-chen2026\05_QA测试集\人工核查_环评报告出处整理_20260715\解析文本输出_按问答顺序\128_佛山市加耐安塑料制品有限公司新建项目_01_受理公告或公示版\128_佛山市加耐安塑料制品有限公司新建项目_01_受理公告或公示版.html,E:\华南理工项目\环评文件汇总\01_GitHub项目与研究文档\eia-openclaw-sync-chen2026\05_QA测试集\人工核查_环评报告出处整理_20260715\解析文本输出_按目录章节_20000token\128_佛山市加耐安塑料制品有限公司新建项目_01_受理公告或公示版\128_佛山市加耐安塑料制品有限公司新建项目_01_受理公告或公示版.json,2,6,17430,13017.2,0,成功,
129,129_佛山市京耘科技有限公司新建项目_01_受理公告或公示版,E:\华南理工项目\环评文件汇总\01_GitHub项目与研究文档\eia-openclaw-sync-chen2026\05_QA测试集\人工核查_环评报告出处整理_20260715\解析文本输出_按问答顺序\129_佛山市京耘科技有限公司新建项目_01_受理公告或公示版\129_佛山市京耘科技有限公司新建项目_01_受理公告或公示版.html,E:\华南理工项目\环评文件汇总\01_GitHub项目与研究文档\eia-openclaw-sync-chen2026\05_QA测试集\人工核查_环评报告出处整理_20260715\解析文本输出_按目录章节_20000token\129_佛山市京耘科技有限公司新建项目_01_受理公告或公示版\129_佛山市京耘科技有限公司新建项目_01_受理公告或公示版.json,1,3,17716,16767.7,0,成功,
130,130_佛山市汇铭臻新材料科技有限公司新建项目_01_受理公告或公示版,E:\华南理工项目\环评文件汇总\01_GitHub项目与研究文档\eia-openclaw-sync-chen2026\05_QA测试集\人工核查_环评报告出处整理_20260715\解析文本输出_按问答顺序\130_佛山市汇铭臻新材料科技有限公司新建项目_01_受理公告或公示版\130_佛山市汇铭臻新材料科技有限公司新建项目_01_受理公告或公示版.html,E:\华南理工项目\环评文件汇总\01_GitHub项目与研究文档\eia-openclaw-sync-chen2026\05_QA测试集\人工核查_环评报告出处整理_20260715\解析文本输出_按目录章节_20000token\130_佛山市汇铭臻新材料科技有限公司新建项目_01_受理公告或公示版\130_佛山市汇铭臻新材料科技有限公司新建项目_01_受理公告或公示版.json,2,4,17939,17284.5,0,成功,
131,131_佛山市千紫珏科技有限公司新建项目_01_受理公告或公示版,E:\华南理工项目\环评文件汇总\01_GitHub项目与研究文档\eia-openclaw-sync-chen2026\05_QA测试集\人工核查_环评报告出处整理_20260715\解析文本输出_按问答顺序\131_佛山市千紫珏科技有限公司新建项目_01_受理公告或公示版\131_佛山市千紫珏科技有限公司新建项目_01_受理公告或公示版.html,E:\华南理工项目\环评文件汇总\01_GitHub项目与研究文档\eia-openclaw-sync-chen2026\05_QA测试集\人工核查_环评报告出处整理_20260715\解析文本输出_按目录章节_20000token\131_佛山市千紫珏科技有限公司新建项目_01_受理公告或公示版\131_佛山市千紫珏科技有限公司新建项目_01_受理公告或公示版.json,2,4,17966,17296,0,成功,
132,132_佛山市万朗磁塑制品有限公司顺德分公司新建项目_01_报批稿或报告表,E:\华南理工项目\环评文件汇总\01_GitHub项目与研究文档\eia-openclaw-sync-chen2026\05_QA测试集\人工核查_环评报告出处整理_20260715\解析文本输出_按问答顺序\132_佛山市万朗磁塑制品有限公司顺德分公司新建项目_01_报批稿或报告表\132_佛山市万朗磁塑制品有限公司顺德分公司新建项目_01_报批稿或报告表.html,E:\华南理工项目\环评文件汇总\01_GitHub项目与研究文档\eia-openclaw-sync-chen2026\05_QA测试集\人工核查_环评报告出处整理_20260715\解析文本输出_按目录章节_20000token\132_佛山市万朗磁塑制品有限公司顺德分公司新建项目_01_报批稿或报告表\132_佛山市万朗磁塑制品有限公司顺德分公司新建项目_01_报批稿或报告表.json,2,5,18003,12922.6,0,成功,
133,133_佛山市顺德区全华工艺饰品有限公司新建项目_01_报批稿或报告表,E:\华南理工项目\环评文件汇总\01_GitHub项目与研究文档\eia-openclaw-sync-chen2026\05_QA测试集\人工核查_环评报告出处整理_20260715\解析文本输出_按问答顺序\133_佛山市顺德区全华工艺饰品有限公司新建项目_01_报批稿或报告表\133_佛山市顺德区全华工艺饰品有限公司新建项目_01_报批稿或报告表.html,E:\华南理工项目\环评文件汇总\01_GitHub项目与研究文档\eia-openclaw-sync-chen2026\05_QA测试集\人工核查_环评报告出处整理_20260715\解析文本输出_按目录章节_20000token\133_佛山市顺德区全华工艺饰品有限公司新建项目_01_报批稿或报告表\133_佛山市顺德区全华工艺饰品有限公司新建项目_01_报批稿或报告表.json,1,4,17754,11067,0,成功,
134,134_佛山市顺德区大亚湾五金塑料有限公司新建项目_01_受理公告或公示版,E:\华南理工项目\环评文件汇总\01_GitHub项目与研究文档\eia-openclaw-sync-chen2026\05_QA测试集\人工核查_环评报告出处整理_20260715\解析文本输出_按问答顺序\134_佛山市顺德区大亚湾五金塑料有限公司新建项目_01_受理公告或公示版\134_佛山市顺德区大亚湾五金塑料有限公司新建项目_01_受理公告或公示版.html,E:\华南理工项目\环评文件汇总\01_GitHub项目与研究文档\eia-openclaw-sync-chen2026\05_QA测试集\人工核查_环评报告出处整理_20260715\解析文本输出_按目录章节_20000token\134_佛山市顺德区大亚湾五金塑料有限公司新建项目_01_受理公告或公示版\134_佛山市顺德区大亚湾五金塑料有限公司新建项目_01_受理公告或公示版.json,1,3,17671,13895.7,0,成功,
135,135_佛山市浩创时代包装制品有限公司新建项目_01_受理公告或公示版,E:\华南理工项目\环评文件汇总\01_GitHub项目与研究文档\eia-openclaw-sync-chen2026\05_QA测试集\人工核查_环评报告出处整理_20260715\解析文本输出_按问答顺序\135_佛山市浩创时代包装制品有限公司新建项目_01_受理公告或公示版\135_佛山市浩创时代包装制品有限公司新建项目_01_受理公告或公示版.html,E:\华南理工项目\环评文件汇总\01_GitHub项目与研究文档\eia-openclaw-sync-chen2026\05_QA测试集\人工核查_环评报告出处整理_20260715\解析文本输出_按目录章节_20000token\135_佛山市浩创时代包装制品有限公司新建项目_01_受理公告或公示版\135_佛山市浩创时代包装制品有限公司新建项目_01_受理公告或公示版.json,2,5,17749,14251.8,0,成功,
136,136_佛山江福英智能设备制造有限公司新建项目_01_受理公告或公示版,E:\华南理工项目\环评文件汇总\01_GitHub项目与研究文档\eia-openclaw-sync-chen2026\05_QA测试集\人工核查_环评报告出处整理_20260715\解析文本输出_按问答顺序\136_佛山江福英智能设备制造有限公司新建项目_01_受理公告或公示版\136_佛山江福英智能设备制造有限公司新建项目_01_受理公告或公示版.html,E:\华南理工项目\环评文件汇总\01_GitHub项目与研究文档\eia-openclaw-sync-chen2026\05_QA测试集\人工核查_环评报告出处整理_20260715\解析文本输出_按目录章节_20000token\136_佛山江福英智能设备制造有限公司新建项目_01_受理公告或公示版\136_佛山江福英智能设备制造有限公司新建项目_01_受理公告或公示版.json,1,5,17878,11397.6,0,成功,
137,137_佛山市顺德区德毅塑料有限公司新建项目_01_受理公告或公示版,E:\华南理工项目\环评文件汇总\01_GitHub项目与研究文档\eia-openclaw-sync-chen2026\05_QA测试集\人工核查_环评报告出处整理_20260715\解析文本输出_按问答顺序\137_佛山市顺德区德毅塑料有限公司新建项目_01_受理公告或公示版\137_佛山市顺德区德毅塑料有限公司新建项目_01_受理公告或公示版.html,E:\华南理工项目\环评文件汇总\01_GitHub项目与研究文档\eia-openclaw-sync-chen2026\05_QA测试集\人工核查_环评报告出处整理_20260715\解析文本输出_按目录章节_20000token\137_佛山市顺德区德毅塑料有限公司新建项目_01_受理公告或公示版\137_佛山市顺德区德毅塑料有限公司新建项目_01_受理公告或公示版.json,1,3,17842,17132,0,成功,
138,138_佛山市顺德区派信誉塑料有限公司新建项目_01_受理公告或公示版,E:\华南理工项目\环评文件汇总\01_GitHub项目与研究文档\eia-openclaw-sync-chen2026\05_QA测试集\人工核查_环评报告出处整理_20260715\解析文本输出_按问答顺序\138_佛山市顺德区派信誉塑料有限公司新建项目_01_受理公告或公示版\138_佛山市顺德区派信誉塑料有限公司新建项目_01_受理公告或公示版.html,E:\华南理工项目\环评文件汇总\01_GitHub项目与研究文档\eia-openclaw-sync-chen2026\05_QA测试集\人工核查_环评报告出处整理_20260715\解析文本输出_按目录章节_20000token\138_佛山市顺德区派信誉塑料有限公司新建项目_01_受理公告或公示版\138_佛山市顺德区派信誉塑料有限公司新建项目_01_受理公告或公示版.json,1,4,17960,15115.8,0,成功,
139,139_佛山市诗佳格科技有限公司新建项目_01_受理公告或公示版,E:\华南理工项目\环评文件汇总\01_GitHub项目与研究文档\eia-openclaw-sync-chen2026\05_QA测试集\人工核查_环评报告出处整理_20260715\解析文本输出_按问答顺序\139_佛山市诗佳格科技有限公司新建项目_01_受理公告或公示版\139_佛山市诗佳格科技有限公司新建项目_01_受理公告或公示版.html,E:\华南理工项目\环评文件汇总\01_GitHub项目与研究文档\eia-openclaw-sync-chen2026\05_QA测试集\人工核查_环评报告出处整理_20260715\解析文本输出_按目录章节_20000token\139_佛山市诗佳格科技有限公司新建项目_01_受理公告或公示版\139_佛山市诗佳格科技有限公司新建项目_01_受理公告或公示版.json,1,5,17388,12160.2,0,成功,
140,140_佛山市华泷彩科技有限公司新建项目_01_受理公告或公示版,E:\华南理工项目\环评文件汇总\01_GitHub项目与研究文档\eia-openclaw-sync-chen2026\05_QA测试集\人工核查_环评报告出处整理_20260715\解析文本输出_按问答顺序\140_佛山市华泷彩科技有限公司新建项目_01_受理公告或公示版\140_佛山市华泷彩科技有限公司新建项目_01_受理公告或公示版.html,E:\华南理工项目\环评文件汇总\01_GitHub项目与研究文档\eia-openclaw-sync-chen2026\05_QA测试集\人工核查_环评报告出处整理_20260715\解析文本输出_按目录章节_20000token\140_佛山市华泷彩科技有限公司新建项目_01_受理公告或公示版\140_佛山市华泷彩科技有限公司新建项目_01_受理公告或公示版.json,1,5,18017,12194.2,0,成功,
141,141_佛山市洲友尚包装材料有限公司新建项目_01_受理公告或公示版,E:\华南理工项目\环评文件汇总\01_GitHub项目与研究文档\eia-openclaw-sync-chen2026\05_QA测试集\人工核查_环评报告出处整理_20260715\解析文本输出_按问答顺序\141_佛山市洲友尚包装材料有限公司新建项目_01_受理公告或公示版\141_佛山市洲友尚包装材料有限公司新建项目_01_受理公告或公示版.html,E:\华南理工项目\环评文件汇总\01_GitHub项目与研究文档\eia-openclaw-sync-chen2026\05_QA测试集\人工核查_环评报告出处整理_20260715\解析文本输出_按目录章节_20000token\141_佛山市洲友尚包装材料有限公司新建项目_01_受理公告或公示版\141_佛山市洲友尚包装材料有限公司新建项目_01_受理公告或公示版.json,2,5,17877,12664,0,成功,
142,142_佛山市坤琪玲塑料制品有限公司新建项目_01_受理公告或公示版,E:\华南理工项目\环评文件汇总\01_GitHub项目与研究文档\eia-openclaw-sync-chen2026\05_QA测试集\人工核查_环评报告出处整理_20260715\解析文本输出_按问答顺序\142_佛山市坤琪玲塑料制品有限公司新建项目_01_受理公告或公示版\142_佛山市坤琪玲塑料制品有限公司新建项目_01_受理公告或公示版.html,E:\华南理工项目\环评文件汇总\01_GitHub项目与研究文档\eia-openclaw-sync-chen2026\05_QA测试集\人工核查_环评报告出处整理_20260715\解析文本输出_按目录章节_20000token\142_佛山市坤琪玲塑料制品有限公司新建项目_01_受理公告或公示版\142_佛山市坤琪玲塑料制品有限公司新建项目_01_受理公告或公示版.json,1,4,17658,13767.8,0,成功,
143,143_佛山市顺德区兴致盛塑料制品有限公司重新报批项目_01_受理公告或公示版,E:\华南理工项目\环评文件汇总\01_GitHub项目与研究文档\eia-openclaw-sync-chen2026\05_QA测试集\人工核查_环评报告出处整理_20260715\解析文本输出_按问答顺序\143_佛山市顺德区兴致盛塑料制品有限公司重新报批项目_01_受理公告或公示版\143_佛山市顺德区兴致盛塑料制品有限公司重新报批项目_01_受理公告或公示版.html,E:\华南理工项目\环评文件汇总\01_GitHub项目与研究文档\eia-openclaw-sync-chen2026\05_QA测试集\人工核查_环评报告出处整理_20260715\解析文本输出_按目录章节_20000token\143_佛山市顺德区兴致盛塑料制品有限公司重新报批项目_01_受理公告或公示版\143_佛山市顺德区兴致盛塑料制品有限公司重新报批项目_01_受理公告或公示版.json,1,4,17850,15639.8,0,成功,
144,144_佛山市顺德区壹德包装印刷有限公司迁扩建项目_01_受理公告或公示版,E:\华南理工项目\环评文件汇总\01_GitHub项目与研究文档\eia-openclaw-sync-chen2026\05_QA测试集\人工核查_环评报告出处整理_20260715\解析文本输出_按问答顺序\144_佛山市顺德区壹德包装印刷有限公司迁扩建项目_01_受理公告或公示版\144_佛山市顺德区壹德包装印刷有限公司迁扩建项目_01_受理公告或公示版.html,E:\华南理工项目\环评文件汇总\01_GitHub项目与研究文档\eia-openclaw-sync-chen2026\05_QA测试集\人工核查_环评报告出处整理_20260715\解析文本输出_按目录章节_20000token\144_佛山市顺德区壹德包装印刷有限公司迁扩建项目_01_受理公告或公示版\144_佛山市顺德区壹德包装印刷有限公司迁扩建项目_01_受理公告或公示版.json,4,14,17872,16599.2,0,成功,
145,145_广东东梓数码新材料有限公司建设项目_01_受理公告或公示版,E:\华南理工项目\环评文件汇总\01_GitHub项目与研究文档\eia-openclaw-sync-chen2026\05_QA测试集\人工核查_环评报告出处整理_20260715\解析文本输出_按问答顺序\145_广东东梓数码新材料有限公司建设项目_01_受理公告或公示版\145_广东东梓数码新材料有限公司建设项目_01_受理公告或公示版.html,E:\华南理工项目\环评文件汇总\01_GitHub项目与研究文档\eia-openclaw-sync-chen2026\05_QA测试集\人工核查_环评报告出处整理_20260715\解析文本输出_按目录章节_20000token\145_广东东梓数码新材料有限公司建设项目_01_受理公告或公示版\145_广东东梓数码新材料有限公司建设项目_01_受理公告或公示版.json,1,5,17816,12358.8,0,成功,
146,146_佛山市顺德区德盈誉智能制造有限公司新建项目_01_受理公告或公示版,E:\华南理工项目\环评文件汇总\01_GitHub项目与研究文档\eia-openclaw-sync-chen2026\05_QA测试集\人工核查_环评报告出处整理_20260715\解析文本输出_按问答顺序\146_佛山市顺德区德盈誉智能制造有限公司新建项目_01_受理公告或公示版\146_佛山市顺德区德盈誉智能制造有限公司新建项目_01_受理公告或公示版.html,E:\华南理工项目\环评文件汇总\01_GitHub项目与研究文档\eia-openclaw-sync-chen2026\05_QA测试集\人工核查_环评报告出处整理_20260715\解析文本输出_按目录章节_20000token\146_佛山市顺德区德盈誉智能制造有限公司新建项目_01_受理公告或公示版\146_佛山市顺德区德盈誉智能制造有限公司新建项目_01_受理公告或公示版.json,1,5,17761,12479.6,0,成功,
147,147_佛山市顺德区菱昌精密塑料五金实业有限公司新建项目_01_受理公告或公示版,E:\华南理工项目\环评文件汇总\01_GitHub项目与研究文档\eia-openclaw-sync-chen2026\05_QA测试集\人工核查_环评报告出处整理_20260715\解析文本输出_按问答顺序\147_佛山市顺德区菱昌精密塑料五金实业有限公司新建项目_01_受理公告或公示版\147_佛山市顺德区菱昌精密塑料五金实业有限公司新建项目_01_受理公告或公示版.html,E:\华南理工项目\环评文件汇总\01_GitHub项目与研究文档\eia-openclaw-sync-chen2026\05_QA测试集\人工核查_环评报告出处整理_20260715\解析文本输出_按目录章节_20000token\147_佛山市顺德区菱昌精密塑料五金实业有限公司新建项目_01_受理公告或公示版\147_佛山市顺德区菱昌精密塑料五金实业有限公司新建项目_01_受理公告或公示版.json,1,4,17747,14923.5,0,成功,
148,148_广东创卓电器有限公司迁扩建项目_01_受理公告或公示版,E:\华南理工项目\环评文件汇总\01_GitHub项目与研究文档\eia-openclaw-sync-chen2026\05_QA测试集\人工核查_环评报告出处整理_20260715\解析文本输出_按问答顺序\148_广东创卓电器有限公司迁扩建项目_01_受理公告或公示版\148_广东创卓电器有限公司迁扩建项目_01_受理公告或公示版.html,E:\华南理工项目\环评文件汇总\01_GitHub项目与研究文档\eia-openclaw-sync-chen2026\05_QA测试集\人工核查_环评报告出处整理_20260715\解析文本输出_按目录章节_20000token\148_广东创卓电器有限公司迁扩建项目_01_受理公告或公示版\148_广东创卓电器有限公司迁扩建项目_01_受理公告或公示版.json,2,4,17806,16817.2,0,成功,
149,149_佛山市顺德区建德包装实业有限公司搬迁扩建项目_01_受理公告或公示版,E:\华南理工项目\环评文件汇总\01_GitHub项目与研究文档\eia-openclaw-sync-chen2026\05_QA测试集\人工核查_环评报告出处整理_20260715\解析文本输出_按问答顺序\149_佛山市顺德区建德包装实业有限公司搬迁扩建项目_01_受理公告或公示版\149_佛山市顺德区建德包装实业有限公司搬迁扩建项目_01_受理公告或公示版.html,E:\华南理工项目\环评文件汇总\01_GitHub项目与研究文档\eia-openclaw-sync-chen2026\05_QA测试集\人工核查_环评报告出处整理_20260715\解析文本输出_按目录章节_20000token\149_佛山市顺德区建德包装实业有限公司搬迁扩建项目_01_受理公告或公示版\149_佛山市顺德区建德包装实业有限公司搬迁扩建项目_01_受理公告或公示版.json,5,16,17934,17436.9,0,成功,
150,150_浙江宏昌电器科技股份有限公司佛山分公司新建项目_01_受理公告或公示版,E:\华南理工项目\环评文件汇总\01_GitHub项目与研究文档\eia-openclaw-sync-chen2026\05_QA测试集\人工核查_环评报告出处整理_20260715\解析文本输出_按问答顺序\150_浙江宏昌电器科技股份有限公司佛山分公司新建项目_01_受理公告或公示版\150_浙江宏昌电器科技股份有限公司佛山分公司新建项目_01_受理公告或公示版.html,E:\华南理工项目\环评文件汇总\01_GitHub项目与研究文档\eia-openclaw-sync-chen2026\05_QA测试集\人工核查_环评报告出处整理_20260715\解析文本输出_按目录章节_20000token\150_浙江宏昌电器科技股份有限公司佛山分公司新建项目_01_受理公告或公示版\150_浙江宏昌电器科技股份有限公司佛山分公司新建项目_01_受理公告或公示版.json,1,4,17625,15350,0,成功,
151,151_佛山市智枞电器制造有限公司扩建项目_01_受理公告或公示版,E:\华南理工项目\环评文件汇总\01_GitHub项目与研究文档\eia-openclaw-sync-chen2026\05_QA测试集\人工核查_环评报告出处整理_20260715\解析文本输出_按问答顺序\151_佛山市智枞电器制造有限公司扩建项目_01_受理公告或公示版\151_佛山市智枞电器制造有限公司扩建项目_01_受理公告或公示版.html,E:\华南理工项目\环评文件汇总\01_GitHub项目与研究文档\eia-openclaw-sync-chen2026\05_QA测试集\人工核查_环评报告出处整理_20260715\解析文本输出_按目录章节_20000token\151_佛山市智枞电器制造有限公司扩建项目_01_受理公告或公示版\151_佛山市智枞电器制造有限公司扩建项目_01_受理公告或公示版.json,2,5,17997,14208,0,成功,
152,152_广东图特精密五金科技股份有限公司智能制造基地建设项目重新报_01_受理公告或公示版,E:\华南理工项目\环评文件汇总\01_GitHub项目与研究文档\eia-openclaw-sync-chen2026\05_QA测试集\人工核查_环评报告出处整理_20260715\解析文本输出_按问答顺序\152_广东图特精密五金科技股份有限公司智能制造基地建设项目重新报_01_受理公告或公示版\152_广东图特精密五金科技股份有限公司智能制造基地建设项目重新报_01_受理公告或公示版.html,E:\华南理工项目\环评文件汇总\01_GitHub项目与研究文档\eia-openclaw-sync-chen2026\05_QA测试集\人工核查_环评报告出处整理_20260715\解析文本输出_按目录章节_20000token\152_广东图特精密五金科技股份有限公司智能制造基地建设项目重新报_01_受理公告或公示版\152_广东图特精密五金科技股份有限公司智能制造基地建设项目重新报_01_受理公告或公示版.json,2,8,17981,15892.1,0,成功,
153,153_佛山市全海世家新材料科技有限公司新建项目_01_报批稿或报告表,E:\华南理工项目\环评文件汇总\01_GitHub项目与研究文档\eia-openclaw-sync-chen2026\05_QA测试集\人工核查_环评报告出处整理_20260715\解析文本输出_按问答顺序\153_佛山市全海世家新材料科技有限公司新建项目_01_报批稿或报告表\153_佛山市全海世家新材料科技有限公司新建项目_01_报批稿或报告表.html,E:\华南理工项目\环评文件汇总\01_GitHub项目与研究文档\eia-openclaw-sync-chen2026\05_QA测试集\人工核查_环评报告出处整理_20260715\解析文本输出_按目录章节_20000token\153_佛山市全海世家新材料科技有限公司新建项目_01_报批稿或报告表\153_佛山市全海世家新材料科技有限公司新建项目_01_报批稿或报告表.json,3,12,18281,8216.2,0,成功,
154,153_佛山市全海世家新材料科技有限公司新建项目_02_报批稿或报告表,E:\华南理工项目\环评文件汇总\01_GitHub项目与研究文档\eia-openclaw-sync-chen2026\05_QA测试集\人工核查_环评报告出处整理_20260715\解析文本输出_按问答顺序\153_佛山市全海世家新材料科技有限公司新建项目_02_报批稿或报告表\153_佛山市全海世家新材料科技有限公司新建项目_02_报批稿或报告表.html,E:\华南理工项目\环评文件汇总\01_GitHub项目与研究文档\eia-openclaw-sync-chen2026\05_QA测试集\人工核查_环评报告出处整理_20260715\解析文本输出_按目录章节_20000token\153_佛山市全海世家新材料科技有限公司新建项目_02_报批稿或报告表\153_佛山市全海世家新材料科技有限公司新建项目_02_报批稿或报告表.json,2,4,18032,16839,0,成功,
155,153_佛山市全海世家新材料科技有限公司新建项目_03_报批稿或报告表,E:\华南理工项目\环评文件汇总\01_GitHub项目与研究文档\eia-openclaw-sync-chen2026\05_QA测试集\人工核查_环评报告出处整理_20260715\解析文本输出_按问答顺序\153_佛山市全海世家新材料科技有限公司新建项目_03_报批稿或报告表\153_佛山市全海世家新材料科技有限公司新建项目_03_报批稿或报告表.html,E:\华南理工项目\环评文件汇总\01_GitHub项目与研究文档\eia-openclaw-sync-chen2026\05_QA测试集\人工核查_环评报告出处整理_20260715\解析文本输出_按目录章节_20000token\153_佛山市全海世家新材料科技有限公司新建项目_03_报批稿或报告表\153_佛山市全海世家新材料科技有限公司新建项目_03_报批稿或报告表.json,0,1,48,48,0,成功,
156,154_佛山辰僖塑料有限公司新建项目_01_报批稿或报告表,E:\华南理工项目\环评文件汇总\01_GitHub项目与研究文档\eia-openclaw-sync-chen2026\05_QA测试集\人工核查_环评报告出处整理_20260715\解析文本输出_按问答顺序\154_佛山辰僖塑料有限公司新建项目_01_报批稿或报告表\154_佛山辰僖塑料有限公司新建项目_01_报批稿或报告表.html,E:\华南理工项目\环评文件汇总\01_GitHub项目与研究文档\eia-openclaw-sync-chen2026\05_QA测试集\人工核查_环评报告出处整理_20260715\解析文本输出_按目录章节_20000token\154_佛山辰僖塑料有限公司新建项目_01_报批稿或报告表\154_佛山辰僖塑料有限公司新建项目_01_报批稿或报告表.json,3,14,18383,8097.4,0,成功,
157,154_佛山辰僖塑料有限公司新建项目_02_报批稿或报告表,E:\华南理工项目\环评文件汇总\01_GitHub项目与研究文档\eia-openclaw-sync-chen2026\05_QA测试集\人工核查_环评报告出处整理_20260715\解析文本输出_按问答顺序\154_佛山辰僖塑料有限公司新建项目_02_报批稿或报告表\154_佛山辰僖塑料有限公司新建项目_02_报批稿或报告表.html,E:\华南理工项目\环评文件汇总\01_GitHub项目与研究文档\eia-openclaw-sync-chen2026\05_QA测试集\人工核查_环评报告出处整理_20260715\解析文本输出_按目录章节_20000token\154_佛山辰僖塑料有限公司新建项目_02_报批稿或报告表\154_佛山辰僖塑料有限公司新建项目_02_报批稿或报告表.json,2,6,17908,12746.5,0,成功,
158,154_佛山辰僖塑料有限公司新建项目_03_报批稿或报告表,E:\华南理工项目\环评文件汇总\01_GitHub项目与研究文档\eia-openclaw-sync-chen2026\05_QA测试集\人工核查_环评报告出处整理_20260715\解析文本输出_按问答顺序\154_佛山辰僖塑料有限公司新建项目_03_报批稿或报告表\154_佛山辰僖塑料有限公司新建项目_03_报批稿或报告表.html,E:\华南理工项目\环评文件汇总\01_GitHub项目与研究文档\eia-openclaw-sync-chen2026\05_QA测试集\人工核查_环评报告出处整理_20260715\解析文本输出_按目录章节_20000token\154_佛山辰僖塑料有限公司新建项目_03_报批稿或报告表\154_佛山辰僖塑料有限公司新建项目_03_报批稿或报告表.json,1,1,5016,5016,0,成功,
159,154_佛山辰僖塑料有限公司新建项目_04_报批稿或报告表,E:\华南理工项目\环评文件汇总\01_GitHub项目与研究文档\eia-openclaw-sync-chen2026\05_QA测试集\人工核查_环评报告出处整理_20260715\解析文本输出_按问答顺序\154_佛山辰僖塑料有限公司新建项目_04_报批稿或报告表\154_佛山辰僖塑料有限公司新建项目_04_报批稿或报告表.html,E:\华南理工项目\环评文件汇总\01_GitHub项目与研究文档\eia-openclaw-sync-chen2026\05_QA测试集\人工核查_环评报告出处整理_20260715\解析文本输出_按目录章节_20000token\154_佛山辰僖塑料有限公司新建项目_04_报批稿或报告表\154_佛山辰僖塑料有限公司新建项目_04_报批稿或报告表.json,0,1,48,48,0,成功,
160,155_和默化学（佛山）有限公司新建项目_01_报批稿或报告表,E:\华南理工项目\环评文件汇总\01_GitHub项目与研究文档\eia-openclaw-sync-chen2026\05_QA测试集\人工核查_环评报告出处整理_20260715\解析文本输出_按问答顺序\155_和默化学（佛山）有限公司新建项目_01_报批稿或报告表\155_和默化学（佛山）有限公司新建项目_01_报批稿或报告表.html,E:\华南理工项目\环评文件汇总\01_GitHub项目与研究文档\eia-openclaw-sync-chen2026\05_QA测试集\人工核查_环评报告出处整理_20260715\解析文本输出_按目录章节_20000token\155_和默化学（佛山）有限公司新建项目_01_报批稿或报告表\155_和默化学（佛山）有限公司新建项目_01_报批稿或报告表.json,3,14,18316,8208.9,0,成功,
161,155_和默化学（佛山）有限公司新建项目_02_报批稿或报告表,E:\华南理工项目\环评文件汇总\01_GitHub项目与研究文档\eia-openclaw-sync-chen2026\05_QA测试集\人工核查_环评报告出处整理_20260715\解析文本输出_按问答顺序\155_和默化学（佛山）有限公司新建项目_02_报批稿或报告表\155_和默化学（佛山）有限公司新建项目_02_报批稿或报告表.html,E:\华南理工项目\环评文件汇总\01_GitHub项目与研究文档\eia-openclaw-sync-chen2026\05_QA测试集\人工核查_环评报告出处整理_20260715\解析文本输出_按目录章节_20000token\155_和默化学（佛山）有限公司新建项目_02_报批稿或报告表\155_和默化学（佛山）有限公司新建项目_02_报批稿或报告表.json,2,6,17954,12555.5,0,成功,
162,155_和默化学（佛山）有限公司新建项目_03_报批稿或报告表,E:\华南理工项目\环评文件汇总\01_GitHub项目与研究文档\eia-openclaw-sync-chen2026\05_QA测试集\人工核查_环评报告出处整理_20260715\解析文本输出_按问答顺序\155_和默化学（佛山）有限公司新建项目_03_报批稿或报告表\155_和默化学（佛山）有限公司新建项目_03_报批稿或报告表.html,E:\华南理工项目\环评文件汇总\01_GitHub项目与研究文档\eia-openclaw-sync-chen2026\05_QA测试集\人工核查_环评报告出处整理_20260715\解析文本输出_按目录章节_20000token\155_和默化学（佛山）有限公司新建项目_03_报批稿或报告表\155_和默化学（佛山）有限公司新建项目_03_报批稿或报告表.json,0,1,48,48,0,成功,
163,156_佛山志兴盈包装有限公司新建项目_01_报批稿或报告表,E:\华南理工项目\环评文件汇总\01_GitHub项目与研究文档\eia-openclaw-sync-chen2026\05_QA测试集\人工核查_环评报告出处整理_20260715\解析文本输出_按问答顺序\156_佛山志兴盈包装有限公司新建项目_01_报批稿或报告表\156_佛山志兴盈包装有限公司新建项目_01_报批稿或报告表.html,E:\华南理工项目\环评文件汇总\01_GitHub项目与研究文档\eia-openclaw-sync-chen2026\05_QA测试集\人工核查_环评报告出处整理_20260715\解析文本输出_按目录章节_20000token\156_佛山志兴盈包装有限公司新建项目_01_报批稿或报告表\156_佛山志兴盈包装有限公司新建项目_01_报批稿或报告表.json,2,10,19996,9434.2,0,成功,
164,156_佛山志兴盈包装有限公司新建项目_02_报批稿或报告表,E:\华南理工项目\环评文件汇总\01_GitHub项目与研究文档\eia-openclaw-sync-chen2026\05_QA测试集\人工核查_环评报告出处整理_20260715\解析文本输出_按问答顺序\156_佛山志兴盈包装有限公司新建项目_02_报批稿或报告表\156_佛山志兴盈包装有限公司新建项目_02_报批稿或报告表.html,E:\华南理工项目\环评文件汇总\01_GitHub项目与研究文档\eia-openclaw-sync-chen2026\05_QA测试集\人工核查_环评报告出处整理_20260715\解析文本输出_按目录章节_20000token\156_佛山志兴盈包装有限公司新建项目_02_报批稿或报告表\156_佛山志兴盈包装有限公司新建项目_02_报批稿或报告表.json,2,4,17531,16362.5,0,成功,
165,156_佛山志兴盈包装有限公司新建项目_03_报批稿或报告表,E:\华南理工项目\环评文件汇总\01_GitHub项目与研究文档\eia-openclaw-sync-chen2026\05_QA测试集\人工核查_环评报告出处整理_20260715\解析文本输出_按问答顺序\156_佛山志兴盈包装有限公司新建项目_03_报批稿或报告表\156_佛山志兴盈包装有限公司新建项目_03_报批稿或报告表.html,E:\华南理工项目\环评文件汇总\01_GitHub项目与研究文档\eia-openclaw-sync-chen2026\05_QA测试集\人工核查_环评报告出处整理_20260715\解析文本输出_按目录章节_20000token\156_佛山志兴盈包装有限公司新建项目_03_报批稿或报告表\156_佛山志兴盈包装有限公司新建项目_03_报批稿或报告表.json,0,1,48,48,0,成功,
166,157_佛山市祖帮海绵有限公司新建项目_01_报批稿或报告表,E:\华南理工项目\环评文件汇总\01_GitHub项目与研究文档\eia-openclaw-sync-chen2026\05_QA测试集\人工核查_环评报告出处整理_20260715\解析文本输出_按问答顺序\157_佛山市祖帮海绵有限公司新建项目_01_报批稿或报告表\157_佛山市祖帮海绵有限公司新建项目_01_报批稿或报告表.html,E:\华南理工项目\环评文件汇总\01_GitHub项目与研究文档\eia-openclaw-sync-chen2026\05_QA测试集\人工核查_环评报告出处整理_20260715\解析文本输出_按目录章节_20000token\157_佛山市祖帮海绵有限公司新建项目_01_报批稿或报告表\157_佛山市祖帮海绵有限公司新建项目_01_报批稿或报告表.json,9,27,19605,13164.2,0,成功,
167,157_佛山市祖帮海绵有限公司新建项目_02_报批稿或报告表,E:\华南理工项目\环评文件汇总\01_GitHub项目与研究文档\eia-openclaw-sync-chen2026\05_QA测试集\人工核查_环评报告出处整理_20260715\解析文本输出_按问答顺序\157_佛山市祖帮海绵有限公司新建项目_02_报批稿或报告表\157_佛山市祖帮海绵有限公司新建项目_02_报批稿或报告表.html,E:\华南理工项目\环评文件汇总\01_GitHub项目与研究文档\eia-openclaw-sync-chen2026\05_QA测试集\人工核查_环评报告出处整理_20260715\解析文本输出_按目录章节_20000token\157_佛山市祖帮海绵有限公司新建项目_02_报批稿或报告表\157_佛山市祖帮海绵有限公司新建项目_02_报批稿或报告表.json,4,12,17930,17210.2,0,成功,
168,157_佛山市祖帮海绵有限公司新建项目_03_报批稿或报告表,E:\华南理工项目\环评文件汇总\01_GitHub项目与研究文档\eia-openclaw-sync-chen2026\05_QA测试集\人工核查_环评报告出处整理_20260715\解析文本输出_按问答顺序\157_佛山市祖帮海绵有限公司新建项目_03_报批稿或报告表\157_佛山市祖帮海绵有限公司新建项目_03_报批稿或报告表.html,E:\华南理工项目\环评文件汇总\01_GitHub项目与研究文档\eia-openclaw-sync-chen2026\05_QA测试集\人工核查_环评报告出处整理_20260715\解析文本输出_按目录章节_20000token\157_佛山市祖帮海绵有限公司新建项目_03_报批稿或报告表\157_佛山市祖帮海绵有限公司新建项目_03_报批稿或报告表.json,0,1,48,48,0,成功,
169,158_佛山市彩川合成材料有限公司新建项目_01_报批稿或报告表,E:\华南理工项目\环评文件汇总\01_GitHub项目与研究文档\eia-openclaw-sync-chen2026\05_QA测试集\人工核查_环评报告出处整理_20260715\解析文本输出_按问答顺序\158_佛山市彩川合成材料有限公司新建项目_01_报批稿或报告表\158_佛山市彩川合成材料有限公司新建项目_01_报批稿或报告表.html,E:\华南理工项目\环评文件汇总\01_GitHub项目与研究文档\eia-openclaw-sync-chen2026\05_QA测试集\人工核查_环评报告出处整理_20260715\解析文本输出_按目录章节_20000token\158_佛山市彩川合成材料有限公司新建项目_01_报批稿或报告表\158_佛山市彩川合成材料有限公司新建项目_01_报批稿或报告表.json,1,1,3212,3212,0,成功,
170,158_佛山市彩川合成材料有限公司新建项目_02_报批稿或报告表,E:\华南理工项目\环评文件汇总\01_GitHub项目与研究文档\eia-openclaw-sync-chen2026\05_QA测试集\人工核查_环评报告出处整理_20260715\解析文本输出_按问答顺序\158_佛山市彩川合成材料有限公司新建项目_02_报批稿或报告表\158_佛山市彩川合成材料有限公司新建项目_02_报批稿或报告表.html,E:\华南理工项目\环评文件汇总\01_GitHub项目与研究文档\eia-openclaw-sync-chen2026\05_QA测试集\人工核查_环评报告出处整理_20260715\解析文本输出_按目录章节_20000token\158_佛山市彩川合成材料有限公司新建项目_02_报批稿或报告表\158_佛山市彩川合成材料有限公司新建项目_02_报批稿或报告表.json,2,6,17653,14207.3,0,成功,
171,158_佛山市彩川合成材料有限公司新建项目_03_报批稿或报告表,E:\华南理工项目\环评文件汇总\01_GitHub项目与研究文档\eia-openclaw-sync-chen2026\05_QA测试集\人工核查_环评报告出处整理_20260715\解析文本输出_按问答顺序\158_佛山市彩川合成材料有限公司新建项目_03_报批稿或报告表\158_佛山市彩川合成材料有限公司新建项目_03_报批稿或报告表.html,E:\华南理工项目\环评文件汇总\01_GitHub项目与研究文档\eia-openclaw-sync-chen2026\05_QA测试集\人工核查_环评报告出处整理_20260715\解析文本输出_按目录章节_20000token\158_佛山市彩川合成材料有限公司新建项目_03_报批稿或报告表\158_佛山市彩川合成材料有限公司新建项目_03_报批稿或报告表.json,0,1,48,48,0,成功,
172,159_佛山市顺德区智成塑包装有限公司新建项目_01_报批稿或报告表,E:\华南理工项目\环评文件汇总\01_GitHub项目与研究文档\eia-openclaw-sync-chen2026\05_QA测试集\人工核查_环评报告出处整理_20260715\解析文本输出_按问答顺序\159_佛山市顺德区智成塑包装有限公司新建项目_01_报批稿或报告表\159_佛山市顺德区智成塑包装有限公司新建项目_01_报批稿或报告表.html,E:\华南理工项目\环评文件汇总\01_GitHub项目与研究文档\eia-openclaw-sync-chen2026\05_QA测试集\人工核查_环评报告出处整理_20260715\解析文本输出_按目录章节_20000token\159_佛山市顺德区智成塑包装有限公司新建项目_01_报批稿或报告表\159_佛山市顺德区智成塑包装有限公司新建项目_01_报批稿或报告表.json,3,13,18320,7489,0,成功,
173,159_佛山市顺德区智成塑包装有限公司新建项目_02_报批稿或报告表,E:\华南理工项目\环评文件汇总\01_GitHub项目与研究文档\eia-openclaw-sync-chen2026\05_QA测试集\人工核查_环评报告出处整理_20260715\解析文本输出_按问答顺序\159_佛山市顺德区智成塑包装有限公司新建项目_02_报批稿或报告表\159_佛山市顺德区智成塑包装有限公司新建项目_02_报批稿或报告表.html,E:\华南理工项目\环评文件汇总\01_GitHub项目与研究文档\eia-openclaw-sync-chen2026\05_QA测试集\人工核查_环评报告出处整理_20260715\解析文本输出_按目录章节_20000token\159_佛山市顺德区智成塑包装有限公司新建项目_02_报批稿或报告表\159_佛山市顺德区智成塑包装有限公司新建项目_02_报批稿或报告表.json,2,5,17805,13379.2,0,成功,
174,159_佛山市顺德区智成塑包装有限公司新建项目_03_报批稿或报告表,E:\华南理工项目\环评文件汇总\01_GitHub项目与研究文档\eia-openclaw-sync-chen2026\05_QA测试集\人工核查_环评报告出处整理_20260715\解析文本输出_按问答顺序\159_佛山市顺德区智成塑包装有限公司新建项目_03_报批稿或报告表\159_佛山市顺德区智成塑包装有限公司新建项目_03_报批稿或报告表.html,E:\华南理工项目\环评文件汇总\01_GitHub项目与研究文档\eia-openclaw-sync-chen2026\05_QA测试集\人工核查_环评报告出处整理_20260715\解析文本输出_按目录章节_20000token\159_佛山市顺德区智成塑包装有限公司新建项目_03_报批稿或报告表\159_佛山市顺德区智成塑包装有限公司新建项目_03_报批稿或报告表.json,1,1,2546,2546,0,成功,
175,160_鹏彩科技（佛山市）有限公司新建项目_01_报批稿或报告表,E:\华南理工项目\环评文件汇总\01_GitHub项目与研究文档\eia-openclaw-sync-chen2026\05_QA测试集\人工核查_环评报告出处整理_20260715\解析文本输出_按问答顺序\160_鹏彩科技（佛山市）有限公司新建项目_01_报批稿或报告表\160_鹏彩科技（佛山市）有限公司新建项目_01_报批稿或报告表.html,E:\华南理工项目\环评文件汇总\01_GitHub项目与研究文档\eia-openclaw-sync-chen2026\05_QA测试集\人工核查_环评报告出处整理_20260715\解析文本输出_按目录章节_20000token\160_鹏彩科技（佛山市）有限公司新建项目_01_报批稿或报告表\160_鹏彩科技（佛山市）有限公司新建项目_01_报批稿或报告表.json,3,16,18295,8262.1,0,成功,
176,160_鹏彩科技（佛山市）有限公司新建项目_02_报批稿或报告表,E:\华南理工项目\环评文件汇总\01_GitHub项目与研究文档\eia-openclaw-sync-chen2026\05_QA测试集\人工核查_环评报告出处整理_20260715\解析文本输出_按问答顺序\160_鹏彩科技（佛山市）有限公司新建项目_02_报批稿或报告表\160_鹏彩科技（佛山市）有限公司新建项目_02_报批稿或报告表.html,E:\华南理工项目\环评文件汇总\01_GitHub项目与研究文档\eia-openclaw-sync-chen2026\05_QA测试集\人工核查_环评报告出处整理_20260715\解析文本输出_按目录章节_20000token\160_鹏彩科技（佛山市）有限公司新建项目_02_报批稿或报告表\160_鹏彩科技（佛山市）有限公司新建项目_02_报批稿或报告表.json,2,7,17944,12941.6,0,成功,
177,160_鹏彩科技（佛山市）有限公司新建项目_03_报批稿或报告表,E:\华南理工项目\环评文件汇总\01_GitHub项目与研究文档\eia-openclaw-sync-chen2026\05_QA测试集\人工核查_环评报告出处整理_20260715\解析文本输出_按问答顺序\160_鹏彩科技（佛山市）有限公司新建项目_03_报批稿或报告表\160_鹏彩科技（佛山市）有限公司新建项目_03_报批稿或报告表.html,E:\华南理工项目\环评文件汇总\01_GitHub项目与研究文档\eia-openclaw-sync-chen2026\05_QA测试集\人工核查_环评报告出处整理_20260715\解析文本输出_按目录章节_20000token\160_鹏彩科技（佛山市）有限公司新建项目_03_报批稿或报告表\160_鹏彩科技（佛山市）有限公司新建项目_03_报批稿或报告表.json,0,1,48,48,0,成功,
178,161_广东顺德意达电子薄膜器件有限公司新建项目_01_报批稿或报告表,E:\华南理工项目\环评文件汇总\01_GitHub项目与研究文档\eia-openclaw-sync-chen2026\05_QA测试集\人工核查_环评报告出处整理_20260715\解析文本输出_按问答顺序\161_广东顺德意达电子薄膜器件有限公司新建项目_01_报批稿或报告表\161_广东顺德意达电子薄膜器件有限公司新建项目_01_报批稿或报告表.html,E:\华南理工项目\环评文件汇总\01_GitHub项目与研究文档\eia-openclaw-sync-chen2026\05_QA测试集\人工核查_环评报告出处整理_20260715\解析文本输出_按目录章节_20000token\161_广东顺德意达电子薄膜器件有限公司新建项目_01_报批稿或报告表\161_广东顺德意达电子薄膜器件有限公司新建项目_01_报批稿或报告表.json,2,11,18790,8384.5,0,成功,
179,161_广东顺德意达电子薄膜器件有限公司新建项目_02_报批稿或报告表,E:\华南理工项目\环评文件汇总\01_GitHub项目与研究文档\eia-openclaw-sync-chen2026\05_QA测试集\人工核查_环评报告出处整理_20260715\解析文本输出_按问答顺序\161_广东顺德意达电子薄膜器件有限公司新建项目_02_报批稿或报告表\161_广东顺德意达电子薄膜器件有限公司新建项目_02_报批稿或报告表.html,E:\华南理工项目\环评文件汇总\01_GitHub项目与研究文档\eia-openclaw-sync-chen2026\05_QA测试集\人工核查_环评报告出处整理_20260715\解析文本输出_按目录章节_20000token\161_广东顺德意达电子薄膜器件有限公司新建项目_02_报批稿或报告表\161_广东顺德意达电子薄膜器件有限公司新建项目_02_报批稿或报告表.json,2,4,17530,16340.8,0,成功,
180,161_广东顺德意达电子薄膜器件有限公司新建项目_03_报批稿或报告表,E:\华南理工项目\环评文件汇总\01_GitHub项目与研究文档\eia-openclaw-sync-chen2026\05_QA测试集\人工核查_环评报告出处整理_20260715\解析文本输出_按问答顺序\161_广东顺德意达电子薄膜器件有限公司新建项目_03_报批稿或报告表\161_广东顺德意达电子薄膜器件有限公司新建项目_03_报批稿或报告表.html,E:\华南理工项目\环评文件汇总\01_GitHub项目与研究文档\eia-openclaw-sync-chen2026\05_QA测试集\人工核查_环评报告出处整理_20260715\解析文本输出_按目录章节_20000token\161_广东顺德意达电子薄膜器件有限公司新建项目_03_报批稿或报告表\161_广东顺德意达电子薄膜器件有限公司新建项目_03_报批稿或报告表.json,1,1,2389,2389,0,成功,
181,162_鹏彩科技（佛山市）有限公司新建项目_01_报批稿或报告表,E:\华南理工项目\环评文件汇总\01_GitHub项目与研究文档\eia-openclaw-sync-chen2026\05_QA测试集\人工核查_环评报告出处整理_20260715\解析文本输出_按问答顺序\162_鹏彩科技（佛山市）有限公司新建项目_01_报批稿或报告表\162_鹏彩科技（佛山市）有限公司新建项目_01_报批稿或报告表.html,E:\华南理工项目\环评文件汇总\01_GitHub项目与研究文档\eia-openclaw-sync-chen2026\05_QA测试集\人工核查_环评报告出处整理_20260715\解析文本输出_按目录章节_20000token\162_鹏彩科技（佛山市）有限公司新建项目_01_报批稿或报告表\162_鹏彩科技（佛山市）有限公司新建项目_01_报批稿或报告表.json,3,16,18295,8262.1,0,成功,
182,162_鹏彩科技（佛山市）有限公司新建项目_02_受理公告或公示版,E:\华南理工项目\环评文件汇总\01_GitHub项目与研究文档\eia-openclaw-sync-chen2026\05_QA测试集\人工核查_环评报告出处整理_20260715\解析文本输出_按问答顺序\162_鹏彩科技（佛山市）有限公司新建项目_02_受理公告或公示版\162_鹏彩科技（佛山市）有限公司新建项目_02_受理公告或公示版.html,E:\华南理工项目\环评文件汇总\01_GitHub项目与研究文档\eia-openclaw-sync-chen2026\05_QA测试集\人工核查_环评报告出处整理_20260715\解析文本输出_按目录章节_20000token\162_鹏彩科技（佛山市）有限公司新建项目_02_受理公告或公示版\162_鹏彩科技（佛山市）有限公司新建项目_02_受理公告或公示版.json,2,7,17944,12941.6,0,成功,
183,162_鹏彩科技（佛山市）有限公司新建项目_03_修改评估意见,E:\华南理工项目\环评文件汇总\01_GitHub项目与研究文档\eia-openclaw-sync-chen2026\05_QA测试集\人工核查_环评报告出处整理_20260715\解析文本输出_按问答顺序\162_鹏彩科技（佛山市）有限公司新建项目_03_修改评估意见\162_鹏彩科技（佛山市）有限公司新建项目_03_修改评估意见.html,E:\华南理工项目\环评文件汇总\01_GitHub项目与研究文档\eia-openclaw-sync-chen2026\05_QA测试集\人工核查_环评报告出处整理_20260715\解析文本输出_按目录章节_20000token\162_鹏彩科技（佛山市）有限公司新建项目_03_修改评估意见\162_鹏彩科技（佛山市）有限公司新建项目_03_修改评估意见.json,0,1,48,48,0,成功,
184,163_佛山志兴盈包装有限公司新建项目_01_报批稿或报告表,E:\华南理工项目\环评文件汇总\01_GitHub项目与研究文档\eia-openclaw-sync-chen2026\05_QA测试集\人工核查_环评报告出处整理_20260715\解析文本输出_按问答顺序\163_佛山志兴盈包装有限公司新建项目_01_报批稿或报告表\163_佛山志兴盈包装有限公司新建项目_01_报批稿或报告表.html,E:\华南理工项目\环评文件汇总\01_GitHub项目与研究文档\eia-openclaw-sync-chen2026\05_QA测试集\人工核查_环评报告出处整理_20260715\解析文本输出_按目录章节_20000token\163_佛山志兴盈包装有限公司新建项目_01_报批稿或报告表\163_佛山志兴盈包装有限公司新建项目_01_报批稿或报告表.json,2,10,19996,9434.2,0,成功,
185,163_佛山志兴盈包装有限公司新建项目_02_受理公告或公示版,E:\华南理工项目\环评文件汇总\01_GitHub项目与研究文档\eia-openclaw-sync-chen2026\05_QA测试集\人工核查_环评报告出处整理_20260715\解析文本输出_按问答顺序\163_佛山志兴盈包装有限公司新建项目_02_受理公告或公示版\163_佛山志兴盈包装有限公司新建项目_02_受理公告或公示版.html,E:\华南理工项目\环评文件汇总\01_GitHub项目与研究文档\eia-openclaw-sync-chen2026\05_QA测试集\人工核查_环评报告出处整理_20260715\解析文本输出_按目录章节_20000token\163_佛山志兴盈包装有限公司新建项目_02_受理公告或公示版\163_佛山志兴盈包装有限公司新建项目_02_受理公告或公示版.json,2,4,17531,16362.5,0,成功,
186,163_佛山志兴盈包装有限公司新建项目_03_修改评估意见,E:\华南理工项目\环评文件汇总\01_GitHub项目与研究文档\eia-openclaw-sync-chen2026\05_QA测试集\人工核查_环评报告出处整理_20260715\解析文本输出_按问答顺序\163_佛山志兴盈包装有限公司新建项目_03_修改评估意见\163_佛山志兴盈包装有限公司新建项目_03_修改评估意见.html,E:\华南理工项目\环评文件汇总\01_GitHub项目与研究文档\eia-openclaw-sync-chen2026\05_QA测试集\人工核查_环评报告出处整理_20260715\解析文本输出_按目录章节_20000token\163_佛山志兴盈包装有限公司新建项目_03_修改评估意见\163_佛山志兴盈包装有限公司新建项目_03_修改评估意见.json,0,1,48,48,0,成功,
187,164_佛山市祖帮海绵有限公司新建项目_01_报批稿或报告表,E:\华南理工项目\环评文件汇总\01_GitHub项目与研究文档\eia-openclaw-sync-chen2026\05_QA测试集\人工核查_环评报告出处整理_20260715\解析文本输出_按问答顺序\164_佛山市祖帮海绵有限公司新建项目_01_报批稿或报告表\164_佛山市祖帮海绵有限公司新建项目_01_报批稿或报告表.html,E:\华南理工项目\环评文件汇总\01_GitHub项目与研究文档\eia-openclaw-sync-chen2026\05_QA测试集\人工核查_环评报告出处整理_20260715\解析文本输出_按目录章节_20000token\164_佛山市祖帮海绵有限公司新建项目_01_报批稿或报告表\164_佛山市祖帮海绵有限公司新建项目_01_报批稿或报告表.json,9,27,19605,13164.2,0,成功,
188,164_佛山市祖帮海绵有限公司新建项目_02_受理公告或公示版,E:\华南理工项目\环评文件汇总\01_GitHub项目与研究文档\eia-openclaw-sync-chen2026\05_QA测试集\人工核查_环评报告出处整理_20260715\解析文本输出_按问答顺序\164_佛山市祖帮海绵有限公司新建项目_02_受理公告或公示版\164_佛山市祖帮海绵有限公司新建项目_02_受理公告或公示版.html,E:\华南理工项目\环评文件汇总\01_GitHub项目与研究文档\eia-openclaw-sync-chen2026\05_QA测试集\人工核查_环评报告出处整理_20260715\解析文本输出_按目录章节_20000token\164_佛山市祖帮海绵有限公司新建项目_02_受理公告或公示版\164_佛山市祖帮海绵有限公司新建项目_02_受理公告或公示版.json,4,12,17930,17210.2,0,成功,
189,164_佛山市祖帮海绵有限公司新建项目_03_修改评估意见,E:\华南理工项目\环评文件汇总\01_GitHub项目与研究文档\eia-openclaw-sync-chen2026\05_QA测试集\人工核查_环评报告出处整理_20260715\解析文本输出_按问答顺序\164_佛山市祖帮海绵有限公司新建项目_03_修改评估意见\164_佛山市祖帮海绵有限公司新建项目_03_修改评估意见.html,E:\华南理工项目\环评文件汇总\01_GitHub项目与研究文档\eia-openclaw-sync-chen2026\05_QA测试集\人工核查_环评报告出处整理_20260715\解析文本输出_按目录章节_20000token\164_佛山市祖帮海绵有限公司新建项目_03_修改评估意见\164_佛山市祖帮海绵有限公司新建项目_03_修改评估意见.json,0,1,48,48,0,成功,
190,165_和默化学（佛山）有限公司新建项目_01_报批稿或报告表,E:\华南理工项目\环评文件汇总\01_GitHub项目与研究文档\eia-openclaw-sync-chen2026\05_QA测试集\人工核查_环评报告出处整理_20260715\解析文本输出_按问答顺序\165_和默化学（佛山）有限公司新建项目_01_报批稿或报告表\165_和默化学（佛山）有限公司新建项目_01_报批稿或报告表.html,E:\华南理工项目\环评文件汇总\01_GitHub项目与研究文档\eia-openclaw-sync-chen2026\05_QA测试集\人工核查_环评报告出处整理_20260715\解析文本输出_按目录章节_20000token\165_和默化学（佛山）有限公司新建项目_01_报批稿或报告表\165_和默化学（佛山）有限公司新建项目_01_报批稿或报告表.json,3,14,18316,8208.9,0,成功,
191,165_和默化学（佛山）有限公司新建项目_02_受理公告或公示版,E:\华南理工项目\环评文件汇总\01_GitHub项目与研究文档\eia-openclaw-sync-chen2026\05_QA测试集\人工核查_环评报告出处整理_20260715\解析文本输出_按问答顺序\165_和默化学（佛山）有限公司新建项目_02_受理公告或公示版\165_和默化学（佛山）有限公司新建项目_02_受理公告或公示版.html,E:\华南理工项目\环评文件汇总\01_GitHub项目与研究文档\eia-openclaw-sync-chen2026\05_QA测试集\人工核查_环评报告出处整理_20260715\解析文本输出_按目录章节_20000token\165_和默化学（佛山）有限公司新建项目_02_受理公告或公示版\165_和默化学（佛山）有限公司新建项目_02_受理公告或公示版.json,2,6,17954,12555.5,0,成功,
192,165_和默化学（佛山）有限公司新建项目_03_修改评估意见,E:\华南理工项目\环评文件汇总\01_GitHub项目与研究文档\eia-openclaw-sync-chen2026\05_QA测试集\人工核查_环评报告出处整理_20260715\解析文本输出_按问答顺序\165_和默化学（佛山）有限公司新建项目_03_修改评估意见\165_和默化学（佛山）有限公司新建项目_03_修改评估意见.html,E:\华南理工项目\环评文件汇总\01_GitHub项目与研究文档\eia-openclaw-sync-chen2026\05_QA测试集\人工核查_环评报告出处整理_20260715\解析文本输出_按目录章节_20000token\165_和默化学（佛山）有限公司新建项目_03_修改评估意见\165_和默化学（佛山）有限公司新建项目_03_修改评估意见.json,0,1,48,48,0,成功,
193,166_佛山气盾新材料有限公司新建项目_01_报批稿或报告表,E:\华南理工项目\环评文件汇总\01_GitHub项目与研究文档\eia-openclaw-sync-chen2026\05_QA测试集\人工核查_环评报告出处整理_20260715\解析文本输出_按问答顺序\166_佛山气盾新材料有限公司新建项目_01_报批稿或报告表\166_佛山气盾新材料有限公司新建项目_01_报批稿或报告表.html,E:\华南理工项目\环评文件汇总\01_GitHub项目与研究文档\eia-openclaw-sync-chen2026\05_QA测试集\人工核查_环评报告出处整理_20260715\解析文本输出_按目录章节_20000token\166_佛山气盾新材料有限公司新建项目_01_报批稿或报告表\166_佛山气盾新材料有限公司新建项目_01_报批稿或报告表.json,2,10,19961,7353.7,0,成功,
194,166_佛山气盾新材料有限公司新建项目_02_受理公告或公示版,E:\华南理工项目\环评文件汇总\01_GitHub项目与研究文档\eia-openclaw-sync-chen2026\05_QA测试集\人工核查_环评报告出处整理_20260715\解析文本输出_按问答顺序\166_佛山气盾新材料有限公司新建项目_02_受理公告或公示版\166_佛山气盾新材料有限公司新建项目_02_受理公告或公示版.html,E:\华南理工项目\环评文件汇总\01_GitHub项目与研究文档\eia-openclaw-sync-chen2026\05_QA测试集\人工核查_环评报告出处整理_20260715\解析文本输出_按目录章节_20000token\166_佛山气盾新材料有限公司新建项目_02_受理公告或公示版\166_佛山气盾新材料有限公司新建项目_02_受理公告或公示版.json,1,4,17977,13188,0,成功,
195,166_佛山气盾新材料有限公司新建项目_03_修改评估意见,E:\华南理工项目\环评文件汇总\01_GitHub项目与研究文档\eia-openclaw-sync-chen2026\05_QA测试集\人工核查_环评报告出处整理_20260715\解析文本输出_按问答顺序\166_佛山气盾新材料有限公司新建项目_03_修改评估意见\166_佛山气盾新材料有限公司新建项目_03_修改评估意见.html,E:\华南理工项目\环评文件汇总\01_GitHub项目与研究文档\eia-openclaw-sync-chen2026\05_QA测试集\人工核查_环评报告出处整理_20260715\解析文本输出_按目录章节_20000token\166_佛山气盾新材料有限公司新建项目_03_修改评估意见\166_佛山气盾新材料有限公司新建项目_03_修改评估意见.json,0,1,48,48,0,成功,
196,167_佛山市彩川合成材料有限公司新建项目_01_受理公告或公示版,E:\华南理工项目\环评文件汇总\01_GitHub项目与研究文档\eia-openclaw-sync-chen2026\05_QA测试集\人工核查_环评报告出处整理_20260715\解析文本输出_按问答顺序\167_佛山市彩川合成材料有限公司新建项目_01_受理公告或公示版\167_佛山市彩川合成材料有限公司新建项目_01_受理公告或公示版.html,E:\华南理工项目\环评文件汇总\01_GitHub项目与研究文档\eia-openclaw-sync-chen2026\05_QA测试集\人工核查_环评报告出处整理_20260715\解析文本输出_按目录章节_20000token\167_佛山市彩川合成材料有限公司新建项目_01_受理公告或公示版\167_佛山市彩川合成材料有限公司新建项目_01_受理公告或公示版.json,2,6,17653,14207.3,0,成功,
197,167_佛山市彩川合成材料有限公司新建项目_02_修改评估意见,E:\华南理工项目\环评文件汇总\01_GitHub项目与研究文档\eia-openclaw-sync-chen2026\05_QA测试集\人工核查_环评报告出处整理_20260715\解析文本输出_按问答顺序\167_佛山市彩川合成材料有限公司新建项目_02_修改评估意见\167_佛山市彩川合成材料有限公司新建项目_02_修改评估意见.html,E:\华南理工项目\环评文件汇总\01_GitHub项目与研究文档\eia-openclaw-sync-chen2026\05_QA测试集\人工核查_环评报告出处整理_20260715\解析文本输出_按目录章节_20000token\167_佛山市彩川合成材料有限公司新建项目_02_修改评估意见\167_佛山市彩川合成材料有限公司新建项目_02_修改评估意见.json,1,1,3212,3212,0,成功,
198,167_佛山市彩川合成材料有限公司新建项目_03_修改评估意见,E:\华南理工项目\环评文件汇总\01_GitHub项目与研究文档\eia-openclaw-sync-chen2026\05_QA测试集\人工核查_环评报告出处整理_20260715\解析文本输出_按问答顺序\167_佛山市彩川合成材料有限公司新建项目_03_修改评估意见\167_佛山市彩川合成材料有限公司新建项目_03_修改评估意见.html,E:\华南理工项目\环评文件汇总\01_GitHub项目与研究文档\eia-openclaw-sync-chen2026\05_QA测试集\人工核查_环评报告出处整理_20260715\解析文本输出_按目录章节_20000token\167_佛山市彩川合成材料有限公司新建项目_03_修改评估意见\167_佛山市彩川合成材料有限公司新建项目_03_修改评估意见.json,0,1,48,48,0,成功,
199,168_广东顺德意达电子薄膜器件有限公司新建项目_01_报批稿或报告表,E:\华南理工项目\环评文件汇总\01_GitHub项目与研究文档\eia-openclaw-sync-chen2026\05_QA测试集\人工核查_环评报告出处整理_20260715\解析文本输出_按问答顺序\168_广东顺德意达电子薄膜器件有限公司新建项目_01_报批稿或报告表\168_广东顺德意达电子薄膜器件有限公司新建项目_01_报批稿或报告表.html,E:\华南理工项目\环评文件汇总\01_GitHub项目与研究文档\eia-openclaw-sync-chen2026\05_QA测试集\人工核查_环评报告出处整理_20260715\解析文本输出_按目录章节_20000token\168_广东顺德意达电子薄膜器件有限公司新建项目_01_报批稿或报告表\168_广东顺德意达电子薄膜器件有限公司新建项目_01_报批稿或报告表.json,2,11,18790,8384.5,0,成功,
200,168_广东顺德意达电子薄膜器件有限公司新建项目_02_受理公告或公示版,E:\华南理工项目\环评文件汇总\01_GitHub项目与研究文档\eia-openclaw-sync-chen2026\05_QA测试集\人工核查_环评报告出处整理_20260715\解析文本输出_按问答顺序\168_广东顺德意达电子薄膜器件有限公司新建项目_02_受理公告或公示版\168_广东顺德意达电子薄膜器件有限公司新建项目_02_受理公告或公示版.html,E:\华南理工项目\环评文件汇总\01_GitHub项目与研究文档\eia-openclaw-sync-chen2026\05_QA测试集\人工核查_环评报告出处整理_20260715\解析文本输出_按目录章节_20000token\168_广东顺德意达电子薄膜器件有限公司新建项目_02_受理公告或公示版\168_广东顺德意达电子薄膜器件有限公司新建项目_02_受理公告或公示版.json,2,4,17530,16340.8,0,成功,
201,168_广东顺德意达电子薄膜器件有限公司新建项目_03_修改评估意见,E:\华南理工项目\环评文件汇总\01_GitHub项目与研究文档\eia-openclaw-sync-chen2026\05_QA测试集\人工核查_环评报告出处整理_20260715\解析文本输出_按问答顺序\168_广东顺德意达电子薄膜器件有限公司新建项目_03_修改评估意见\168_广东顺德意达电子薄膜器件有限公司新建项目_03_修改评估意见.html,E:\华南理工项目\环评文件汇总\01_GitHub项目与研究文档\eia-openclaw-sync-chen2026\05_QA测试集\人工核查_环评报告出处整理_20260715\解析文本输出_按目录章节_20000token\168_广东顺德意达电子薄膜器件有限公司新建项目_03_修改评估意见\168_广东顺德意达电子薄膜器件有限公司新建项目_03_修改评估意见.json,1,1,2389,2389,0,成功,
202,169_佛山市全海世家新材料科技有限公司新建项目_01_报批稿或报告表,E:\华南理工项目\环评文件汇总\01_GitHub项目与研究文档\eia-openclaw-sync-chen2026\05_QA测试集\人工核查_环评报告出处整理_20260715\解析文本输出_按问答顺序\169_佛山市全海世家新材料科技有限公司新建项目_01_报批稿或报告表\169_佛山市全海世家新材料科技有限公司新建项目_01_报批稿或报告表.html,E:\华南理工项目\环评文件汇总\01_GitHub项目与研究文档\eia-openclaw-sync-chen2026\05_QA测试集\人工核查_环评报告出处整理_20260715\解析文本输出_按目录章节_20000token\169_佛山市全海世家新材料科技有限公司新建项目_01_报批稿或报告表\169_佛山市全海世家新材料科技有限公司新建项目_01_报批稿或报告表.json,3,12,18281,8216.2,0,成功,
203,169_佛山市全海世家新材料科技有限公司新建项目_02_受理公告或公示版,E:\华南理工项目\环评文件汇总\01_GitHub项目与研究文档\eia-openclaw-sync-chen2026\05_QA测试集\人工核查_环评报告出处整理_20260715\解析文本输出_按问答顺序\169_佛山市全海世家新材料科技有限公司新建项目_02_受理公告或公示版\169_佛山市全海世家新材料科技有限公司新建项目_02_受理公告或公示版.html,E:\华南理工项目\环评文件汇总\01_GitHub项目与研究文档\eia-openclaw-sync-chen2026\05_QA测试集\人工核查_环评报告出处整理_20260715\解析文本输出_按目录章节_20000token\169_佛山市全海世家新材料科技有限公司新建项目_02_受理公告或公示版\169_佛山市全海世家新材料科技有限公司新建项目_02_受理公告或公示版.json,2,4,18032,16839,0,成功,
204,169_佛山市全海世家新材料科技有限公司新建项目_03_修改评估意见,E:\华南理工项目\环评文件汇总\01_GitHub项目与研究文档\eia-openclaw-sync-chen2026\05_QA测试集\人工核查_环评报告出处整理_20260715\解析文本输出_按问答顺序\169_佛山市全海世家新材料科技有限公司新建项目_03_修改评估意见\169_佛山市全海世家新材料科技有限公司新建项目_03_修改评估意见.html,E:\华南理工项目\环评文件汇总\01_GitHub项目与研究文档\eia-openclaw-sync-chen2026\05_QA测试集\人工核查_环评报告出处整理_20260715\解析文本输出_按目录章节_20000token\169_佛山市全海世家新材料科技有限公司新建项目_03_修改评估意见\169_佛山市全海世家新材料科技有限公司新建项目_03_修改评估意见.json,0,1,48,48,0,成功,
205,170_佛山市顺德区智成塑包装有限公司新建项目_01_报批稿或报告表,E:\华南理工项目\环评文件汇总\01_GitHub项目与研究文档\eia-openclaw-sync-chen2026\05_QA测试集\人工核查_环评报告出处整理_20260715\解析文本输出_按问答顺序\170_佛山市顺德区智成塑包装有限公司新建项目_01_报批稿或报告表\170_佛山市顺德区智成塑包装有限公司新建项目_01_报批稿或报告表.html,E:\华南理工项目\环评文件汇总\01_GitHub项目与研究文档\eia-openclaw-sync-chen2026\05_QA测试集\人工核查_环评报告出处整理_20260715\解析文本输出_按目录章节_20000token\170_佛山市顺德区智成塑包装有限公司新建项目_01_报批稿或报告表\170_佛山市顺德区智成塑包装有限公司新建项目_01_报批稿或报告表.json,3,13,18320,7489,0,成功,
206,170_佛山市顺德区智成塑包装有限公司新建项目_02_受理公告或公示版,E:\华南理工项目\环评文件汇总\01_GitHub项目与研究文档\eia-openclaw-sync-chen2026\05_QA测试集\人工核查_环评报告出处整理_20260715\解析文本输出_按问答顺序\170_佛山市顺德区智成塑包装有限公司新建项目_02_受理公告或公示版\170_佛山市顺德区智成塑包装有限公司新建项目_02_受理公告或公示版.html,E:\华南理工项目\环评文件汇总\01_GitHub项目与研究文档\eia-openclaw-sync-chen2026\05_QA测试集\人工核查_环评报告出处整理_20260715\解析文本输出_按目录章节_20000token\170_佛山市顺德区智成塑包装有限公司新建项目_02_受理公告或公示版\170_佛山市顺德区智成塑包装有限公司新建项目_02_受理公告或公示版.json,2,5,17805,13379.2,0,成功,
207,170_佛山市顺德区智成塑包装有限公司新建项目_03_修改评估意见,E:\华南理工项目\环评文件汇总\01_GitHub项目与研究文档\eia-openclaw-sync-chen2026\05_QA测试集\人工核查_环评报告出处整理_20260715\解析文本输出_按问答顺序\170_佛山市顺德区智成塑包装有限公司新建项目_03_修改评估意见\170_佛山市顺德区智成塑包装有限公司新建项目_03_修改评估意见.html,E:\华南理工项目\环评文件汇总\01_GitHub项目与研究文档\eia-openclaw-sync-chen2026\05_QA测试集\人工核查_环评报告出处整理_20260715\解析文本输出_按目录章节_20000token\170_佛山市顺德区智成塑包装有限公司新建项目_03_修改评估意见\170_佛山市顺德区智成塑包装有限公司新建项目_03_修改评估意见.json,1,1,2546,2546,0,成功,
208,171_佛山辰僖塑料有限公司新建项目_01_报批稿或报告表,E:\华南理工项目\环评文件汇总\01_GitHub项目与研究文档\eia-openclaw-sync-chen2026\05_QA测试集\人工核查_环评报告出处整理_20260715\解析文本输出_按问答顺序\171_佛山辰僖塑料有限公司新建项目_01_报批稿或报告表\171_佛山辰僖塑料有限公司新建项目_01_报批稿或报告表.html,E:\华南理工项目\环评文件汇总\01_GitHub项目与研究文档\eia-openclaw-sync-chen2026\05_QA测试集\人工核查_环评报告出处整理_20260715\解析文本输出_按目录章节_20000token\171_佛山辰僖塑料有限公司新建项目_01_报批稿或报告表\171_佛山辰僖塑料有限公司新建项目_01_报批稿或报告表.json,3,14,18383,8097.4,0,成功,
209,171_佛山辰僖塑料有限公司新建项目_02_受理公告或公示版,E:\华南理工项目\环评文件汇总\01_GitHub项目与研究文档\eia-openclaw-sync-chen2026\05_QA测试集\人工核查_环评报告出处整理_20260715\解析文本输出_按问答顺序\171_佛山辰僖塑料有限公司新建项目_02_受理公告或公示版\171_佛山辰僖塑料有限公司新建项目_02_受理公告或公示版.html,E:\华南理工项目\环评文件汇总\01_GitHub项目与研究文档\eia-openclaw-sync-chen2026\05_QA测试集\人工核查_环评报告出处整理_20260715\解析文本输出_按目录章节_20000token\171_佛山辰僖塑料有限公司新建项目_02_受理公告或公示版\171_佛山辰僖塑料有限公司新建项目_02_受理公告或公示版.json,2,6,17908,12746.5,0,成功,
210,171_佛山辰僖塑料有限公司新建项目_03_修改评估意见,E:\华南理工项目\环评文件汇总\01_GitHub项目与研究文档\eia-openclaw-sync-chen2026\05_QA测试集\人工核查_环评报告出处整理_20260715\解析文本输出_按问答顺序\171_佛山辰僖塑料有限公司新建项目_03_修改评估意见\171_佛山辰僖塑料有限公司新建项目_03_修改评估意见.html,E:\华南理工项目\环评文件汇总\01_GitHub项目与研究文档\eia-openclaw-sync-chen2026\05_QA测试集\人工核查_环评报告出处整理_20260715\解析文本输出_按目录章节_20000token\171_佛山辰僖塑料有限公司新建项目_03_修改评估意见\171_佛山辰僖塑料有限公司新建项目_03_修改评估意见.json,1,1,5016,5016,0,成功,
211,171_佛山辰僖塑料有限公司新建项目_04_修改评估意见,E:\华南理工项目\环评文件汇总\01_GitHub项目与研究文档\eia-openclaw-sync-chen2026\05_QA测试集\人工核查_环评报告出处整理_20260715\解析文本输出_按问答顺序\171_佛山辰僖塑料有限公司新建项目_04_修改评估意见\171_佛山辰僖塑料有限公司新建项目_04_修改评估意见.html,E:\华南理工项目\环评文件汇总\01_GitHub项目与研究文档\eia-openclaw-sync-chen2026\05_QA测试集\人工核查_环评报告出处整理_20260715\解析文本输出_按目录章节_20000token\171_佛山辰僖塑料有限公司新建项目_04_修改评估意见\171_佛山辰僖塑料有限公司新建项目_04_修改评估意见.json,0,1,48,48,0,成功,
