project_id,file_name,practical_status,status,text_layer_rate,row_complete_rate,title_complete_rate,checked_rows,complete_rows,partial_rows,missing_rows,reason,md_file,file_id
PL018,PL018_广东台塑智能科技有限公司新建项目_01_受理公告或公示版.pdf,??????,需复核,63.5,91.0,100.0,1288,1172,44,72,存在部分PDF表格行未在md中完整命中,解析文本拼接_表格清洗增强_01_001-020.md,017_广东台塑智能科技有限公司新建项目_01_受理公告或公示版
PL019,PL019_佛山市智龙科技有限公司迁扩建项目_01_受理公告或公示版.pdf,??????,需复核,75.0,89.4,50.0,1268,1133,40,95,存在部分PDF表格行未在md中完整命中,解析文本拼接_表格清洗增强_01_001-020.md,018_佛山市智龙科技有限公司迁扩建项目_01_受理公告或公示版
PL020,PL020_佛山市朗信塑料制品有限公司新建项目_01_受理公告或公示版.pdf,??????,需复核,80.6,89.3,100.0,884,789,39,56,存在部分PDF表格行未在md中完整命中,解析文本拼接_表格清洗增强_01_001-020.md,019_佛山市朗信塑料制品有限公司新建项目_01_受理公告或公示版
PL021,PL021_佛山市顺德区共诺电子元件厂搬迁项目_01_受理公告或公示版.pdf,??????,需复核,63.5,67.8,96.1,866,587,103,176,存在部分PDF表格行未在md中完整命中,解析文本拼接_表格清洗增强_05_081-100.md,090_佛山市顺德区共诺电子元件厂搬迁项目_01_受理公告或公示版
PL022,PL022_佛山市锐拓新材料有限公司新建项目_01_受理公告或公示版.pdf,??????,需复核,81.9,90.9,100.0,943,857,36,50,存在部分PDF表格行未在md中完整命中,解析文本拼接_表格清洗增强_02_021-040.md,021_佛山市锐拓新材料有限公司新建项目_01_受理公告或公示版
PL023,PL023_佛山市通能达科技有限公司新建项目_01_受理公告或公示版.pdf,??????,需复核,74.5,93.8,100.0,1217,1141,27,49,存在部分PDF表格行未在md中完整命中,解析文本拼接_表格清洗增强_02_021-040.md,022_佛山市通能达科技有限公司新建项目_01_受理公告或公示版
PL025,PL025_佛山市巨人电器有限公司新建项目_01_受理公告或公示版.pdf,??????,需复核,73.2,90.8,100.0,960,872,27,61,存在部分PDF表格行未在md中完整命中,解析文本拼接_表格清洗增强_02_021-040.md,023_佛山市巨人电器有限公司新建项目_01_受理公告或公示版
PL026,PL026_佛山市黑曜电器科技有限公司新建项目_01_报批稿或报告表.pdf,??????,需复核,67.2,92.5,100.0,880,814,25,41,存在部分PDF表格行未在md中完整命中,解析文本拼接_表格清洗增强_02_021-040.md,024_佛山市黑曜电器科技有限公司新建项目_01_报批稿或报告表
PL027,PL027_佛山市天隆通塑料制品有限公司新建项目_01_受理公告或公示版.pdf,??????,需复核,82.8,90.5,100.0,1088,985,70,33,存在部分PDF表格行未在md中完整命中,解析文本拼接_表格清洗增强_02_021-040.md,025_佛山市天隆通塑料制品有限公司新建项目_01_受理公告或公示版
PL028,PL028_佛山市顺德区振峰塑料模具制造有限公司分车间新建项目_01_受理公告或公示版.pdf,??????,需复核,82.1,89.8,100.0,1058,950,54,54,存在部分PDF表格行未在md中完整命中,解析文本拼接_表格清洗增强_02_021-040.md,026_佛山市顺德区振峰塑料模具制造有限公司分车间新建项目_01_受理公告或公示版
PL029,PL029_佛山市茂安耀科技有限公司新建项目_01_受理公告或公示版.pdf,??????,需复核,84.4,91.1,100.0,1033,941,50,42,存在部分PDF表格行未在md中完整命中,解析文本拼接_表格清洗增强_02_021-040.md,027_佛山市茂安耀科技有限公司新建项目_01_受理公告或公示版
PL030,PL030_佛山市瑞易德塑料五金制品有限公司搬迁项目_01_受理公告或公示版.pdf,??????,需复核,61.3,94.3,98.5,860,811,20,29,存在部分PDF表格行未在md中完整命中,解析文本拼接_表格清洗增强_02_021-040.md,028_佛山市瑞易德塑料五金制品有限公司搬迁项目_01_受理公告或公示版
PL031,PL031_佛山市浩创时代包装制品有限公司新建项目_01_受理公告或公示版.pdf,??????,需复核,69.9,82.7,52.8,1477,1222,94,161,存在部分PDF表格行未在md中完整命中,解析文本拼接_表格清洗增强_07_121-140.md,135_佛山市浩创时代包装制品有限公司新建项目_01_受理公告或公示版
PL032,PL032_德旺众新材料科技(佛山)有限公司新建建设项目_01_受理公告或公示版.pdf,??????,需复核,90.2,92.3,98.4,808,746,19,43,存在部分PDF表格行未在md中完整命中,解析文本拼接_表格清洗增强_02_021-040.md,030_德旺众新材料科技（佛山）有限公司新建建设项目_01_受理公告或公示版
PL033,PL033_广东施格纳电气有限公司新建项目_01_受理公告或公示版.pdf,??????,需复核,83.3,94.1,100.0,1165,1096,31,38,存在部分PDF表格行未在md中完整命中,解析文本拼接_表格清洗增强_02_021-040.md,031_广东施格纳电气有限公司新建项目_01_受理公告或公示版
PL034,PL034_佛山市沃丰德电器有限公司扩建项目_01_受理公告或公示版.pdf,??????,需复核,86.0,89.3,100.0,1199,1071,50,78,存在部分PDF表格行未在md中完整命中,解析文本拼接_表格清洗增强_02_021-040.md,032_佛山市沃丰德电器有限公司扩建项目_01_受理公告或公示版
PL035,PL035_佛山市顺德区钧锐塑料厂迁建项目_01_受理公告或公示版.pdf,?OCR??,需OCR复核,49.2,89.3,100.0,1391,1242,56,93,PDF文本层不足，可能是扫描件或图片页较多,解析文本拼接_表格清洗增强_02_021-040.md,033_佛山市顺德区钧锐塑料厂迁建项目_01_受理公告或公示版
PL036,PL036_广东梅州磁性材料有限公司顺德分公司迁扩建项目_01_受理公告或公示版.pdf,??????,需复核,88.4,89.9,98.3,1360,1222,38,100,存在部分PDF表格行未在md中完整命中,解析文本拼接_表格清洗增强_02_021-040.md,034_广东梅州磁性材料有限公司顺德分公司迁扩建项目_01_受理公告或公示版
PL037,PL037_佛山麦琪科技有限公司建设项目_01_受理公告或公示版.pdf,??????,需复核,71.4,89.2,100.0,806,719,15,72,存在部分PDF表格行未在md中完整命中,解析文本拼接_表格清洗增强_02_021-040.md,035_佛山麦琪科技有限公司建设项目_01_受理公告或公示版
PL038,PL038_佛山市顺德区晟昂电子科技有限公司新建项目_01_报批稿或报告表.pdf,??????,需复核,86.2,94.1,100.0,1206,1135,23,48,存在部分PDF表格行未在md中完整命中,解析文本拼接_表格清洗增强_02_021-040.md,036_佛山市顺德区晟昂电子科技有限公司新建项目_01_报批稿或报告表
PL039,PL039_佛山市锦汇塑料制品有限公司新建项目_01_受理公告或公示版.pdf,??????,需复核,76.8,88.8,98.1,983,873,38,72,存在部分PDF表格行未在md中完整命中,解析文本拼接_表格清洗增强_02_021-040.md,037_佛山市锦汇塑料制品有限公司新建项目_01_受理公告或公示版
PL040,PL040_佛山市海川塑料制品有限公司新建项目_01_受理公告或公示版.pdf,??????,需复核,71.4,89.1,100,823,733,39,51,存在部分PDF表格行未在md中完整命中,解析文本拼接_表格清洗增强_02_021-040.md,038_佛山市海川塑料制品有限公司新建项目_01_受理公告或公示版
PL041,PL041_佛山市创灏五金塑料有限公司年产塑料制品1250万件迁改扩建项目_01_受理公告或公示版.pdf,?OCR??,需OCR复核,48.1,92.6,100.0,917,849,13,55,PDF文本层不足，可能是扫描件或图片页较多,解析文本拼接_表格清洗增强_07_121-140.md,124_佛山市创灏五金塑料有限公司年产塑料制品1250万件迁改扩建项目_01_受理公告或公示版
PL042,PL042_佛山市顺德区夏瑞塑胶有限公司迁扩建项目_01_受理公告或公示版.pdf,??????,需复核,81.0,89.0,100.0,963,857,34,72,存在部分PDF表格行未在md中完整命中,解析文本拼接_表格清洗增强_02_021-040.md,040_佛山市顺德区夏瑞塑胶有限公司迁扩建项目_01_受理公告或公示版
PL043,PL043_佛山市益旭电器有限公司新建项目_01_受理公告或公示版.pdf,??????,需复核,67.3,92.0,100.0,910,837,31,42,存在部分PDF表格行未在md中完整命中,解析文本拼接_表格清洗增强_03_041-060.md,041_佛山市益旭电器有限公司新建项目_01_受理公告或公示版
PL044,PL044_佛山市昇汇包装材料有限公司新建项目_01_受理公告或公示版.pdf,??????,需复核,77.1,89.8,100.0,1045,938,43,64,存在部分PDF表格行未在md中完整命中,解析文本拼接_表格清洗增强_06_101-120.md,116_佛山市昇汇包装材料有限公司新建项目_01_受理公告或公示版
PL045,PL045_佛山市富懿塑料制品有限公司新建项目_01_报批稿或报告表.pdf,??????,需复核,92.3,88.8,100.0,774,687,34,53,存在部分PDF表格行未在md中完整命中,解析文本拼接_表格清洗增强_03_041-060.md,043_佛山市富懿塑料制品有限公司新建项目_01_报批稿或报告表
PL046,PL046_佛山市圣鑫塑料制品有限公司新建项目_01_受理公告或公示版.pdf,??????,需复核,76.1,90.2,100,891,804,37,50,存在部分PDF表格行未在md中完整命中,解析文本拼接_表格清洗增强_03_041-060.md,044_佛山市圣鑫塑料制品有限公司新建项目_01_受理公告或公示版
PL047,PL047_佛山智达医疗器械有限公司新建项目_01_受理公告或公示版.pdf,??????,需复核,69.5,88.1,100,952,839,46,67,存在部分PDF表格行未在md中完整命中,解析文本拼接_表格清洗增强_03_041-060.md,045_佛山智达医疗器械有限公司新建项目_01_受理公告或公示版
PL049,PL049_佛山市顺德区华祥坤工艺电器有限公司扩建项目_01_受理公告或公示版.pdf,??????,需复核,88.4,93.4,100.0,1458,1362,56,40,存在部分PDF表格行未在md中完整命中,解析文本拼接_表格清洗增强_03_041-060.md,046_佛山市顺德区华祥坤工艺电器有限公司扩建项目_01_受理公告或公示版
PL050,PL050_广东希睿思汽车零部件有限公司新建项目_01_受理公告或公示版.pdf,??????,需复核,82.3,94.7,100.0,1217,1152,36,29,存在部分PDF表格行未在md中完整命中,解析文本拼接_表格清洗增强_03_041-060.md,047_广东希睿思汽车零部件有限公司新建项目_01_受理公告或公示版
PL052,PL052_佛山市顺德区嘉保洁具有限公司迁建项目_01_报批稿或报告表.pdf,??????,需复核,63.4,91.8,98.5,1099,1009,42,48,存在部分PDF表格行未在md中完整命中,解析文本拼接_表格清洗增强_03_041-060.md,048_佛山市顺德区嘉保洁具有限公司迁建项目_01_报批稿或报告表
PL053,PL053_佛山市力方电器科技有限公司新建项目_01_报批稿或报告表.pdf,?OCR??,需OCR复核,0.0,0,100,0,0,0,0,PDF文本层不足，可能是扫描件或图片页较多,解析文本拼接_表格清洗增强_03_041-060.md,049_佛山市力方电器科技有限公司新建项目_01_报批稿或报告表
PL054,PL054_佛山市顺德区红昇电器有限公司新建项目_01_受理公告或公示版.pdf,??????,需复核,81.9,93.0,100.0,1122,1044,34,44,存在部分PDF表格行未在md中完整命中,解析文本拼接_表格清洗增强_03_041-060.md,050_佛山市顺德区红昇电器有限公司新建项目_01_受理公告或公示版
PL055,PL055_佛山市力新五金塑胶制品有限公司新建项目_01_受理公告或公示版.pdf,??????,需复核,79.5,88.5,98.2,1282,1135,58,89,存在部分PDF表格行未在md中完整命中,解析文本拼接_表格清洗增强_03_041-060.md,051_佛山市力新五金塑胶制品有限公司新建项目_01_受理公告或公示版
PL056,PL056_佛山市祖帮海绵有限公司新建项目_01_受理公告或公示版.pdf,??????,需复核,83.1,93.3,98.4,4926,4598,136,192,存在部分PDF表格行未在md中完整命中,解析文本拼接_表格清洗增强_03_041-060.md,052_佛山市祖帮海绵有限公司新建项目_01_受理公告或公示版
PL056,PL056_佛山市祖帮海绵有限公司新建项目_03_报批稿或报告表.pdf,??????,需复核,82.7,0.0,0.0,4846,0,173,4673,存在部分PDF表格行未在md中完整命中,解析文本拼接_表格清洗增强_09_161-180.md,157_佛山市祖帮海绵有限公司新建项目_03_报批稿或报告表
PL056,PL056_佛山市祖帮海绵有限公司新建项目_04_报批稿或报告表.pdf,?OCR??,未匹配md,,,,,,,,PDF文件未找到对应md段落,,
PL057,PL057_佛山粤友塑料制品有限公司新建项目_01_受理公告或公示版.pdf,??????,需复核,75.0,88.9,100,978,869,38,71,存在部分PDF表格行未在md中完整命中,解析文本拼接_表格清洗增强_03_041-060.md,053_佛山粤友塑料制品有限公司新建项目_01_受理公告或公示版
PL058,PL058_佛山诗佳格科技有限公司新建项目_01_受理公告或公示版.pdf,??????,需复核,74.3,87.1,100,979,853,48,78,存在部分PDF表格行未在md中完整命中,解析文本拼接_表格清洗增强_03_041-060.md,054_佛山诗佳格科技有限公司新建项目_01_受理公告或公示版
PL059,PL059_佛山市乔安电器有限公司迁建项目_01_受理公告或公示版.pdf,??????,需复核,67.7,93.0,100.0,954,887,20,47,存在部分PDF表格行未在md中完整命中,解析文本拼接_表格清洗增强_03_041-060.md,055_佛山市乔安电器有限公司迁建项目_01_受理公告或公示版
PL060,PL060_佛山市顺德区菱昌精密塑料五金实业有限公司新建项目_01_受理公告或公示版.pdf,??????,需复核,70.0,73.9,94.7,995,735,102,158,存在部分PDF表格行未在md中完整命中,解析文本拼接_表格清洗增强_08_141-160.md,147_佛山市顺德区菱昌精密塑料五金实业有限公司新建项目_01_受理公告或公示版
PL061,PL061_佛山市德田科技有限公司建设项目_01_受理公告或公示版.pdf,??????,需复核,76.9,89.4,100.0,1009,902,38,69,存在部分PDF表格行未在md中完整命中,解析文本拼接_表格清洗增强_03_041-060.md,057_佛山市德田科技有限公司建设项目_01_受理公告或公示版
PL062,PL062_佛山市车壹套塑料制品有限公司新建项目_01_受理公告或公示版.pdf,??????,需复核,73.9,89.1,100,911,812,48,51,存在部分PDF表格行未在md中完整命中,解析文本拼接_表格清洗增强_03_041-060.md,058_佛山市车壹套塑料制品有限公司新建项目_01_受理公告或公示版
PL063,PL063_华硕(广东)新材料股份有限公司新建项目_01_报批稿或报告表.pdf,??????,需复核,84.9,90.3,100.0,1098,991,48,59,存在部分PDF表格行未在md中完整命中,解析文本拼接_表格清洗增强_03_041-060.md,059_华硕（广东）新材料股份有限公司新建项目_01_报批稿或报告表
PL064,PL064_佛山汇诚科技有限公司新建项目_01_报批稿或报告表.pdf,??????,需复核,87.8,92.6,100.0,1696,1571,52,73,存在部分PDF表格行未在md中完整命中,解析文本拼接_表格清洗增强_03_041-060.md,060_佛山汇诚科技有限公司新建项目_01_报批稿或报告表
PL065,PL065_佛山市景素科科技有限公司建设项目_01_受理公告或公示版.pdf,??????,需复核,68.5,93.3,100.0,1114,1039,19,56,存在部分PDF表格行未在md中完整命中,解析文本拼接_表格清洗增强_04_061-080.md,061_佛山市景素科科技有限公司建设项目_01_受理公告或公示版
PL066,PL066_佛山市智鑫塑胶制品有限公司迁扩建项目_01_报批稿或报告表.pdf,??????,需复核,60.8,91.6,100.0,1291,1182,33,76,存在部分PDF表格行未在md中完整命中,解析文本拼接_表格清洗增强_04_061-080.md,062_佛山市智鑫塑胶制品有限公司迁扩建项目_01_报批稿或报告表
PL067,PL067_佛山市玖心日用品有限公司新建项目_01_报批稿或报告表.pdf,??????,需复核,89.0,92.4,100.0,1631,1507,43,81,存在部分PDF表格行未在md中完整命中,解析文本拼接_表格清洗增强_04_061-080.md,063_佛山市玖心日用品有限公司新建项目_01_报批稿或报告表
PL068,PL068_佛山市靓禾厨卫用品有限公司新建项目_01_受理公告或公示版.pdf,??????,需复核,77.4,91.0,100.0,972,885,51,36,存在部分PDF表格行未在md中完整命中,解析文本拼接_表格清洗增强_04_061-080.md,064_佛山市靓禾厨卫用品有限公司新建项目_01_受理公告或公示版
PL069,PL069_万业诚新材料(佛山)有限公司迁建项目_01_受理公告或公示版.pdf,?OCR??,需OCR复核,49.2,84.2,100.0,1244,1047,43,154,PDF文本层不足，可能是扫描件或图片页较多,解析文本拼接_表格清洗增强_04_061-080.md,065_万业诚新材料（佛山）有限公司迁建项目_01_受理公告或公示版
PL070,PL070_广东顺德顺炎新材料股份有限公司年产改性塑料粒6万吨迁扩建项目_01_报批稿或报告表.pdf,??????,需复核,64.0,89.4,100.0,1019,911,34,74,存在部分PDF表格行未在md中完整命中,解析文本拼接_表格清洗增强_04_061-080.md,066_广东顺德顺炎新材料股份有限公司年产改性塑料粒6万吨迁扩建项目_01_报批稿或报告表
PL071,PL071_佛山市顺德区耀顺欣模具厂新建项目_01_受理公告或公示版.pdf,??????,需复核,85.1,90.9,100.0,922,838,27,57,存在部分PDF表格行未在md中完整命中,解析文本拼接_表格清洗增强_04_061-080.md,067_佛山市顺德区耀顺欣模具厂新建项目_01_受理公告或公示版
PL072,PL072_佛山市至贤科技有限公司新建项目_01_受理公告或公示版.pdf,??????,需复核,75.6,90.3,98.2,866,782,47,37,存在部分PDF表格行未在md中完整命中,解析文本拼接_表格清洗增强_04_061-080.md,068_佛山市至贤科技有限公司新建项目_01_受理公告或公示版
PL073,PL073_佛山市安邵塑胶制品有限公司新建项目_01_报批稿或报告表.pdf,??????,需复核,74.7,92.2,100.0,1095,1010,38,47,存在部分PDF表格行未在md中完整命中,解析文本拼接_表格清洗增强_04_061-080.md,069_佛山市安邵塑胶制品有限公司新建项目_01_报批稿或报告表
PL074,PL074_佛山市思莱拓科技有限公司新建项目_01_受理公告或公示版.pdf,??????,需复核,73.7,90.9,100.0,936,851,27,58,存在部分PDF表格行未在md中完整命中,解析文本拼接_表格清洗增强_04_061-080.md,070_佛山市思莱拓科技有限公司新建项目_01_受理公告或公示版
PL075,PL075_佛山市昊芸照明有限公司新建项目_01_受理公告或公示版.pdf,??????,需复核,93.0,92.2,100.0,1147,1058,30,59,存在部分PDF表格行未在md中完整命中,解析文本拼接_表格清洗增强_04_061-080.md,071_佛山市昊芸照明有限公司新建项目_01_受理公告或公示版
PL076,PL076_佛山市友帝塑料制品有限公司扩建项目_01_受理公告或公示版.pdf,??????,需复核,76.2,91.3,100.0,1357,1239,39,79,存在部分PDF表格行未在md中完整命中,解析文本拼接_表格清洗增强_04_061-080.md,072_佛山市友帝塑料制品有限公司扩建项目_01_受理公告或公示版
PL077,PL077_佛山市优塑包装科技有限公司新建项目_01_受理公告或公示版.pdf,??????,需复核,64.6,91.0,100,842,766,33,43,存在部分PDF表格行未在md中完整命中,解析文本拼接_表格清洗增强_04_061-080.md,073_佛山市优塑包装科技有限公司新建项目_01_受理公告或公示版
PL078,PL078_佛山市顺德区德盈誉智能制造有限公司新建项目_01_受理公告或公示版.pdf,??????,需复核,74.0,15.3,0.0,1045,160,185,700,存在部分PDF表格行未在md中完整命中,解析文本拼接_表格清洗增强_08_141-160.md,146_佛山市顺德区德盈誉智能制造有限公司新建项目_01_受理公告或公示版
PL079,PL079_广东圣鑫机电股份有限公司扩建项目_01_受理公告或公示版.pdf,??????,需复核,64.5,90.4,100.0,1327,1199,46,82,存在部分PDF表格行未在md中完整命中,解析文本拼接_表格清洗增强_04_061-080.md,075_广东圣鑫机电股份有限公司扩建项目_01_受理公告或公示版
PL081,PL081_佛山市顺德区保塑管业有限公司迁扩建项目_01_受理公告或公示版.pdf,??????,需复核,83.7,93.5,98.6,1165,1089,37,39,存在部分PDF表格行未在md中完整命中,解析文本拼接_表格清洗增强_04_061-080.md,076_佛山市顺德区保塑管业有限公司迁扩建项目_01_受理公告或公示版
PL083,PL083_佛山市顺德区康明新材料厂新建项目_01_受理公告或公示版.pdf,??????,需复核,71.4,93.6,100.0,1103,1032,29,42,存在部分PDF表格行未在md中完整命中,解析文本拼接_表格清洗增强_04_061-080.md,077_佛山市顺德区康明新材料厂新建项目_01_受理公告或公示版
PL084,PL084_佛山市顺德区中润基誉新材料科技有限公司新建项目_01_受理公告或公示版.pdf,??????,需复核,73.2,86.4,100.0,1163,1005,34,124,存在部分PDF表格行未在md中完整命中,解析文本拼接_表格清洗增强_04_061-080.md,078_佛山市顺德区中润基誉新材料科技有限公司新建项目_01_受理公告或公示版
PL085,PL085_广东周杨科电器有限公司迁扩建项目_01_受理公告或公示版.pdf,??????,需复核,78.4,90.3,100.0,992,896,45,51,存在部分PDF表格行未在md中完整命中,解析文本拼接_表格清洗增强_04_061-080.md,079_广东周杨科电器有限公司迁扩建项目_01_受理公告或公示版
PL086,PL086_佛山市科镁电器科技有限公司新建项目_01_受理公告或公示版.pdf,??????,需复核,65.9,91.8,100.0,1047,961,40,46,存在部分PDF表格行未在md中完整命中,解析文本拼接_表格清洗增强_04_061-080.md,080_佛山市科镁电器科技有限公司新建项目_01_受理公告或公示版
PL087,PL087_佛山市安邵塑胶制品有限公司新建项目_01_受理公告或公示版.pdf,??????,需复核,73.4,93.1,100.0,972,905,28,39,存在部分PDF表格行未在md中完整命中,解析文本拼接_表格清洗增强_05_081-100.md,081_佛山市安邵塑胶制品有限公司新建项目_01_受理公告或公示版
PL088,PL088_佛山市优力塑电器有限公司新建项目_01_报批稿或报告表.pdf,??????,需复核,75.2,92.0,100.0,862,793,27,42,存在部分PDF表格行未在md中完整命中,解析文本拼接_表格清洗增强_05_081-100.md,082_佛山市优力塑电器有限公司新建项目_01_报批稿或报告表
PL089,PL089_佛山市永佳奕科技有限公司扩建项目_01_受理公告或公示版.pdf,??????,需复核,61.5,91.2,100.0,1222,1114,46,62,存在部分PDF表格行未在md中完整命中,解析文本拼接_表格清洗增强_05_081-100.md,083_佛山市永佳奕科技有限公司扩建项目_01_受理公告或公示版
PL090,PL090_佛山市凌锴源模具科技有限公司迁扩建项目_01_受理公告或公示版.pdf,??????,需复核,64.8,92.0,100.0,1031,949,38,44,存在部分PDF表格行未在md中完整命中,解析文本拼接_表格清洗增强_05_081-100.md,084_佛山市凌锴源模具科技有限公司迁扩建项目_01_受理公告或公示版
PL091,PL091_佛山市集北龙华海绵制造股份有限公司搬迁扩建项目_01_受理公告或公示版.pdf,??????,需复核,83.3,93.2,100.0,4250,3962,125,163,存在部分PDF表格行未在md中完整命中,解析文本拼接_表格清洗增强_05_081-100.md,085_佛山市集北龙华海绵制造股份有限公司搬迁扩建项目_01_受理公告或公示版
PL092,PL092_佛山市新得雅科技有限责任公司新建项目_01_受理公告或公示版.pdf,??????,需复核,98.8,94.7,100.0,3070,2908,68,94,存在部分PDF表格行未在md中完整命中,解析文本拼接_表格清洗增强_05_081-100.md,086_佛山市新得雅科技有限责任公司新建项目_01_受理公告或公示版
PL094,PL094_佛山市丰友享家具配件实业有限公司迁扩建项目_01_受理公告或公示版.pdf,??????,需复核,87.7,91.6,100.0,1096,1004,58,34,存在部分PDF表格行未在md中完整命中,解析文本拼接_表格清洗增强_05_081-100.md,087_佛山市丰友享家具配件实业有限公司迁扩建项目_01_受理公告或公示版
PL095,PL095_佛山市京耘科技有限公司新建项目_01_受理公告或公示版.pdf,??????,需复核,63.9,10.4,2.0,917,95,99,723,存在部分PDF表格行未在md中完整命中,解析文本拼接_表格清洗增强_07_121-140.md,129_佛山市京耘科技有限公司新建项目_01_受理公告或公示版
PL096,PL096_高晖(佛山)新材料科技有限公司新建项目_01_受理公告或公示版.pdf,??????,需复核,66.9,90.6,98.2,1094,991,43,60,存在部分PDF表格行未在md中完整命中,解析文本拼接_表格清洗增强_05_081-100.md,089_高晖（佛山）新材料科技有限公司新建项目_01_受理公告或公示版
PL098,PL098_佛山市顺德区共诺电子元件厂搬迁项目_01_受理公告或公示版.pdf,??????,需复核,73.0,90.3,100.0,807,729,27,51,存在部分PDF表格行未在md中完整命中,解析文本拼接_表格清洗增强_05_081-100.md,090_佛山市顺德区共诺电子元件厂搬迁项目_01_受理公告或公示版
PL099,PL099_佛山市顺佳利智能科技有限公司扩建项目(重新报批)_01_报批稿或报告表.pdf,??????,需复核,84.6,93.2,100.0,1274,1187,40,47,存在部分PDF表格行未在md中完整命中,解析文本拼接_表格清洗增强_05_081-100.md,091_佛山市顺佳利智能科技有限公司扩建项目（重新报批）_01_报批稿或报告表
PL100,PL100_佛山市天日塑料科技有限公司迁扩建项目_01_报批稿或报告表.pdf,??????,需复核,63.0,90.8,100.0,1386,1258,56,72,存在部分PDF表格行未在md中完整命中,解析文本拼接_表格清洗增强_05_081-100.md,092_佛山市天日塑料科技有限公司迁扩建项目_01_报批稿或报告表
PL102,PL102_佛山市顺德区福晟鑫塑料制品有限公司迁扩建项目_01_受理公告或公示版.pdf,??????,需复核,74.8,94.9,100.0,1200,1139,25,36,存在部分PDF表格行未在md中完整命中,解析文本拼接_表格清洗增强_05_081-100.md,093_佛山市顺德区福晟鑫塑料制品有限公司迁扩建项目_01_受理公告或公示版
PL103,PL103_佛山市顺德区谦和丰塑料制品厂新建项目_01_受理公告或公示版.pdf,??????,需复核,76.3,85.4,100.0,646,552,47,47,存在部分PDF表格行未在md中完整命中,解析文本拼接_表格清洗增强_07_121-140.md,125_佛山市顺德区谦和丰塑料制品厂新建项目_01_受理公告或公示版
PL104,PL104_华硕(广东)新材料股份有限公司建设项目_01_受理公告或公示版.pdf,??????,需复核,87.1,90.9,100.0,1181,1074,37,70,存在部分PDF表格行未在md中完整命中,解析文本拼接_表格清洗增强_05_081-100.md,095_华硕（广东）新材料股份有限公司建设项目_01_受理公告或公示版
PL106,PL106_佛山市顺德区谦迅盛塑料制品厂新建项目_01_受理公告或公示版.pdf,??????,需复核,76.7,82.7,98.4,647,535,54,58,存在部分PDF表格行未在md中完整命中,解析文本拼接_表格清洗增强_07_121-140.md,126_佛山市顺德区谦迅盛塑料制品厂新建项目_01_受理公告或公示版
PL107,PL107_佛山赫昶塑胶制品有限公司新建项目_01_报批稿或报告表.pdf,??????,需复核,68.9,92.9,100.0,1046,972,32,42,存在部分PDF表格行未在md中完整命中,解析文本拼接_表格清洗增强_05_081-100.md,097_佛山赫昶塑胶制品有限公司新建项目_01_报批稿或报告表
PL108,PL108_佛山市东来晟塑料制品有限公司新建项目_01_报批稿或报告表.pdf,??????,需复核,82.4,87.4,100.0,818,715,36,67,存在部分PDF表格行未在md中完整命中,解析文本拼接_表格清洗增强_05_081-100.md,098_佛山市东来晟塑料制品有限公司新建项目_01_报批稿或报告表
PL110,PL110_佛山市宇纳电器科技有限公司迁扩建项目_01_受理公告或公示版.pdf,??????,需复核,80.0,94.2,100.0,866,816,14,36,存在部分PDF表格行未在md中完整命中,解析文本拼接_表格清洗增强_05_081-100.md,099_佛山市宇纳电器科技有限公司迁扩建项目_01_受理公告或公示版
PL111,PL111_佛山市承帆新材料科技有限公司新建项目_01_受理公告或公示版.pdf,??????,需复核,65.7,92.9,100.0,1039,965,29,45,存在部分PDF表格行未在md中完整命中,解析文本拼接_表格清洗增强_05_081-100.md,100_佛山市承帆新材料科技有限公司新建项目_01_受理公告或公示版
PL112,PL112_广东顺德铁夫汽车配件有限公司迁扩建项目_01_受理公告或公示版.pdf,??????,需复核,90.6,88.7,98.5,1282,1137,39,106,存在部分PDF表格行未在md中完整命中,解析文本拼接_表格清洗增强_06_101-120.md,101_广东顺德铁夫汽车配件有限公司迁扩建项目_01_受理公告或公示版
PL113,PL113_佛山市顺腾丰家具配件有限公司新建项目_01_受理公告或公示版.pdf,??????,需复核,84.1,92.0,100.0,772,710,28,34,存在部分PDF表格行未在md中完整命中,解析文本拼接_表格清洗增强_06_101-120.md,102_佛山市顺腾丰家具配件有限公司新建项目_01_受理公告或公示版
PL114,PL114_广东顺德优线三维科技有限公司迁扩建项目_01_受理公告或公示版.pdf,??????,需复核,56.8,89.8,100.0,1493,1341,68,84,存在部分PDF表格行未在md中完整命中,解析文本拼接_表格清洗增强_06_101-120.md,103_广东顺德优线三维科技有限公司迁扩建项目_01_受理公告或公示版
PL115,PL115_佛山市邦博恩智能科技有限公司新建项目_01_报批稿或报告表.pdf,??????,需复核,84.9,90.1,100.0,988,890,25,73,存在部分PDF表格行未在md中完整命中,解析文本拼接_表格清洗增强_06_101-120.md,104_佛山市邦博恩智能科技有限公司新建项目_01_报批稿或报告表
PL116,PL116_佛山市加合新材料有限公司新建项目_01_报批稿或报告表.pdf,??????,需复核,74.2,94.7,100.0,1076,1019,26,31,存在部分PDF表格行未在md中完整命中,解析文本拼接_表格清洗增强_06_101-120.md,105_佛山市加合新材料有限公司新建项目_01_报批稿或报告表
PL117,PL117_思邦自行车配件(佛山)有限公司改扩建项目_01_受理公告或公示版.pdf,??????,需复核,69.5,90.2,66.7,1120,1010,29,81,存在部分PDF表格行未在md中完整命中,解析文本拼接_表格清洗增强_06_101-120.md,106_思邦自行车配件（佛山）有限公司改扩建项目_01_受理公告或公示版
PL118,PL118_佛山市顺德区凯和电器有限公司迁扩建项目_01_受理公告或公示版.pdf,??????,需复核,67.2,88.7,100.0,717,636,37,44,存在部分PDF表格行未在md中完整命中,解析文本拼接_表格清洗增强_06_101-120.md,107_佛山市顺德区凯和电器有限公司迁扩建项目_01_受理公告或公示版
PL119,PL119_佛山志兴盈包装有限公司新建项目_01_受理公告或公示版.pdf,??????,需复核,80.8,90.8,100.0,990,899,31,60,存在部分PDF表格行未在md中完整命中,解析文本拼接_表格清洗增强_06_101-120.md,108_佛山志兴盈包装有限公司新建项目_01_受理公告或公示版
PL119,PL119_佛山志兴盈包装有限公司新建项目_03_报批稿或报告表.pdf,??????,需复核,58.2,0.0,0.0,916,0,0,916,存在部分PDF表格行未在md中完整命中,解析文本拼接_表格清洗增强_09_161-180.md,156_佛山志兴盈包装有限公司新建项目_03_报批稿或报告表
PL119,PL119_佛山志兴盈包装有限公司新建项目_04_报批稿或报告表.pdf,?OCR??,未匹配md,,,,,,,,PDF文件未找到对应md段落,,
PL120,PL120_佛山市顺德区昶新塑料制品有限公司搬迁、扩建项目_01_受理公告或公示版.pdf,???????,需复核,96.4,96.3,100.0,5119,4931,93,95,存在部分PDF表格行未在md中完整命中,解析文本拼接_表格清洗增强_06_101-120.md,109_佛山市顺德区昶新塑料制品有限公司搬迁、扩建项目_01_受理公告或公示版
PL121,PL121_佛山市宇象汇科技有限公司建设项目_01_受理公告或公示版.pdf,???????,需复核,98.3,96.3,100.0,6128,5901,79,148,存在部分PDF表格行未在md中完整命中,解析文本拼接_表格清洗增强_06_101-120.md,110_佛山市宇象汇科技有限公司建设项目_01_受理公告或公示版
PL122,PL122_广东创卓电器有限公司迁扩建项目_01_受理公告或公示版.pdf,??????,需复核,65.5,89.7,92.2,1228,1102,61,65,存在部分PDF表格行未在md中完整命中,解析文本拼接_表格清洗增强_08_141-160.md,148_广东创卓电器有限公司迁扩建项目_01_受理公告或公示版
PL123,PL123_佛山市顺德区湛宏塑料制品有限公司改扩建项目_01_受理公告或公示版.pdf,??????,需复核,69.8,93.3,100.0,1653,1542,45,66,存在部分PDF表格行未在md中完整命中,解析文本拼接_表格清洗增强_06_101-120.md,112_佛山市顺德区湛宏塑料制品有限公司改扩建项目_01_受理公告或公示版
PL124,PL124_佛山市智枞电器制造有限公司扩建项目_01_受理公告或公示版.pdf,??????,需复核,63.6,92.4,100.0,1389,1284,50,55,存在部分PDF表格行未在md中完整命中,解析文本拼接_表格清洗增强_08_141-160.md,151_佛山市智枞电器制造有限公司扩建项目_01_受理公告或公示版
PL125,PL125_佛山创顺塑胶有限公司建设项目_01_受理公告或公示版.pdf,??????,需复核,71.4,92.5,100.0,850,786,18,46,存在部分PDF表格行未在md中完整命中,解析文本拼接_表格清洗增强_06_101-120.md,114_佛山创顺塑胶有限公司建设项目_01_受理公告或公示版
PL126,PL126_佛山市顺德区天玛仕电子有限公司改扩建项目_01_受理公告或公示版.pdf,??????,需复核,57.9,93.2,100.0,1056,984,29,43,存在部分PDF表格行未在md中完整命中,解析文本拼接_表格清洗增强_06_101-120.md,115_佛山市顺德区天玛仕电子有限公司改扩建项目_01_受理公告或公示版
PL127,PL127_佛山市昇汇包装材料有限公司新建项目_01_受理公告或公示版.pdf,??????,需复核,77.9,91.2,100.0,1051,958,35,58,存在部分PDF表格行未在md中完整命中,解析文本拼接_表格清洗增强_06_101-120.md,116_佛山市昇汇包装材料有限公司新建项目_01_受理公告或公示版
PL128,PL128_佛山市洲友尚包装材料有限公司新建项目_01_受理公告或公示版.pdf,??????,需复核,72.9,90.8,96.4,1070,972,37,61,存在部分PDF表格行未在md中完整命中,解析文本拼接_表格清洗增强_08_141-160.md,141_佛山市洲友尚包装材料有限公司新建项目_01_受理公告或公示版
PL130,PL130_佛山万美塑料制品有限公司迁扩建项目_01_受理公告或公示版.pdf,??????,需复核,69.4,87.4,83.3,1146,1002,41,103,存在部分PDF表格行未在md中完整命中,解析文本拼接_表格清洗增强_06_101-120.md,118_佛山万美塑料制品有限公司迁扩建项目_01_受理公告或公示版
PL131,PL131_佛山市顺德区凯锦电器有限公司新建项目_01_受理公告或公示版.pdf,??????,需复核,81.5,89.0,100.0,767,683,40,44,存在部分PDF表格行未在md中完整命中,解析文本拼接_表格清洗增强_06_101-120.md,119_佛山市顺德区凯锦电器有限公司新建项目_01_受理公告或公示版
PL132,PL132_佛山市龙广塑料制品有限公司新建项目_01_受理公告或公示版.pdf,??????,需复核,68.1,90.5,100.0,846,766,34,46,存在部分PDF表格行未在md中完整命中,解析文本拼接_表格清洗增强_06_101-120.md,120_佛山市龙广塑料制品有限公司新建项目_01_受理公告或公示版
PL133,PL133_佛山市特美仕电器有限公司迁扩建项目_01_报批稿或报告表.pdf,??????,需复核,64.3,91.1,100.0,1321,1204,53,64,存在部分PDF表格行未在md中完整命中,解析文本拼接_表格清洗增强_07_121-140.md,121_佛山市特美仕电器有限公司迁扩建项目_01_报批稿或报告表
PL134,PL134_佛山市广优顺品日用品有限公司新建项目_01_报批稿或报告表.pdf,??????,需复核,57.9,91.3,100.0,884,807,29,48,存在部分PDF表格行未在md中完整命中,解析文本拼接_表格清洗增强_07_121-140.md,122_佛山市广优顺品日用品有限公司新建项目_01_报批稿或报告表
PL135,PL135_佛山市邸怡居家居有限公司新建项目_01_受理公告或公示版.pdf,??????,需复核,77.6,91.6,100.0,1110,1017,35,58,存在部分PDF表格行未在md中完整命中,解析文本拼接_表格清洗增强_07_121-140.md,123_佛山市邸怡居家居有限公司新建项目_01_受理公告或公示版
PL136,PL136_佛山市创灏五金塑料有限公司年产塑料制品1250万件迁改扩建项目_01_受理公告或公示版.pdf,??????,需复核,74.0,94.6,100.0,912,863,12,37,存在部分PDF表格行未在md中完整命中,解析文本拼接_表格清洗增强_07_121-140.md,124_佛山市创灏五金塑料有限公司年产塑料制品1250万件迁改扩建项目_01_受理公告或公示版
PL137,PL137_佛山市顺德区谦和丰塑料制品厂新建项目_01_受理公告或公示版.pdf,??????,需复核,72.1,92.1,100.0,719,662,26,31,存在部分PDF表格行未在md中完整命中,解析文本拼接_表格清洗增强_07_121-140.md,125_佛山市顺德区谦和丰塑料制品厂新建项目_01_受理公告或公示版
PL138,PL138_佛山市顺德区谦迅盛塑料制品厂新建项目_01_受理公告或公示版.pdf,??????,需复核,72.1,90.0,100.0,709,638,28,43,存在部分PDF表格行未在md中完整命中,解析文本拼接_表格清洗增强_07_121-140.md,126_佛山市顺德区谦迅盛塑料制品厂新建项目_01_受理公告或公示版
PL140,PL140_广东顺德意达电子薄膜器件有限公司扩建项目_01_受理公告或公示版.pdf,??????,需复核,86.1,88.6,100.0,1395,1236,66,93,存在部分PDF表格行未在md中完整命中,解析文本拼接_表格清洗增强_07_121-140.md,127_广东顺德意达电子薄膜器件有限公司扩建项目_01_受理公告或公示版
PL141,PL141_佛山市加耐安塑料制品有限公司新建项目_01_受理公告或公示版.pdf,??????,需复核,82.4,88.1,98.1,1133,998,47,88,存在部分PDF表格行未在md中完整命中,解析文本拼接_表格清洗增强_07_121-140.md,128_佛山市加耐安塑料制品有限公司新建项目_01_受理公告或公示版
PL142,PL142_佛山市京耘科技有限公司新建项目_01_受理公告或公示版.pdf,??????,需复核,77.3,91.3,100.0,906,827,33,46,存在部分PDF表格行未在md中完整命中,解析文本拼接_表格清洗增强_07_121-140.md,129_佛山市京耘科技有限公司新建项目_01_受理公告或公示版
PL143,PL143_佛山市汇铭臻新材料科技有限公司新建项目_01_受理公告或公示版.pdf,??????,需复核,83.7,87.8,0.0,1044,917,37,90,存在部分PDF表格行未在md中完整命中,解析文本拼接_表格清洗增强_07_121-140.md,130_佛山市汇铭臻新材料科技有限公司新建项目_01_受理公告或公示版
PL144,PL144_佛山市千紫珏科技有限公司新建项目_01_受理公告或公示版.pdf,??????,需复核,81.6,88.9,0.0,1106,983,36,87,存在部分PDF表格行未在md中完整命中,解析文本拼接_表格清洗增强_07_121-140.md,131_佛山市千紫珏科技有限公司新建项目_01_受理公告或公示版
PL145,PL145_佛山市万朗磁塑制品有限公司顺德分公司新建项目_01_报批稿或报告表.pdf,??????,需复核,77.5,89.8,100,1091,980,35,76,存在部分PDF表格行未在md中完整命中,解析文本拼接_表格清洗增强_07_121-140.md,132_佛山市万朗磁塑制品有限公司顺德分公司新建项目_01_报批稿或报告表
PL146,PL146_佛山市顺德区全华工艺饰品有限公司新建项目_01_报批稿或报告表.pdf,??????,需复核,59.7,92.3,100.0,613,566,16,31,存在部分PDF表格行未在md中完整命中,解析文本拼接_表格清洗增强_07_121-140.md,133_佛山市顺德区全华工艺饰品有限公司新建项目_01_报批稿或报告表
PL147,PL147_佛山市顺德区大亚湾五金塑料有限公司新建项目_01_受理公告或公示版.pdf,??????,需复核,66.7,93.2,100.0,631,588,15,28,存在部分PDF表格行未在md中完整命中,解析文本拼接_表格清洗增强_07_121-140.md,134_佛山市顺德区大亚湾五金塑料有限公司新建项目_01_受理公告或公示版
PL148,PL148_佛山市浩创时代包装制品有限公司新建项目_01_受理公告或公示版.pdf,??????,需复核,70.3,93.3,98.6,1454,1356,32,66,存在部分PDF表格行未在md中完整命中,解析文本拼接_表格清洗增强_07_121-140.md,135_佛山市浩创时代包装制品有限公司新建项目_01_受理公告或公示版
PL149,PL149_佛山江福英智能设备制造有限公司新建项目_01_受理公告或公示版.pdf,??????,需复核,73.3,90.6,100,965,874,32,59,存在部分PDF表格行未在md中完整命中,解析文本拼接_表格清洗增强_07_121-140.md,136_佛山江福英智能设备制造有限公司新建项目_01_受理公告或公示版
PL151,PL151_佛山市顺德区德毅塑料有限公司新建项目_01_受理公告或公示版.pdf,??????,需复核,76.2,87.5,100.0,706,618,34,54,存在部分PDF表格行未在md中完整命中,解析文本拼接_表格清洗增强_07_121-140.md,137_佛山市顺德区德毅塑料有限公司新建项目_01_受理公告或公示版
PL152,PL152_佛山市顺德区派信誉塑料有限公司新建项目_01_受理公告或公示版.pdf,??????,需复核,80.5,91.2,100.0,979,893,44,42,存在部分PDF表格行未在md中完整命中,解析文本拼接_表格清洗增强_07_121-140.md,138_佛山市顺德区派信誉塑料有限公司新建项目_01_受理公告或公示版
PL153,PL153_佛山市诗佳格科技有限公司新建项目_01_受理公告或公示版.pdf,??????,需复核,68.8,87.0,100,903,786,45,72,存在部分PDF表格行未在md中完整命中,解析文本拼接_表格清洗增强_07_121-140.md,139_佛山市诗佳格科技有限公司新建项目_01_受理公告或公示版
PL154,PL154_佛山市华泷彩科技有限公司新建项目_01_受理公告或公示版.pdf,??????,需复核,72.0,90.1,100,980,883,37,60,存在部分PDF表格行未在md中完整命中,解析文本拼接_表格清洗增强_07_121-140.md,140_佛山市华泷彩科技有限公司新建项目_01_受理公告或公示版
PL155,PL155_佛山市洲友尚包装材料有限公司新建项目_01_受理公告或公示版.pdf,??????,需复核,83.3,93.2,100.0,1043,972,43,28,存在部分PDF表格行未在md中完整命中,解析文本拼接_表格清洗增强_08_141-160.md,141_佛山市洲友尚包装材料有限公司新建项目_01_受理公告或公示版
PL156,PL156_佛山市坤琪玲塑料制品有限公司新建项目_01_受理公告或公示版.pdf,??????,需复核,93.9,86.5,100.0,806,697,30,79,存在部分PDF表格行未在md中完整命中,解析文本拼接_表格清洗增强_08_141-160.md,142_佛山市坤琪玲塑料制品有限公司新建项目_01_受理公告或公示版
PL157,PL157_佛山市顺德区兴致盛塑料制品有限公司重新报批项目_01_受理公告或公示版.pdf,??????,需复核,74.5,89.2,100.0,960,856,33,71,存在部分PDF表格行未在md中完整命中,解析文本拼接_表格清洗增强_08_141-160.md,143_佛山市顺德区兴致盛塑料制品有限公司重新报批项目_01_受理公告或公示版
PL158,PL158_佛山市顺德区壹德包装印刷有限公司迁扩建项目_01_受理公告或公示版.pdf,??????,需复核,81.1,94.0,100.0,4893,4599,141,153,存在部分PDF表格行未在md中完整命中,解析文本拼接_表格清洗增强_08_141-160.md,144_佛山市顺德区壹德包装印刷有限公司迁扩建项目_01_受理公告或公示版
PL159,PL159_广东东梓数码新材料有限公司建设项目_01_受理公告或公示版.pdf,??????,需复核,83.5,88.0,100.0,1030,906,35,89,存在部分PDF表格行未在md中完整命中,解析文本拼接_表格清洗增强_08_141-160.md,145_广东东梓数码新材料有限公司建设项目_01_受理公告或公示版
PL160,PL160_佛山市顺德区德盈誉智能制造有限公司新建项目_01_受理公告或公示版.pdf,??????,需复核,74.7,91.3,100.0,940,858,24,58,存在部分PDF表格行未在md中完整命中,解析文本拼接_表格清洗增强_08_141-160.md,146_佛山市顺德区德盈誉智能制造有限公司新建项目_01_受理公告或公示版
PL161,PL161_佛山市顺德区菱昌精密塑料五金实业有限公司新建项目_01_受理公告或公示版.pdf,??????,需复核,68.5,91.1,100.0,944,860,23,61,存在部分PDF表格行未在md中完整命中,解析文本拼接_表格清洗增强_08_141-160.md,147_佛山市顺德区菱昌精密塑料五金实业有限公司新建项目_01_受理公告或公示版
PL162,PL162_广东创卓电器有限公司迁扩建项目_01_受理公告或公示版.pdf,??????,需复核,65.5,92.3,100.0,1244,1148,47,49,存在部分PDF表格行未在md中完整命中,解析文本拼接_表格清洗增强_08_141-160.md,148_广东创卓电器有限公司迁扩建项目_01_受理公告或公示版
PL164,PL164_佛山市顺德区建德包装实业有限公司搬迁扩建项目_01_受理公告或公示版.pdf,???????,需复核,98.6,95.1,100,5604,5327,97,180,存在部分PDF表格行未在md中完整命中,解析文本拼接_表格清洗增强_08_141-160.md,149_佛山市顺德区建德包装实业有限公司搬迁扩建项目_01_受理公告或公示版
PL165,PL165_浙江宏昌电器科技股份有限公司佛山分公司新建项目_01_受理公告或公示版.pdf,??????,需复核,71.4,90.7,100.0,922,836,28,58,存在部分PDF表格行未在md中完整命中,解析文本拼接_表格清洗增强_08_141-160.md,150_浙江宏昌电器科技股份有限公司佛山分公司新建项目_01_受理公告或公示版
PL166,PL166_佛山市智枞电器制造有限公司扩建项目_01_受理公告或公示版.pdf,??????,需复核,62.4,94.3,100.0,1448,1366,34,48,存在部分PDF表格行未在md中完整命中,解析文本拼接_表格清洗增强_08_141-160.md,151_佛山市智枞电器制造有限公司扩建项目_01_受理公告或公示版
PL167,PL167_广东图特精密五金科技股份有限公司智能制造基地建设项目重新报_01_受理公告或公示版.pdf,??????,需复核,84.8,93.1,100.0,2108,1963,50,95,存在部分PDF表格行未在md中完整命中,解析文本拼接_表格清洗增强_08_141-160.md,152_广东图特精密五金科技股份有限公司智能制造基地建设项目重新报_01_受理公告或公示版
SC002,SC002_128_佛山市全海世家新材料科技有限公司新建项目_02_报批稿或报告表.pdf,??????,需复核,65.0,92.1,100.0,1237,1139,50,48,存在部分PDF表格行未在md中完整命中,解析文本拼接_表格清洗增强_08_141-160.md,153_佛山市全海世家新材料科技有限公司新建项目_02_报批稿或报告表
SC003,SC003_128_佛山市全海世家新材料科技有限公司新建项目_03_报批稿或报告表.pdf,?OCR??,需OCR复核,0.0,0,100,0,0,0,0,PDF文本层不足，可能是扫描件或图片页较多,解析文本拼接_表格清洗增强_08_141-160.md,153_佛山市全海世家新材料科技有限公司新建项目_03_报批稿或报告表
SC005,SC005_129_佛山辰僖塑料有限公司新建项目_02_报批稿或报告表.pdf,??????,需复核,64.4,92.2,100.0,1338,1234,64,40,存在部分PDF表格行未在md中完整命中,解析文本拼接_表格清洗增强_08_141-160.md,154_佛山辰僖塑料有限公司新建项目_02_报批稿或报告表
SC007,SC007_129_佛山辰僖塑料有限公司新建项目_04_报批稿或报告表.pdf,?OCR??,需OCR复核,0.0,0,100,0,0,0,0,PDF文本层不足，可能是扫描件或图片页较多,解析文本拼接_表格清洗增强_08_141-160.md,154_佛山辰僖塑料有限公司新建项目_04_报批稿或报告表
SC009,SC009_130_和默化学(佛山)有限公司新建项目_02_报批稿或报告表.pdf,??????,需复核,54.8,89.8,100.0,1013,910,30,73,存在部分PDF表格行未在md中完整命中,解析文本拼接_表格清洗增强_09_161-180.md,155_和默化学（佛山）有限公司新建项目_02_报批稿或报告表
SC010,SC010_130_和默化学(佛山)有限公司新建项目_03_报批稿或报告表.pdf,?OCR??,需OCR复核,0.0,0,100,0,0,0,0,PDF文本层不足，可能是扫描件或图片页较多,解析文本拼接_表格清洗增强_09_161-180.md,155_和默化学（佛山）有限公司新建项目_03_报批稿或报告表
SC012,SC012_131_佛山市彩川合成材料有限公司新建项目_02_报批稿或报告表.pdf,??????,需复核,67.6,90.4,100.0,1274,1152,31,91,存在部分PDF表格行未在md中完整命中,解析文本拼接_表格清洗增强_09_161-180.md,158_佛山市彩川合成材料有限公司新建项目_02_报批稿或报告表
SC013,SC013_131_佛山市彩川合成材料有限公司新建项目_03_报批稿或报告表.pdf,?OCR??,需OCR复核,0.0,0,100,0,0,0,0,PDF文本层不足，可能是扫描件或图片页较多,解析文本拼接_表格清洗增强_09_161-180.md,158_佛山市彩川合成材料有限公司新建项目_03_报批稿或报告表
SC015,SC015_132_佛山市顺德区智成塑包装有限公司新建项目_02_报批稿或报告表.pdf,??????,需复核,66.7,90.2,100.0,1152,1039,42,71,存在部分PDF表格行未在md中完整命中,解析文本拼接_表格清洗增强_09_161-180.md,159_佛山市顺德区智成塑包装有限公司新建项目_02_报批稿或报告表
SC016,SC016_132_佛山市顺德区智成塑包装有限公司新建项目_03_报批稿或报告表.pdf,??????,PDF表格不可稳定抽取,100.0,0,100,0,0,0,0,pdfplumber未抽到可核查表格行，仅能做文本层自检,解析文本拼接_表格清洗增强_09_161-180.md,159_佛山市顺德区智成塑包装有限公司新建项目_03_报批稿或报告表
SC018,SC018_133_鹏彩科技(佛山市)有限公司新建项目_02_报批稿或报告表.pdf,??????,需复核,66.7,92.3,100.0,1258,1161,21,76,存在部分PDF表格行未在md中完整命中,解析文本拼接_表格清洗增强_09_161-180.md,160_鹏彩科技（佛山市）有限公司新建项目_02_报批稿或报告表
SC019,SC019_133_鹏彩科技(佛山市)有限公司新建项目_03_报批稿或报告表.pdf,?OCR??,需OCR复核,0.0,0,100,0,0,0,0,PDF文本层不足，可能是扫描件或图片页较多,解析文本拼接_表格清洗增强_09_161-180.md,160_鹏彩科技（佛山市）有限公司新建项目_03_报批稿或报告表
SC021,SC021_134_广东顺德意达电子薄膜器件有限公司新建项目_02_报批稿或报告表.pdf,??????,需复核,62.2,91.6,100.0,1098,1006,38,54,存在部分PDF表格行未在md中完整命中,解析文本拼接_表格清洗增强_09_161-180.md,161_广东顺德意达电子薄膜器件有限公司新建项目_02_报批稿或报告表
SC022,SC022_134_广东顺德意达电子薄膜器件有限公司新建项目_03_报批稿或报告表.pdf,??????,PDF表格不可稳定抽取,80.0,0,100,0,0,0,0,pdfplumber未抽到可核查表格行，仅能做文本层自检,解析文本拼接_表格清洗增强_09_161-180.md,161_广东顺德意达电子薄膜器件有限公司新建项目_03_报批稿或报告表
SC024,SC024_135_佛山气盾新材料有限公司新建项目_02_受理公告或公示版.pdf,??????,需复核,61.1,88.8,97.4,919,816,37,66,存在部分PDF表格行未在md中完整命中,解析文本拼接_表格清洗增强_10_181-200.md,166_佛山气盾新材料有限公司新建项目_02_受理公告或公示版
