date,canonical_project_id,version_round,report_name,project_name,question_id,audit_module,question,answer,evidence,source_basis,scarcity_check,verifiability_check,manual_check,人工判断,人工备注,润色后答案,修改类型,是否需要人工复核,AI标注备注,来源文件,审核类别,raw_manual_judgement,normalized_judgement_candidate,normalized_judgement_final,gold_review_status,evidence_sufficiency,item_quality_status,basis_verification_status,taxonomy_review_status,experiment_inclusion,review_queue_type,reviewer_1,reviewer_1_date,reviewer_2,reviewer_2_date,adjudicator,adjudication_note,gold_version,source_row_number,auto_mapping_rule,auto_flag_reason,human_review_note,audit_domain,cognitive_level,reasoning_type,primary_functional_capability,secondary_capabilities,knowledge_dependency,workflow_dependency,evidence_span,template_default_used,taxonomy_source_override_reason,classification_status,taxonomy_version,taxonomy_override_reason
2026-07-28,PL001,V01,佛山市亮正新材料有限公司新建项目环境影响报告表,佛山市亮正新材料有限公司新建项目,PL001_EnvQuality_Q01,大气及地表水环境质量现状数据引用,请根据报告引用的环境质量公报及现状数据，判断大气和地表水环境质量现状数据引用是否准确。,"1、大气及地表水环境质量引用数据正确；
2、项目大气环境质量引用《佛山市生态环境局顺德分局关于发布2022年度佛山市顺德区生态环境状况公报的通知（佛环顺函〔2023〕26号）》。环评对大气环境质量分析内容与《2022年度佛山市顺德区生态环境状况公报》中大气环境状况描述一致。经检索，截至审核日该地区最新的环境状况公报为《2024年度佛山市顺德区生态环境状况公报》，可供参考。
项目地表水环境质量引用《佛山市生态环境局顺德分局关于发布2022年度佛山市顺德区生态环境状况公报的通知（佛环顺函〔2023〕26号）》。环评对地表水环境质量分析内容与《2022年度佛山市顺德区生态环境状况公报》中地表水环境状况描述一致。经检索，截至审核日该地区最新的环境状况公报为《2024年度佛山市顺德区生态环境状况公报》，可供参考。",证据位置:大气：表4第0行第1列（大气环境段落）；地表水：表4第0行第1列（地表水环境段落）; 大气公报:《佛山市生态环境局顺德分局关于发布2022年度佛山市顺德区生态环境状况公报的通知（佛环顺函〔2023〕26号）》; 地表水资料:《佛山市生态环境局顺德分局关于发布2022年度佛山市顺德区生态环境状况公报的通知（佛环顺函〔2023〕26号）》,生态环境状况公报知识库; 收纳水体地表水执行标准,2,2,False,正确,大气:正确; 地表水:正确; 报告日期:2023-07,,,是,各项引用数据与公报一致（表3-1变化列显示+23.8%（正值），公报为下降23.8%（负值），变化幅度正确但符号错误，不影响达标结论；表3-1变化列显示+13.6%（正值），公报为下降13.6%（负值），变化幅度正确但符号错误，不影响达标结论；表3-1列标题标注'2020'和'2021'，但列内数值实为2021年和2022年数据（与公报图2一致），列标题年份向前偏移一年；表标题及正文均正确引用2022年度，不影响数据本身正确性）,30个环评_大气及地表水环境质量现状数据引用复核QA,环境质量数据引用,正确,无误,,未复核,部分充分,有效,部分核验,自动默认,候选池,A_仅待终审,,,,,,,,4,MAP_正确,存在报告证据，但尚未经人工逐项核验；已列依据来源，但未在本阶段逐条核验,,environmental_quality_data,L3_analysis,consistency_comparison,evidence_integration,report_grounding；basis_grounding,high,high,report_plus_external,True,,auto_default,v1,
2026-07-27,PL001,V01,PL001_佛山市亮正新材料有限公司新建项目_01_核查材料.docx,佛山市亮正新材料有限公司新建项目,PL001_Emission_大气,污染物排放标准-大气污染物排放标准,请根据项目行业类别、生产工艺和污染因子，判断大气污染物排放标准选取是否合理。要求分析：污染源覆盖是否完整（列出所有大气污染源及对应标准），是否存在缺漏的污染源或标准。,"1、污染排放标准分析污染源内容：不完整；
2、大气污染物排放标准分析：存在缺漏。胶水调配、上胶、复合、熟化工序VOCs执行DB44/2367-2022表1，印刷工序VOCs执行DB44/815-2010，臭气浓度执行GB14554-93，厂区内VOCs无组织执行DB44/2367-2022表3，以上选取合理。但蒸汽发生器燃烧液化石油气产生的SO2、NOx执行《工业炉窑污染综合治理方案》（环大气[2019]56号）中""重点区域排放限值""，该文件为政策性文件而非正式排放标准，不宜作为排放标准依据；最高允许排放速率执行DB44/27-2001第二时段二级标准尚可，但浓度限值应优先引用正式标准（如DB44/27-2001或GB9078-1996）。","大气标准原文：""蒸汽发生器燃烧液化石油气产生的SO2、NOX执行有组织排放执行《工业炉窑污染综合治理方案》（环大气[2019]56号）中'重点区域排放限值'。最高允许排放速率执行广东省地方标准《大气污染物排放限值》（DB44/27-2001）第二时段二级标准要求。""",emission-standard-kb.jsonl; DB44/26-2001; DB44/2367-2022; GB31572-2015; GB14554-93; GB12348-2008; GB18597-2023; GB18599-2020,2,2,False,存在缺漏,水:存在错误；气:存在缺漏；噪声:存在缺漏；固废:存在缺漏,,,是,原综合排放标准问答对拆分而来,30份环评_污染物排放控制执行标准复核QA(拆分版),大气污染物排放标准,存在缺漏,存在缺漏,,未复核,部分充分,有效,部分核验,自动默认,候选池,A_仅待终审,,,,,,,,6,MAP_存在缺漏,存在报告证据，但尚未经人工逐项核验；已列依据来源，但未在本阶段逐条核验,,air_emission_standard,L3_analysis,multi_evidence_synthesis,basis_grounding,report_grounding；evidence_integration,high,high,report_plus_external,True,,auto_default,v1,
2026-07-28,PL002,V01,佛山市顺德区启卓工程塑料实业有限公司搬迁项目环境影响报告表,佛山市顺德区启卓工程塑料实业有限公司搬迁项目,PL002_EnvQuality_Q01,大气及地表水环境质量现状数据引用,请根据报告引用的环境质量公报及现状数据，判断大气和地表水环境质量现状数据引用是否准确。,"1、大气及地表水环境质量引用数据正确；
2、项目大气环境质量引用《佛山市生态环境局顺德分局关于发布2022年度佛山市顺德区生态环境状况公报的通知（佛环顺函〔2023〕26号）》。环评对大气环境质量分析内容与《2022年度佛山市顺德区生态环境状况公报》中大气环境状况描述一致。经检索，截至审核日该地区最新的环境状况公报为《2024年度佛山市顺德区生态环境状况公报》，可供参考。
项目地表水环境质量引用《佛山市生态环境局顺德分局关于发布2022年度佛山市顺德区生态环境状况公报的通知（佛环顺函〔2023〕26号）》。环评对地表水环境质量分析内容与《2022年度佛山市顺德区生态环境状况公报》中地表水环境状况描述一致。经检索，截至审核日该地区最新的环境状况公报为《2024年度佛山市顺德区生态环境状况公报》，可供参考。",证据位置:大气：表6第0行第1列（大气环境段落）；地表水：表6第0行第1列（地表水环境段落）; 大气公报:《佛山市生态环境局顺德分局关于发布2022年度佛山市顺德区生态环境状况公报的通知（佛环顺函〔2023〕26号）》; 地表水资料:《佛山市生态环境局顺德分局关于发布2022年度佛山市顺德区生态环境状况公报的通知（佛环顺函〔2023〕26号）》,生态环境状况公报知识库; 收纳水体地表水执行标准,2,2,False,正确,大气:正确; 地表水:正确; 报告日期:2023-07,,,是,各项引用数据与公报一致，无需修正,30个环评_大气及地表水环境质量现状数据引用复核QA,环境质量数据引用,正确,无误,,未复核,部分充分,有效,部分核验,自动默认,候选池,A_仅待终审,,,,,,,,11,MAP_正确,存在报告证据，但尚未经人工逐项核验；已列依据来源，但未在本阶段逐条核验,,environmental_quality_data,L3_analysis,consistency_comparison,evidence_integration,report_grounding；basis_grounding,high,high,report_plus_external,True,,auto_default,v1,
2026-07-28,PL003,V01,佛山市顺德区康明新材料厂新建项目环境影响报告表,佛山市顺德区康明新材料厂新建项目,PL003_EnvQuality_Q01,大气及地表水环境质量现状数据引用,请根据报告引用的环境质量公报及现状数据，判断大气和地表水环境质量现状数据引用是否准确。,"1、大气及地表水环境质量引用数据正确（报告公报名称及文号存在笔误）；
2、项目大气环境质量引用《佛山市生态环境局顺德分局关于发布2022年度佛山市顺德区生态环境状况公报的通知》（佛环顺函〔2023〕26号）。环评对大气环境质量分析内容与《2022年度佛山市顺德区生态环境状况公报》中大气环境状况描述一致。但报告中公报名称多处误写为'环境质量状况公报'或'生态环境质量状况公报'（正确为'生态环境状况公报'），文号误写为'佛顺环函〔2023〕26号'（正确为'佛环顺函〔2023〕26号'），需人工核实更正。经检索，截至审核日该地区最新的环境状况公报为《2024年度佛山市顺德区生态环境状况公报》，可供参考。
项目地表水环境质量引用《佛山市生态环境局顺德分局关于发布2022年度佛山市顺德区生态环境状况公报的通知》（佛环顺函〔2023〕26号）。环评对地表水环境质量分析内容与《2022年度佛山市顺德区生态环境状况公报》中地表水环境状况描述一致。但报告中公报名称及文号存在笔误（详见大气部分说明），需人工核实更正。经检索，截至审核日该地区最新的环境状况公报为《2024年度佛山市顺德区生态环境状况公报》，可供参考。",证据位置:大气：表2第0行第1列（大气环境段落）；地表水：表2第0行第1列（地表水环境段落）; 大气公报:《佛山市生态环境局顺德分局关于发布2022年度佛山市顺德区生态环境状况公报的通知（报告误写为佛顺环函〔2023〕26号，正确为佛环顺函〔2023〕26号）》; 地表水资料:《佛山市生态环境局顺德分局关于发布2022年度佛山市顺德区生态环境状况公报的通知（报告误写文号）》,生态环境状况公报知识库; 收纳水体地表水执行标准,2,2,False,正确,大气:正确; 地表水:正确; 报告日期:2024-03,,,是,各项引用数据与公报一致（报告多处将公报名称误写为'环境质量状况公报'（缺'生态'）或'生态环境质量状况公报'（多'质量'），正确名称为'2022年度佛山市顺德区生态环境状况公报'，属笔误；报告将文号误写为'佛顺环函'，正确为'佛环顺函'，字序颠倒，属笔误）,30个环评_大气及地表水环境质量现状数据引用复核QA,环境质量数据引用,正确,无误,,未复核,部分充分,有效,部分核验,自动默认,候选池,A_仅待终审,,,,,,,,18,MAP_正确,存在报告证据，但尚未经人工逐项核验；已列依据来源，但未在本阶段逐条核验,,environmental_quality_data,L3_analysis,consistency_comparison,evidence_integration,report_grounding；basis_grounding,high,high,report_plus_external,True,,auto_default,v1,
2026-07-27,PL003,V01,PL003_佛山市顺德区康明新材料厂新建项目_01_核查材料.docx,佛山市顺德区康明新材料厂新建项目,PL003_Emission_大气,污染物排放标准-大气污染物排放标准,请根据项目行业类别、生产工艺和污染因子，判断大气污染物排放标准选取是否合理。要求分析：污染源覆盖是否完整（列出所有大气污染源及对应标准），是否存在缺漏的污染源或标准。,"1、污染排放标准分析污染源内容：不完整；
2、大气污染物排放标准分析：存在错误。吹膜工序非甲烷总烃执行GB31572-2015表5特别排放限值及表9，合理；涂布和烘干工序非甲烷总烃执行DB44/2367-2022表1，合理；臭气浓度执行GB14554-93，合理。但涂布和烘干工序产生的总VOCs执行广东省《家具制造行业挥发性有机化合物排放标准》（DB44/814-2010），明显错误。本项目行业类别为C2921塑料薄膜制造，不属于家具制造行业，涂布工序使用的保护胶涂布胶也非家具制造行业物料，不应适用家具制造行业排放标准。总VOCs应执行DB44/2367-2022《固定污染源挥发性有机物综合排放标准》表1大气污染物排放限值及表3厂区内VOCs无组织排放限值。报告在非甲烷总烃部分已引用DB44/2367-2022，但总VOCs却转用家具行业标准，标准选取存在行业适用性错误。此外，吹膜、涂布和烘干工序通过同一排气筒排放，报告对非甲烷总烃执行GB31572-2015表5和DB44/2367-2022表1较严值的处理方式合理。","大气标准原文（错误项）：""项目保护胶涂布胶涂布和烘干过程产生的总VOCs有组织排放执行广东省《家具制造行业挥发性有机化合物排放标准》（DB44/814-2010）表1 排气筒VOCs排放限值Ⅱ时段排放标准；无组织排放执行广东省《家具制造行业挥发性有机化合物排放标准》（DB44/814-2010）表2 无组织排放监控点浓度限值。""",emission-standard-kb.jsonl; DB44/26-2001; DB44/2367-2022; GB31572-2015; GB14554-93; GB12348-2008; GB18597-2023; GB18599-2020,2,2,False,存在错误,水:无误；气:存在错误；噪声:无误；固废:存在缺漏,,,是,原综合排放标准问答对拆分而来,30份环评_污染物排放控制执行标准复核QA(拆分版),大气污染物排放标准,存在错误,存在错误,,未复核,部分充分,有效,部分核验,自动默认,候选池,A_仅待终审,,,,,,,,20,MAP_存在错误,存在报告证据，但尚未经人工逐项核验；已列依据来源，但未在本阶段逐条核验,,air_emission_standard,L3_analysis,multi_evidence_synthesis,basis_grounding,report_grounding；evidence_integration,high,high,report_plus_external,True,,auto_default,v1,
2026-07-28,PL004,V01,恒励新材料科技(佛山)有限公司新建项目环境影响报告表,恒励新材料科技(佛山)有限公司新建项目,PL004_EnvQuality_Q01,大气及地表水环境质量现状数据引用,请根据报告引用的环境质量公报及现状数据，判断大气和地表水环境质量现状数据引用是否准确。,"1、大气及地表水环境质量引用数据正确；
2、项目大气环境质量引用《佛山市生态环境局顺德分局关于发布2022年度佛山市顺德区生态环境状况公报的通知》（佛环顺函〔2023〕26号）。环评对大气环境质量分析内容与《2022年度佛山市顺德区生态环境状况公报》中大气环境状况描述一致。经检索，截至审核日该地区最新的环境状况公报为《2024年度佛山市顺德区生态环境状况公报》，可供参考。
项目地表水环境质量引用《佛山市生态环境局顺德分局关于发布2022年度佛山市顺德区生态环境状况公报的通知》（佛环顺函〔2023〕26号）。环评对地表水环境质量分析内容与《2022年度佛山市顺德区生态环境状况公报》中地表水环境状况描述一致。经检索，截至审核日该地区最新的环境状况公报为《2024年度佛山市顺德区生态环境状况公报》，可供参考。",证据位置:大气：表6第0行第1列（大气环境段落）；地表水：表6第0行第1列（地表水环境段落）; 大气公报:《佛山市生态环境局顺德分局关于发布2022年度佛山市顺德区生态环境状况公报的通知（佛环顺函〔2023〕26号）》; 地表水资料:《佛山市生态环境局顺德分局关于发布2022年度佛山市顺德区生态环境状况公报的通知（佛环顺函〔2023〕26号）》,生态环境状况公报知识库; 收纳水体地表水执行标准,2,2,False,正确,大气:正确; 地表水:正确; 报告日期:2023-07,,,是,各项引用数据与公报一致，无需修正,30个环评_大气及地表水环境质量现状数据引用复核QA,环境质量数据引用,正确,无误,,未复核,部分充分,有效,部分核验,自动默认,候选池,A_仅待终审,,,,,,,,25,MAP_正确,存在报告证据，但尚未经人工逐项核验；已列依据来源，但未在本阶段逐条核验,,environmental_quality_data,L3_analysis,consistency_comparison,evidence_integration,report_grounding；basis_grounding,high,high,report_plus_external,True,,auto_default,v1,
2026-07-27,PL004,V01,PL004_恒励新材料科技(佛山)有限公司新建项目_01_核查材料.docx,恒励新材料科技(佛山)有限公司新建项目,PL004_Emission_大气,污染物排放标准-大气污染物排放标准,请根据项目行业类别、生产工艺和污染因子，判断大气污染物排放标准选取是否合理。要求分析：污染源覆盖是否完整（列出所有大气污染源及对应标准），是否存在缺漏的污染源或标准。,"1、污染排放标准分析污染源内容：不完整；
2、大气污染物排放标准分析：存在缺漏。投料混料颗粒物执行GB31572-2015表9企业边界浓度限值，合理。臭气浓度执行GB14554-93，合理。厂区内VOCs无组织执行DB44/2367-2022表3，合理。但挤出工序非甲烷总烃执行GB31572-2015表4大气污染物排放限值（常规排放限值），存在缺漏。顺德区属珠三角重点区域，根据环境保护部公告，重点区域应执行GB31572-2015表5大气污染物特别排放限值。同区域同类项目（PL002、PL003）均执行表5特别排放限值，本项目执行表4常规排放限值与区域要求不一致，应执行更严的表5特别排放限值。","大气标准原文：""挤出工序产生的非甲烷总烃执行《合成树脂工业污染物排放标准》（GB31572-2015）表4大气污染物排放限值要求及表9企业边界大气污染物浓度限值要求。""",emission-standard-kb.jsonl; DB44/26-2001; DB44/2367-2022; GB31572-2015; GB14554-93; GB12348-2008; GB18597-2023; GB18599-2020,2,2,False,存在缺漏,水:无误；气:存在缺漏；噪声:无误；固废:存在缺漏,,,是,原综合排放标准问答对拆分而来,30份环评_污染物排放控制执行标准复核QA(拆分版),大气污染物排放标准,存在缺漏,存在缺漏,,未复核,部分充分,有效,部分核验,自动默认,候选池,A_仅待终审,,,,,,,,27,MAP_存在缺漏,存在报告证据，但尚未经人工逐项核验；已列依据来源，但未在本阶段逐条核验,,air_emission_standard,L3_analysis,multi_evidence_synthesis,basis_grounding,report_grounding；evidence_integration,high,high,report_plus_external,True,,auto_default,v1,
2026-07-28,PL005,V01,佛山市润特龙清洁用品有限公司新建项目环境影响报告表,佛山市润特龙清洁用品有限公司新建项目,PL005_EnvQuality_Q01,大气及地表水环境质量现状数据引用,请根据报告引用的环境质量公报及现状数据，判断大气和地表水环境质量现状数据引用是否准确。,"1、大气及地表水环境质量引用数据正确（报告公报名称存在笔误）；
2、项目大气环境质量引用《佛山市生态环境局顺德分局关于发布2022年度佛山市顺德区生态环境状况公报的通知》（佛环顺函〔2023〕26号）。环评对大气环境质量分析内容与《2022年度佛山市顺德区生态环境状况公报》中大气环境状况描述一致。但报告中公报名称误写为'环境质量状况公报'（正确为'生态环境状况公报'，缺'生态'二字），需人工核实更正。经检索，截至审核日该地区最新的环境状况公报为《2024年度佛山市顺德区生态环境状况公报》，可供参考。
项目地表水环境质量引用《佛山市生态环境局顺德分局关于发布2022年度佛山市顺德区生态环境状况公报的通知》（佛环顺函〔2023〕26号）。环评对地表水环境质量分析内容与《2022年度佛山市顺德区生态环境状况公报》中地表水环境状况描述一致。但报告中公报名称存在笔误（详见大气部分说明），需人工核实更正。经检索，截至审核日该地区最新的环境状况公报为《2024年度佛山市顺德区生态环境状况公报》，可供参考。",证据位置:大气：表3第0行第1列（空气环境质量现状段落）；地表水：表3第0行第1列（地表水环境质量现状段落）; 大气公报:《佛山市生态环境局顺德分局关于发布2022年度佛山市顺德区环境质量状况公报的通知（佛环顺函〔2023〕26号）——报告公报名称缺'生态'二字》; 地表水资料:《佛山市生态环境局顺德分局关于发布2022年度佛山市顺德区环境质量状况公报的通知（佛环顺函〔2023〕26号）——报告公报名称缺'生态'二字》,生态环境状况公报知识库; 收纳水体地表水执行标准,2,2,False,正确,大气:正确; 地表水:正确; 报告日期:2024-03,,,是,各项引用数据与公报一致（报告公报名称缺'生态'二字，正确为'生态环境状况公报'，属笔误）,30个环评_大气及地表水环境质量现状数据引用复核QA,环境质量数据引用,正确,无误,,未复核,部分充分,有效,部分核验,自动默认,候选池,A_仅待终审,,,,,,,,30,MAP_正确,存在报告证据，但尚未经人工逐项核验；已列依据来源，但未在本阶段逐条核验,,environmental_quality_data,L3_analysis,consistency_comparison,evidence_integration,report_grounding；basis_grounding,high,high,report_plus_external,True,,auto_default,v1,
2026-07-27,PL005,V01,PL005_佛山市润特龙清洁用品有限公司新建项目_01_核查材料.docx,佛山市润特龙清洁用品有限公司新建项目,PL005_Emission_大气,污染物排放标准-大气污染物排放标准,请根据项目行业类别、生产工艺和污染因子，判断大气污染物排放标准选取是否合理。要求分析：污染源覆盖是否完整（列出所有大气污染源及对应标准），是否存在缺漏的污染源或标准。,"1、污染排放标准分析污染源内容：不完整；
2、大气污染物排放标准分析：存在缺漏。挤出、烘干定型工序非甲烷总烃执行GB31572-2015表4大气污染物排放限值及表9企业边界浓度限值，存在缺漏。顺德区属珠三角重点区域，应执行GB31572-2015表5大气污染物特别排放限值，同区域同类项目（PL002、PL003）均执行表5，本项目执行表4常规排放限值与区域要求不一致。破碎工序颗粒物执行GB31572-2015表9，合理。臭气浓度执行GB14554-93表2和表1二级新扩改建标准，合理。厂区内VOCs无组织排放执行DB44/2367-2022表3，合理。此外，报告中标准名称存在书写错误，多处将""《合成树脂工业污染物排放标准》""误写为""《合成树脂工业污染排放标准》""，缺少""物""字，标准名称引用不规范。","大气标准原文：""项目挤出、烘干定型工序产生的非甲烷总烃有组织排放执行《合成树脂工业污染排放标准》（GB 31572-2015）中表4大气污染物排放限值；无组织排放执行表9企业边界大气污染物浓度限值。""",emission-standard-kb.jsonl; DB44/26-2001; DB44/2367-2022; GB31572-2015; GB14554-93; GB12348-2008; GB18597-2023; GB18599-2020,2,2,False,存在缺漏,水:无误；气:存在缺漏；噪声:无误；固废:存在缺漏,,,是,原综合排放标准问答对拆分而来,30份环评_污染物排放控制执行标准复核QA(拆分版),大气污染物排放标准,存在缺漏,存在缺漏,,未复核,部分充分,有效,部分核验,自动默认,候选池,A_仅待终审,,,,,,,,32,MAP_存在缺漏,存在报告证据，但尚未经人工逐项核验；已列依据来源，但未在本阶段逐条核验,,air_emission_standard,L3_analysis,multi_evidence_synthesis,basis_grounding,report_grounding；evidence_integration,high,high,report_plus_external,True,,auto_default,v1,
2026-07-28,PL006,V01,佛山市顺德区乐鲸科技有限公司年产五金拉手300万个新建项目环境影响报告表,佛山市顺德区乐鲸科技有限公司年产五金拉手300万个新建项目,PL006_EnvQuality_Q01,大气及地表水环境质量现状数据引用,请根据报告引用的环境质量公报及现状数据，判断大气和地表水环境质量现状数据引用是否准确。,"1、大气及地表水环境质量引用数据正确（报告公报名称及文号存在笔误）；
2、项目大气环境质量引用《佛山市生态环境局顺德分局关于发布2022年度佛山市顺德区生态环境状况公报的通知》（佛环顺函〔2023〕26号）。环评对大气环境质量分析内容与《2022年度佛山市顺德区生态环境状况公报》中大气环境状况描述一致。但报告中公报名称误写为'环境质量状况公报'（正确为'生态环境状况公报'，缺'生态'二字），且多数引用未标注文号，个别处文号误写为'佛顺环函〔2023〕26号'（正确为'佛环顺函〔2023〕26号'），需人工核实更正。经检索，截至审核日该地区最新的环境状况公报为《2024年度佛山市顺德区生态环境状况公报》，可供参考。
项目地表水环境质量引用《佛山市生态环境局顺德分局关于发布2022年度佛山市顺德区生态环境状况公报的通知》（佛环顺函〔2023〕26号）。环评对地表水环境质量分析内容与《2022年度佛山市顺德区生态环境状况公报》中地表水环境状况描述一致。但报告中公报名称及文号存在笔误（详见大气部分说明），需人工核实更正。经检索，截至审核日该地区最新的环境状况公报为《2024年度佛山市顺德区生态环境状况公报》，可供参考。",证据位置:大气：表2第0行第1列（大气环境质量现状段落）；地表水：表2第0行第1列（水环境质量现状段落）; 大气公报:《2022年度佛山市顺德区环境质量状况公报（报告公报名称缺'生态'二字；文号多处缺失，个别处误写为佛顺环函〔2023〕26号）》; 地表水资料:《2022年度佛山市顺德区环境质量状况公报（报告公报名称缺'生态'二字）》,生态环境状况公报知识库; 收纳水体地表水执行标准,2,2,False,正确,大气:正确; 地表水:正确; 报告日期:2024-03,,,是,各项引用数据与公报一致，无需修正,30个环评_大气及地表水环境质量现状数据引用复核QA,环境质量数据引用,正确,无误,,未复核,部分充分,有效,部分核验,自动默认,候选池,A_仅待终审,,,,,,,,35,MAP_正确,存在报告证据，但尚未经人工逐项核验；已列依据来源，但未在本阶段逐条核验,,environmental_quality_data,L3_analysis,consistency_comparison,evidence_integration,report_grounding；basis_grounding,high,high,report_plus_external,True,,auto_default,v1,
2026-07-27,PL006,V01,PL006_佛山市顺德区乐鲸科技有限公司年产五金拉手300万个新建项目_01_修改评估意见.docx,佛山市顺德区乐鲸科技有限公司年产五金拉手300万个新建项目,PL006_Emission_水污,污染物排放标准-水污染物排放标准,请根据报告中的废水类型、预处理方式、排放去向、企业排口标准、污水处理厂名称、尾水排放河道和尾水执行标准，判断水污染物排放标准选取是否合理。要求对比：生活污水排放标准+排入污水处理厂名称+尾水排放河道+尾水排放执行标准，报告与知识库是否一致。,"1、水污染物排放标准中生活污水排放执行标准：存在缺漏；
2、水污染物排放标准结论的过程分析内容：存在缺漏。项目属C3389其他金属制日用品制造，生活污水经三级化粪池预处理后由市政管网引至杏坛污水处理厂处理。报告仅提及杏坛污水处理厂出水达到《城镇污水处理污染物排放标准》（GB 18918-2002）一级A标准和广东省地方标准《水污染物排放限值》（DB44/26-2001）第二时段一级标准中的较严者，但未明确填报企业生活污水排口执行标准（应为DB44/26-2001第二时段三级标准）。知识库记录ESK-DOMESTIC-SEWAGE-LIMITS-002证实企业生活污水排口应执行DB44/26-2001第二时段三级标准（COD 500mg/L），报告缺少该企业排口标准的明确表述。此外，报告将标准名称写为“城镇污水处理污染物排放标准”，遗漏“厂”字，正确名称应为《城镇污水处理厂污染物排放标准》（GB18918-2002），存在标准名称书写错误。知识库记录ESK-SHUNDE-WWTP-MAPPING-012证实杏坛污水处理厂尾水执行GB18918-2002一级A标准及DB44/26-2001第二时段一级标准的较严值，尾水去向为北马涌→顺德水道，报告所述顺德支流与知识库记录的受纳水体名称存在差异，需进一步确认。",水】“本项目不产生生产废水，生活污水经三级化粪池预处理后，由市政管网引至杏坛污水处理厂进行后续处理，杏坛污水处理厂出水达到《城镇污水处理污染物排放标准》（GB 18918-2002）一级A标准和广东省地方标准《水污染物排放限值》（DB44/26-2001）第二时段一级标准中的较严者的要求。”,emission-standard-kb.jsonl; DB44/26-2001; DB44/2367-2022; GB31572-2015; GB14554-93; GB12348-2008; GB18597-2023; GB18599-2020,2,2,False,存在缺漏,水：存在缺漏——企业排口标准未填报，标准名称遗漏“厂”字；大气：存在缺漏——喷涂/烘干工序VOCs和颗粒物排放标准全部缺失；噪声：存在缺漏——厂界噪声排放标准未编制；固废：存在缺漏——一般固废和危废控制标准均未编制。,,,是,原综合排放标准问答对拆分而来,30份环评_污染物排放控制执行标准复核QA(拆分版),水污染物排放标准,存在缺漏,存在缺漏,,未复核,部分充分,有效,部分核验,自动默认,候选池,A_仅待终审,,,,,,,,36,MAP_存在缺漏,存在报告证据，但尚未经人工逐项核验；已列依据来源，但未在本阶段逐条核验,,water_emission_standard,L3_analysis,rule_applicability,basis_grounding,report_grounding；procedural_reasoning,high,high,report_plus_external,True,,auto_default,v1,
2026-07-27,PL006,V01,PL006_佛山市顺德区乐鲸科技有限公司年产五金拉手300万个新建项目_01_修改评估意见.docx,佛山市顺德区乐鲸科技有限公司年产五金拉手300万个新建项目,PL006_Emission_大气,污染物排放标准-大气污染物排放标准,请根据项目行业类别、生产工艺和污染因子，判断大气污染物排放标准选取是否合理。要求分析：污染源覆盖是否完整（列出所有大气污染源及对应标准），是否存在缺漏的污染源或标准。,"1、污染排放标准分析污染源内容：不完整；
2、大气污染物排放标准分析：存在缺漏。项目涉及喷纳米油、烘干工序，产生有机废气（VOCs）和颗粒物，经“水帘柜+喷淋塔+干式过滤器+二级活性炭吸附”处理后通过28米排气筒DA001排放。但排放标准章节文本中未列出任何大气污染物排放执行标准的名称、编号、表号或限值，未区分有组织排放、厂界无组织排放和厂区内VOCs无组织排放监控要求。项目作为金属制品喷涂工序，应编制VOCs有组织排放标准（如DB44/2367-2022表1或相关行业标准）、颗粒物有组织及无组织排放标准、厂区内VOCs无组织排放限值等，报告均缺失。",大气】“本项目喷纳米油、烘干产生的有机废气、颗粒物收集后通过‘水帘柜+喷淋塔+干式过滤器+二级活性炭吸附’进行处理，处理达标后通过28米排气筒DA001排放”（但未列出具体执行标准）。【噪声/,emission-standard-kb.jsonl; DB44/26-2001; DB44/2367-2022; GB31572-2015; GB14554-93; GB12348-2008; GB18597-2023; GB18599-2020,2,2,False,存在缺漏,水：存在缺漏——企业排口标准未填报，标准名称遗漏“厂”字；大气：存在缺漏——喷涂/烘干工序VOCs和颗粒物排放标准全部缺失；噪声：存在缺漏——厂界噪声排放标准未编制；固废：存在缺漏——一般固废和危废控制标准均未编制。,,,是,原综合排放标准问答对拆分而来,30份环评_污染物排放控制执行标准复核QA(拆分版),大气污染物排放标准,存在缺漏,存在缺漏,,未复核,部分充分,有效,部分核验,自动默认,候选池,A_仅待终审,,,,,,,,37,MAP_存在缺漏,存在报告证据，但尚未经人工逐项核验；已列依据来源，但未在本阶段逐条核验,,air_emission_standard,L3_analysis,multi_evidence_synthesis,basis_grounding,report_grounding；evidence_integration,high,high,report_plus_external,True,,auto_default,v1,
2026-07-27,PL006,V01,PL006_佛山市顺德区乐鲸科技有限公司年产五金拉手300万个新建项目_01_修改评估意见.docx,佛山市顺德区乐鲸科技有限公司年产五金拉手300万个新建项目,PL006_Emission_噪声,污染物排放标准-噪声排放标准,请根据项目所属声环境功能区类别，判断噪声排放标准选取是否合理。要求总结声功能区类型、厂界执行标准（GB12348-2008）及昼夜限值，并与环评编制内容进行一致性分析。,"1、噪声排放标准中执行标准与排放限值内容：存在缺漏；
2、存在缺漏。报告未列出厂界噪声排放执行标准的名称、编号、声功能区类别及昼夜限值。项目位于工业用地，应执行《工业企业厂界环境噪声排放标准》（GB12348-2008）相应类别标准，但报告未编制。",【水】“本项目不产生生产废水，生活污水经三级化粪池预处理后，由市政管网引至杏坛污水处理厂进行后续处理，杏坛污水处理厂出水达到《城镇污水处理污染物排放标准》（GB 18918-2002）一级A标准和广东省地方标准《水污染物排放限值》（DB44/26-2001）第二时段一级标准中的较严者的要求。”【大气】“本项目喷纳米油、烘干产生的有机废气、颗粒物收集后通过‘水帘柜+喷淋塔+干式过滤器+二级活性炭吸附’进行处理，处理达标后通过28米排气筒DA001排放”（但未列出具体执行标准）。【噪声/固废】排放标准章节文本中未检出噪声和固体废物控制标准的编制内容。,emission-standard-kb.jsonl; DB44/26-2001; DB44/2367-2022; GB31572-2015; GB14554-93; GB12348-2008; GB18597-2023; GB18599-2020,2,2,False,存在缺漏,水：存在缺漏——企业排口标准未填报，标准名称遗漏“厂”字；大气：存在缺漏——喷涂/烘干工序VOCs和颗粒物排放标准全部缺失；噪声：存在缺漏——厂界噪声排放标准未编制；固废：存在缺漏——一般固废和危废控制标准均未编制。,,,是,原综合排放标准问答对拆分而来,30份环评_污染物排放控制执行标准复核QA(拆分版),噪声排放标准,存在缺漏,存在缺漏,,未复核,部分充分,有效,部分核验,自动默认,候选池,A_仅待终审,,,,,,,,38,MAP_存在缺漏,存在报告证据，但尚未经人工逐项核验；已列依据来源，但未在本阶段逐条核验,,noise_emission_standard,L2_application,rule_applicability,basis_grounding,report_grounding,high,medium,report_plus_external,True,,auto_default,v1,
2026-07-28,PL008,V01,佛山市顺德区亚马逊涂料有限公司迁扩建项目环境影响报告表,佛山市顺德区亚马逊涂料有限公司迁扩建项目,PL008_EnvQuality_Q01,大气及地表水环境质量现状数据引用,请根据报告引用的环境质量公报及现状数据，判断大气和地表水环境质量现状数据引用是否准确。,"1、大气及地表水环境质量引用数据正确；
2、项目大气环境质量引用《佛山市生态环境局顺德分局关于发布2022年度佛山市顺德区环境质量状况公报的通知（佛环顺函〔2023〕26号）》。环评对大气环境质量分析内容与《2022年度佛山市顺德区生态环境状况公报》中大气环境状况描述一致。经检索，截至审核日该地区最新的环境状况公报为《2024年度佛山市顺德区生态环境状况公报》，可供参考。
项目地表水环境质量引用《佛山市生态环境局顺德分局关于发布2022年度佛山市顺德区环境质量状况公报的通知（佛环顺函〔2023〕26号）》。环评对地表水环境质量分析内容与《2022年度佛山市顺德区生态环境状况公报》中地表水环境状况描述一致。经检索，截至审核日该地区最新的环境状况公报为《2024年度佛山市顺德区生态环境状况公报》，可供参考。",证据位置:大气：表2第0行第1列（大气环境段落）；地表水：表2第0行第1列（地表水环境段落）; 大气公报:《佛山市生态环境局顺德分局关于发布2022年度佛山市顺德区环境质量状况公报的通知（佛环顺函〔2023〕26号）》; 地表水资料:《佛山市生态环境局顺德分局关于发布2022年度佛山市顺德区环境质量状况公报的通知（佛环顺函〔2023〕26号）》,生态环境状况公报知识库; 收纳水体地表水执行标准,2,2,False,正确,大气:正确; 地表水:正确; 报告日期:2023-06,,,是,各项引用数据与公报一致（水质类别Ⅲ类与公报2022年度一致，但报告文字误写'2021年'，实际应为2022年；2022年度公报中新涌断面为Ⅲ类，不影响达标结论；水质类别Ⅲ类与公报2022年度一致，但报告文字误写'2021年'，实际应为2022年；2022年度公报中飞鹅山断面为Ⅲ类，不影响达标结论）,30个环评_大气及地表水环境质量现状数据引用复核QA,环境质量数据引用,正确,无误,,未复核,部分充分,有效,部分核验,自动默认,候选池,A_仅待终审,,,,,,,,45,MAP_正确,存在报告证据，但尚未经人工逐项核验；已列依据来源，但未在本阶段逐条核验,,environmental_quality_data,L3_analysis,consistency_comparison,evidence_integration,report_grounding；basis_grounding,high,high,report_plus_external,True,,auto_default,v1,
2026-07-28,PL009,V01,广东威诺高科技股份有限公司搬迁项目环境影响报告表,广东威诺高科技股份有限公司搬迁项目,PL009_EnvQuality_Q01,大气及地表水环境质量现状数据引用,请根据报告引用的环境质量公报及现状数据，判断大气和地表水环境质量现状数据引用是否准确。,"1、大气及地表水环境质量引用数据正确；
2、项目大气环境质量引用《佛山市生态环境局顺德分局关于发布2022年度佛山市顺德区环境质量状况公报的通知（佛环顺函〔2023〕26号）》。环评对大气环境质量分析内容与《2022年度佛山市顺德区生态环境状况公报》中大气环境状况描述一致。经检索，截至审核日该地区最新的环境状况公报为《2024年度佛山市顺德区生态环境状况公报》，可供参考。
项目地表水环境质量引用《佛山市生态环境局顺德分局关于发布2022年度佛山市顺德区环境质量状况公报的通知（佛环顺函〔2023〕26号）》。环评对地表水环境质量分析内容与《2022年度佛山市顺德区生态环境状况公报》中地表水环境状况描述一致。经检索，截至审核日该地区最新的环境状况公报为《2024年度佛山市顺德区生态环境状况公报》，可供参考。",证据位置:大气：表2第0行第1列（大气环境段落）；地表水：表2第0行第1列（地表水环境段落）; 大气公报:《佛山市生态环境局顺德分局关于发布2022年度佛山市顺德区环境质量状况公报的通知（佛环顺函〔2023〕26号）》; 地表水资料:《佛山市生态环境局顺德分局关于发布2022年度佛山市顺德区环境质量状况公报的通知（佛环顺函〔2023〕26号）》,生态环境状况公报知识库; 收纳水体地表水执行标准,2,2,False,正确,大气:正确; 地表水:正确; 报告日期:2023-08,,,是,各项引用数据与公报一致（水质类别Ⅲ类与公报2022年度一致，但报告文字误写'2021年'，实际应为2022年；不影响达标结论；水质类别Ⅲ类与公报2022年度一致，但报告文字误写'2021年'，实际应为2022年；不影响达标结论）,30个环评_大气及地表水环境质量现状数据引用复核QA,环境质量数据引用,正确,无误,,未复核,部分充分,有效,部分核验,自动默认,候选池,A_仅待终审,,,,,,,,50,MAP_正确,存在报告证据，但尚未经人工逐项核验；已列依据来源，但未在本阶段逐条核验,,environmental_quality_data,L3_analysis,consistency_comparison,evidence_integration,report_grounding；basis_grounding,high,high,report_plus_external,True,,auto_default,v1,
2026-07-27,PL009,V01,PL009_广东威诺高科技股份有限公司搬迁项目_01_修改评估意见.docx,广东威诺高科技股份有限公司搬迁项目,PL009_Emission_大气,污染物排放标准-大气污染物排放标准,请根据项目行业类别、生产工艺和污染因子，判断大气污染物排放标准选取是否合理。要求分析：污染源覆盖是否完整（列出所有大气污染源及对应标准），是否存在缺漏的污染源或标准。,"1、污染排放标准分析污染源内容：不完整；
2、大气污染物排放标准分析：存在错误。项目涉及注塑（ABS、PP塑料）、丝印固化、浸漆烘干、焊锡、破碎、模具维修及转子机加工等多工序，大气污染源复杂。具体问题如下：（1）臭气浓度排放标准值存在错误。报告述“50m高排气筒有组织排放标准值：臭气浓度≤40000（无量纲）”，但项目实际排气筒高度为53m。按GB14554-93表2“若实际排气筒高度介于两列高度之间，取较高一档高度的标准值”的规则，53m介于50m（40000）和≥60m（60000）之间，应取较高一档即≥60m对应标准值≤60000（无量纲），知识库记录ESK-GB14554-TABLE2-006证实≥60m对应60000。报告按50m档取40000，标准值选取错误。该错误虽偏严（40000＜60000），但排气筒高度对应标准档次填写不正确。（2）注塑有机废气（NMHC）执行《合成树脂工业污染物排放标准》（GB31572-2015）表4和表9。GB31572适用于合成树脂工业，项目为塑料制品制造（C292），注塑工序是否适用该标准存在适用范围争议。知识库来源文件标注“含2024年修改单”，历史报告须先确认报告时点条文版本，存在版本不确定性。（3）丝印、固化、清洁有机废气执行《印刷工业大气污染物排放标准》（GB 41616-2022），知识库无该标准记录，无法核验限值。（4）锡及其化合物无组织排放执行DB44/27-2001周界外浓度限值，知识库无该污染物记录，无法核验。（5）颗粒物无组织排放执行DB44/27-2001和GB31572-2015表9，DB44/27无组织记录已隔离，GB31572存在版本不确定性。浸漆、烘干TVOC/NMHC执行DB44/2367-2022表1，知识库记录ESK-DB44-2367-TABLE1-003/004证实NMHC 80mg/m3、TVOC 100mg/m3，适用正确。厂区内VOCs无组织执行DB44/2367-2022表3，知识库记录ESK-DB44-2367-TABLE3-001/002证实限值，适用正确。",【水】“生活污水经三级化粪池处理后达到广东省地方标准《水污染排放限值》（DB44/26-2001）第二时段三级标准后，排入杏坛污水处理厂处理，污水处理厂出水水质执行《城镇污水处理厂污染物排放标准》（GBl8918—2002）一级A 标准及广东省地方标准《水污染物排放限值》（DB44/26-2001）第二时段一级标准的较严值。”【大气-臭气浓度】“臭气浓度排放执行《恶臭污染物排放标准》（GB14554-93）中厂界标准值二级标准：臭气浓度≤20（无量纲）；50m高排气筒有组织排放标准值：臭气浓度≤40000（无量纲）。”（实际排气筒高度53m，应取≥60m档=60000）【大气-注塑】“项目注塑过程产生的有机废气，其污染物为NMHC，NMHC执行《合成树脂工业污染物排放标准》（GB31572-2015）表4大气污染物特别排放限值和及表9企业边界大气污染物浓度限值”【大气-浸漆烘干】“项目浸漆、烘干过程产生的有机废气，其污染物为TVOC、NMHC，TVOC、NMHC执行《固定污染源挥发性有机物综合排放标准》（DB44/2367-2022）中的表1标准”【大气-厂区内】“项目厂区内 VOCs 无组织排放监控点浓度执行《固定污染源挥发性有机物综合排放标准》（DB44/2367-2022）中表3厂区内 VOCs 无组织排放限值”【噪声】“项目厂界噪声执行《工业企业厂界环境噪声排放标准》（GB12348-2008）中的3类标准：昼间≤65dB（A），夜间≤55dB（A）。”【固废】“危险废物、一般工业固废在厂区内暂存应符合《危险废物贮存污染控制标准》（GB18597-2023）、《一般工业固体废物贮存、处置场污染控制标准》（GB18599-2020）、《广东省固体废物污染环境防治条例》等要求”,emission-standard-kb.jsonl; DB44/26-2001; DB44/2367-2022; GB31572-2015; GB14554-93; GB12348-2008; GB18597-2023; GB18599-2020,2,2,False,存在错误,水：无误——企业排口和污水厂尾水标准均正确，存在书写瑕疵；大气：存在错误——53m排气筒臭气浓度应取≥60m档（60000），报告误取50m档（40000）；GB31572-2015适用塑料制品业存争议且版本不确定；GB41616-2022和锡及其化合物知识库无记录；噪声：无误——GB12348-2008 3类标准正确；固废：无误——GB18597-2023和GB18599-2020版本正确。,,,是,原综合排放标准问答对拆分而来,30份环评_污染物排放控制执行标准复核QA(拆分版),大气污染物排放标准,存在错误,存在错误,,未复核,部分充分,有效,部分核验,自动默认,候选池,A_仅待终审,,,,,,,,52,MAP_存在错误,存在报告证据，但尚未经人工逐项核验；已列依据来源，但未在本阶段逐条核验,,air_emission_standard,L3_analysis,multi_evidence_synthesis,basis_grounding,report_grounding；evidence_integration,high,high,report_plus_external,True,,auto_default,v1,
2026-07-28,PL010,V01,悍高集团股份有限公司功能拉篮车间搬迁扩建项目环境影响报告表,悍高集团股份有限公司功能拉篮车间搬迁扩建项目,PL010_EnvQuality_Q01,大气及地表水环境质量现状数据引用,请根据报告引用的环境质量公报及现状数据，判断大气和地表水环境质量现状数据引用是否准确。,"1、大气及地表水环境质量引用数据正确；
2、项目大气环境质量引用《佛山市生态环境局顺德分局关于发布2022年度佛山市顺德区环境质量状况公报的通知（佛环顺函〔2023〕26号）》。环评对大气环境质量分析内容与《2022年度佛山市顺德区生态环境状况公报》中大气环境状况描述一致。经检索，截至审核日该地区最新的环境状况公报为《2024年度佛山市顺德区生态环境状况公报》，可供参考。
项目地表水环境质量引用《佛山市生态环境局顺德分局关于发布2022年度佛山市顺德区环境质量状况公报的通知（佛环顺函〔2023〕26号）》。环评对地表水环境质量分析内容与《2022年度佛山市顺德区生态环境状况公报》中地表水环境状况描述一致。经检索，截至审核日该地区最新的环境状况公报为《2024年度佛山市顺德区生态环境状况公报》，可供参考。",证据位置:大气：表16第0行第1列（大气环境段落）；地表水：表16第0行第1列（地表水环境段落）; 大气公报:《佛山市生态环境局顺德分局关于发布2022年度佛山市顺德区环境质量状况公报的通知（佛环顺函〔2023〕26号）》; 地表水资料:《佛山市生态环境局顺德分局关于发布2022年度佛山市顺德区环境质量状况公报的通知（佛环顺函〔2023〕26号）》,生态环境状况公报知识库; 收纳水体地表水执行标准,2,2,False,正确,大气:正确; 地表水:正确; 报告日期:2023-10,,,是,各项引用数据与公报一致，无需修正,30个环评_大气及地表水环境质量现状数据引用复核QA,环境质量数据引用,正确,无误,,未复核,部分充分,有效,部分核验,自动默认,候选池,A_仅待终审,,,,,,,,55,MAP_正确,存在报告证据，但尚未经人工逐项核验；已列依据来源，但未在本阶段逐条核验,,environmental_quality_data,L3_analysis,consistency_comparison,evidence_integration,report_grounding；basis_grounding,high,high,report_plus_external,True,,auto_default,v1,
2026-07-27,PL010,V01,PL010_悍高集团股份有限公司功能拉篮车间搬迁扩建项目_01_修改评估意见.docx,悍高集团股份有限公司功能拉篮车间搬迁扩建项目,PL010_Emission_水污,污染物排放标准-水污染物排放标准,请根据报告中的废水类型、预处理方式、排放去向、企业排口标准、污水处理厂名称、尾水排放河道和尾水执行标准，判断水污染物排放标准选取是否合理。要求对比：生活污水排放标准+排入污水处理厂名称+尾水排放河道+尾水排放执行标准，报告与知识库是否一致。,"1、水污染物排放标准中生活污水排放执行标准：存在缺漏；
2、水污染物排放标准结论的过程分析内容：存在缺漏。项目属金属制品制造业，营运期产生生活废水和生产废水。报告提及“生活废水经三级化粪池处理，生产废水经污水处理站处理后均排入杏坛污水处理厂处理”，杏坛污水处理厂尾水执行GB18918-2002一级A标准及DB44/26-2001较严值（知识库ESK-SHUNDE-WWTP-MAPPING-012可佐证）。但报告未明确填报企业生活污水排口执行标准（应为DB44/26-2001第二时段三级标准），也未填报生产废水经自建污水处理站处理后的企业排口执行标准及限值。DB44/26-2001未注明时段和级别，WWTP尾水标准表述中“DB44/26-2001的较严值”未写明“第二时段一级标准”。生产废水排放标准的缺失是主要问题。",水】“项目营运期产生的生活废水经三级化粪池处理，生产废水经污水处理站处理后均排入杏坛污水处理厂处理”“尾水应执行《城镇污水处理厂污染物排放标准》（GB18918-2002）一级A标准及《广东省水污染物排放限值》（DB44/26-2001）的较严值”（未明确企业排口标准及DB44/26-2001时段级别）,emission-standard-kb.jsonl; DB44/26-2001; DB44/2367-2022; GB31572-2015; GB14554-93; GB12348-2008; GB18597-2023; GB18599-2020,2,2,False,存在缺漏,水：存在缺漏——企业排口标准未填报，生产废水排放标准缺失，DB44/26-2001未注明时段级别；大气：存在缺漏——排放标准全部缺失；噪声：存在缺漏——厂界噪声排放标准未编制；固废：存在缺漏——一般固废和危废控制标准均未编制。,,,是,原综合排放标准问答对拆分而来,30份环评_污染物排放控制执行标准复核QA(拆分版),水污染物排放标准,存在缺漏,存在缺漏,,未复核,部分充分,有效,部分核验,自动默认,候选池,A_仅待终审,,,,,,,,56,MAP_存在缺漏,存在报告证据，但尚未经人工逐项核验；已列依据来源，但未在本阶段逐条核验,,water_emission_standard,L3_analysis,rule_applicability,basis_grounding,report_grounding；procedural_reasoning,high,high,report_plus_external,True,,auto_default,v1,
2026-07-27,PL010,V01,PL010_悍高集团股份有限公司功能拉篮车间搬迁扩建项目_01_修改评估意见.docx,悍高集团股份有限公司功能拉篮车间搬迁扩建项目,PL010_Emission_大气,污染物排放标准-大气污染物排放标准,请根据项目行业类别、生产工艺和污染因子，判断大气污染物排放标准选取是否合理。要求分析：污染源覆盖是否完整（列出所有大气污染源及对应标准），是否存在缺漏的污染源或标准。,"1、污染排放标准分析污染源内容：不完整；
2、大气污染物排放标准分析：存在缺漏。项目为金属制品制造业，涉及功能拉篮生产。排放标准章节文本中未列出任何大气污染物排放执行标准的名称、编号、表号或限值。报告在“三线一单”相符性分析中提及“本项目生产过程不属于使用高VOCs含量原辅材料”，暗示项目存在一定VOCs排放，但未编制相应的VOCs有组织/无组织排放标准、颗粒物排放标准等。",大气】排放标准章节文本中未检出大气污染物排放标准的编制内容。,emission-standard-kb.jsonl; DB44/26-2001; DB44/2367-2022; GB31572-2015; GB14554-93; GB12348-2008; GB18597-2023; GB18599-2020,2,2,False,存在缺漏,水：存在缺漏——企业排口标准未填报，生产废水排放标准缺失，DB44/26-2001未注明时段级别；大气：存在缺漏——排放标准全部缺失；噪声：存在缺漏——厂界噪声排放标准未编制；固废：存在缺漏——一般固废和危废控制标准均未编制。,,,是,原综合排放标准问答对拆分而来,30份环评_污染物排放控制执行标准复核QA(拆分版),大气污染物排放标准,存在缺漏,存在缺漏,,未复核,部分充分,有效,部分核验,自动默认,候选池,A_仅待终审,,,,,,,,57,MAP_存在缺漏,存在报告证据，但尚未经人工逐项核验；已列依据来源，但未在本阶段逐条核验,,air_emission_standard,L3_analysis,multi_evidence_synthesis,basis_grounding,report_grounding；evidence_integration,high,high,report_plus_external,True,,auto_default,v1,
2026-07-27,PL010,V01,PL010_悍高集团股份有限公司功能拉篮车间搬迁扩建项目_01_修改评估意见.docx,悍高集团股份有限公司功能拉篮车间搬迁扩建项目,PL010_Emission_噪声,污染物排放标准-噪声排放标准,请根据项目所属声环境功能区类别，判断噪声排放标准选取是否合理。要求总结声功能区类型、厂界执行标准（GB12348-2008）及昼夜限值，并与环评编制内容进行一致性分析。,"1、噪声排放标准中执行标准与排放限值内容：存在缺漏；
2、存在缺漏。排放标准章节文本中未列出厂界噪声排放执行标准的名称、编号、声功能区类别及昼夜限值。项目位于工业区域，应执行GB12348-2008相应类别标准，但报告未编制。",噪声】排放标准章节文本中未检出噪声排放标准的编制内容。,emission-standard-kb.jsonl; DB44/26-2001; DB44/2367-2022; GB31572-2015; GB14554-93; GB12348-2008; GB18597-2023; GB18599-2020,2,2,False,存在缺漏,水：存在缺漏——企业排口标准未填报，生产废水排放标准缺失，DB44/26-2001未注明时段级别；大气：存在缺漏——排放标准全部缺失；噪声：存在缺漏——厂界噪声排放标准未编制；固废：存在缺漏——一般固废和危废控制标准均未编制。,,,是,原综合排放标准问答对拆分而来,30份环评_污染物排放控制执行标准复核QA(拆分版),噪声排放标准,存在缺漏,存在缺漏,,未复核,部分充分,有效,部分核验,自动默认,候选池,A_仅待终审,,,,,,,,58,MAP_存在缺漏,存在报告证据，但尚未经人工逐项核验；已列依据来源，但未在本阶段逐条核验,,noise_emission_standard,L2_application,rule_applicability,basis_grounding,report_grounding,high,medium,report_plus_external,True,,auto_default,v1,
2026-07-28,PL011,V01,广东潜龙化工有限公司新建项目环境影响报告表,广东潜龙化工有限公司新建项目,PL011_EnvQuality_Q01,大气及地表水环境质量现状数据引用,请根据报告引用的环境质量公报及现状数据，判断大气和地表水环境质量现状数据引用是否准确。,"1、大气及地表水环境质量引用数据正确；
2、项目大气环境质量引用《佛山市生态环境局顺德分局关于发布2022年度佛山市顺德区环境质量状况公报的通知（佛环顺函〔2023〕26号）》。环评对大气环境质量分析内容与《2022年度佛山市顺德区生态环境状况公报》中大气环境状况描述一致。经检索，截至审核日该地区最新的环境状况公报为《2024年度佛山市顺德区生态环境状况公报》，可供参考。
项目地表水环境质量引用《佛山市生态环境局顺德分局关于发布2022年度佛山市顺德区环境质量状况公报的通知（佛环顺函〔2023〕26号）》。环评对地表水环境质量分析内容与《2022年度佛山市顺德区生态环境状况公报》中地表水环境状况描述一致。经检索，截至审核日该地区最新的环境状况公报为《2024年度佛山市顺德区生态环境状况公报》，可供参考。",证据位置:大气：表2第0行第1列（大气环境段落）；地表水：表2第0行第1列（地表水环境段落）; 大气公报:《佛山市生态环境局顺德分局关于发布2022年度佛山市顺德区环境质量状况公报的通知（佛环顺函〔2023〕26号）》; 地表水资料:《佛山市生态环境局顺德分局关于发布2022年度佛山市顺德区环境质量状况公报的通知（佛环顺函〔2023〕26号）》,生态环境状况公报知识库; 收纳水体地表水执行标准,2,2,False,正确,大气:正确; 地表水:正确; 报告日期:2024-04,,,是,各项引用数据与公报一致，无需修正,30个环评_大气及地表水环境质量现状数据引用复核QA,环境质量数据引用,正确,无误,,未复核,部分充分,有效,部分核验,自动默认,候选池,A_仅待终审,,,,,,,,60,MAP_正确,存在报告证据，但尚未经人工逐项核验；已列依据来源，但未在本阶段逐条核验,,environmental_quality_data,L3_analysis,consistency_comparison,evidence_integration,report_grounding；basis_grounding,high,high,report_plus_external,True,,auto_default,v1,
2026-07-28,PL012,V01,PL012_佛山市瀚铭新材料有限公司新建项目_01_修改评估意见.docx,佛山市瀚铭新材料有限公司新建项目,PL012_EnvQuality_Q01,大气及地表水环境质量现状数据引用,请根据报告引用的环境质量公报及现状数据，判断大气和地表水环境质量现状数据引用是否准确。,"1、地表水环境质量引用数据不正确，污水处理厂受纳水体/执行标准与官方登记不一致；
2、项目大气环境质量引用《2022年度佛山市顺德区生态环境状况公报》。环评对大气环境质量分析内容与《2022年度佛山市顺德区生态环境状况公报》中大气环境状况描述一致，报告引用2022年顺德区空气质量综合指数为3.27，比2021年下降6.0%，在全市五区中排名第二，O3浓度超过《环境空气质量标准》（GB3095-2012）二级标准限值，SO2、NO2、PM10、PM2.5、CO五项污染物年评价浓度达到二级标准，属不达标区，与公报一致。经检索，截至审核日该地区最新的环境状况公报为《2024年度佛山市顺德区生态环境状况公报》，可供参考。
项目地表水环境质量引用《2022年度佛山市顺德区生态环境状况公报》。环评对地表水环境质量分析内容与《2022年度佛山市顺德区生态环境状况公报》中地表水环境状况描述一致，报告引用顺德支流新涌断面2022年水质定类为Ⅲ类，符合《地表水环境质量标准》（GB3838-2002）Ⅲ类标准，与公报一致。但项目污水处理厂尾水受纳河道报告称为顺德支流，执行标准为Ⅲ类，与官方登记的杏坛污水处理厂受纳水体顺德水道（II类）不一致，顺德支流与顺德水道系不同水体。",证据位置:大气：报告第1168行引用2022年公报综合指数3.27、排名第2；第1203行O3超标、属不达标区；第1714行五项达标O3未达标。地表水：报告第1205-1206行引用2022年公报顺德支流新涌断面Ⅲ类，杏坛污水处理厂尾水排入顺德支流。; 大气公报:《2022年度佛山市顺德区生态环境状况公报》; 地表水资料:《2022年度佛山市顺德区生态环境状况公报》,生态环境状况公报知识库; 收纳水体地表水执行标准,2,2,False,不正确,大气:正确; 地表水:不正确; 报告日期:2023,,,是,杏坛污水处理厂尾水受纳河道报告称为顺德支流，与官方登记的顺德水道不一致；执行标准报告称为Ⅲ类，与官方登记的II类不一致。顺德支流与顺德水道为不同水体。,30个环评_大气及地表水环境质量现状数据引用复核QA,环境质量数据引用,不正确,待判断,,未复核,部分充分,有效,部分核验,自动默认,候选池,A_仅待终审,,,,,,,,65,MAP_不正确,需人工区分存在错误或存在缺漏；存在报告证据，但尚未经人工逐项核验；已列依据来源，但未在本阶段逐条核验,,environmental_quality_data,L3_analysis,consistency_comparison,evidence_integration,report_grounding；basis_grounding,high,high,report_plus_external,True,,auto_default,v1,
2026-07-27,PL012,V01,PL012_佛山市瀚铭新材料有限公司新建项目_01_修改评估意见.docx,佛山市瀚铭新材料有限公司新建项目,PL012_Emission_大气,污染物排放标准-大气污染物排放标准,请根据项目行业类别、生产工艺和污染因子，判断大气污染物排放标准选取是否合理。要求分析：污染源覆盖是否完整（列出所有大气污染源及对应标准），是否存在缺漏的污染源或标准。,"1、污染排放标准分析污染源内容：不完整；
2、大气污染物排放标准分析：项目投料粉尘（颗粒物）执行DB44/27-2001表2第二时段二级标准及无组织排放监控浓度限值；有机废气TVOC有组织排放执行DB44/2367-2022表1，厂区内VOCs执行DB44/2367-2022表3；恶臭臭气浓度执行GB14554-1993表1及表2。上述标准选取基本合理。但项目参照《排污许可证申请与核发技术规范 涂料、油墨、颜料及类似产品制造业》（HJ1116-2020），产品含电子胶等胶黏剂类制品，其大气污染物有组织排放是否应执行行业专属标准《涂料、油墨及胶黏剂工业大气污染物排放标准》（GB37824-2019）需进一步核实。报告仅引用了DB44/2367-2022和DB44/27-2001等综合标准，未对行业标准GB37824-2019的适用性进行说明，存在缺漏。","大气标准：'项目运营期投料产生的物料粉尘，其污染因子为颗粒物，执行广东省地方标准《大气污染物排放限值》（DB44/27-2001）中表2第二时段二级标准以及第二时段无组织排放监测点浓度限值。'；'TVOC有组织排放执行广东省《固定污染源挥发性有机物综合排放标准》（DB44/2367-2022）表1挥发性有机物排放限值；厂区内VOCs执行广东省《固定污染源挥发性有机物综合排放标准》（DB44/2367-2022）表3厂区内VOCs无组织排放限值。'；'恶臭臭气浓度排放执行《恶臭污染物排放标准》（GB14554-1993）表1恶臭污染物厂界二级新扩改建标准值以及表2恶臭污染物排放标准值。'
3.",emission-standard-kb.jsonl; DB44/26-2001; DB44/2367-2022; GB31572-2015; GB14554-93; GB12348-2008; GB18597-2023; GB18599-2020,2,2,False,存在缺漏,水:无误——生活污水预处理标准DB44/26-2001第二时段三级、污水厂尾水GB18918-2002一级A及DB44/26-2001较严值引用正确；清洗废水委外处理。; 大气:存在缺漏——颗粒物、TVOC、恶臭标准选取基本合理，但未说明行业专属标准GB37824-2019（涂料、油墨及胶黏剂工业）的适用性。; 噪声:无误——GB12348-2008 3类标准选取正确。; 固体废物:存在缺漏——危险废物标准引用完整，但一般工业固体废物未引用GB18599-2020贮存标准及GB34330-2017鉴别标准。,,,是,原综合排放标准问答对拆分而来,30份环评_污染物排放控制执行标准复核QA(拆分版),大气污染物排放标准,存在缺漏,存在缺漏,,未复核,部分充分,有效,部分核验,自动默认,候选池,A_仅待终审,,,,,,,,67,MAP_存在缺漏,存在报告证据，但尚未经人工逐项核验；已列依据来源，但未在本阶段逐条核验,,air_emission_standard,L3_analysis,multi_evidence_synthesis,basis_grounding,report_grounding；evidence_integration,high,high,report_plus_external,True,,auto_default,v1,
2026-07-28,PL013,V01,PL013_佛山市顺德区百洛电器有限公司迁扩建项目_01_修改评估意见.docx,佛山市顺德区百洛电器有限公司迁扩建项目,PL013_EnvQuality_Q01,大气及地表水环境质量现状数据引用,请根据报告引用的环境质量公报及现状数据，判断大气和地表水环境质量现状数据引用是否准确。,"1、大气及地表水环境质量引用数据正确；
2、项目大气环境质量引用《2022年度佛山市顺德区生态环境状况公报》。环评对大气环境质量分析内容与《2022年度佛山市顺德区生态环境状况公报》中大气环境状况描述一致，报告引用2022年全区空气质量综合指数为3.27，比2021年下降6.0%，在全市五区中排名第二，六项污染物指标中臭氧浓度超标，其余指标浓度均达到《环境空气质量标准》（GB3095-2012）及2018年修改单中的二级标准限值，属不达标区，与公报一致。经检索，截至审核日该地区最新的环境状况公报为《2024年度佛山市顺德区生态环境状况公报》，可供参考。
项目地表水环境质量引用《2022年度佛山市顺德区生态环境状况公报》。环评对地表水环境质量分析内容与《2022年度佛山市顺德区生态环境状况公报》中地表水环境状况描述一致，报告引用2022年全区4个饮用水源全优，2个国控断面（乌洲、顺德港）、3个省控断面（杨滘、海凌、飞鹅山）均达到相应的水质目标，项目纳污水体李家沙水道五沙断面水质达到Ⅲ类标准要求（公报中五沙断面实际定类为Ⅱ类，优于Ⅲ类），与公报一致。项目污水处理厂尾水受纳河道为李家沙水道，执行标准为Ⅲ类，与官方登记一致。",证据位置:大气：报告第1387行引用2022年公报综合指数3.27、排名第2；第1419行臭氧超标、属不达标区。地表水：报告第1421-1422行引用2022年公报4个饮用水源全优、国控省控断面达标、李家沙水道五沙断面水质达Ⅲ类标准；伦教污水处理厂尾水排入李家沙水道。; 大气公报:《2022年度佛山市顺德区生态环境状况公报》; 地表水资料:《2022年度佛山市顺德区生态环境状况公报》,生态环境状况公报知识库; 收纳水体地表水执行标准,2,2,False,正确,大气:正确; 地表水:正确; 报告日期:2023,,,是,未发现实质性问题。报告大气和地表水环境质量引用数据与2022年度公报一致，伦教污水处理厂受纳水体李家沙水道及执行标准Ⅲ类与官方登记一致。,30个环评_大气及地表水环境质量现状数据引用复核QA,环境质量数据引用,正确,无误,,未复核,部分充分,有效,部分核验,自动默认,候选池,A_仅待终审,,,,,,,,70,MAP_正确,存在报告证据，但尚未经人工逐项核验；已列依据来源，但未在本阶段逐条核验,,environmental_quality_data,L3_analysis,consistency_comparison,evidence_integration,report_grounding；basis_grounding,high,high,report_plus_external,True,,auto_default,v1,
2026-07-28,PL014,V01,PL014_佛山市顺德区蓝顿涂料有限公司迁建项目_01_修改评估意见.docx,佛山市顺德区蓝顿涂料有限公司迁建项目,PL014_EnvQuality_Q01,大气及地表水环境质量现状数据引用,请根据报告引用的环境质量公报及现状数据，判断大气和地表水环境质量现状数据引用是否准确。,"1、地表水环境质量引用数据不正确，污水处理厂受纳水体/执行标准与官方登记不一致；
2、项目大气环境质量引用《2022年度佛山市顺德区生态环境状况公报》。环评对大气环境质量分析内容与《2022年度佛山市顺德区生态环境状况公报》中大气环境状况描述一致，报告采用2022年度公报数据，根据公报中数据和结论判断项目所在区域为大气环境质量不达标区，与公报中O3超标、SO2、NO2、PM10、PM2.5、CO五项污染物年评价浓度达到二级标准的结论一致。经检索，截至审核日该地区最新的环境状况公报为《2024年度佛山市顺德区生态环境状况公报》，可供参考。
项目地表水环境质量引用《2022年度佛山市顺德区生态环境状况公报》。环评对地表水环境质量分析内容与《2022年度佛山市顺德区生态环境状况公报》中地表水环境状况描述一致，报告引用顺德支流新涌、飞鹅山断面2022年河流定类均为Ⅲ类，符合《地表水环境质量标准》（GB3838-2002）Ⅲ类标准，与公报一致。但项目污水处理厂尾水受纳河道报告称为顺德支流，执行标准为Ⅲ类，与官方登记的杏坛污水处理厂受纳水体顺德水道（II类）不一致，顺德支流与顺德水道系不同水体。",证据位置:大气：报告第1681行采用2022年度公报数据；第1768行判断为大气环境质量不达标区。地表水：报告第1844-1845行引用2022年公报顺德支流新涌、飞鹅山断面Ⅲ类，杏坛污水处理厂尾水排至顺德支流。; 大气公报:《2022年度佛山市顺德区生态环境状况公报》; 地表水资料:《2022年度佛山市顺德区生态环境状况公报》,生态环境状况公报知识库; 收纳水体地表水执行标准,2,2,False,不正确,大气:正确; 地表水:不正确; 报告日期:2024,,,是,杏坛污水处理厂尾水受纳河道报告称为顺德支流，与官方登记的顺德水道不一致；执行标准报告称为Ⅲ类，与官方登记的II类不一致。顺德支流与顺德水道为不同水体。,30个环评_大气及地表水环境质量现状数据引用复核QA,环境质量数据引用,不正确,待判断,,未复核,部分充分,有效,部分核验,自动默认,候选池,A_仅待终审,,,,,,,,75,MAP_不正确,需人工区分存在错误或存在缺漏；存在报告证据，但尚未经人工逐项核验；已列依据来源，但未在本阶段逐条核验,,environmental_quality_data,L3_analysis,consistency_comparison,evidence_integration,report_grounding；basis_grounding,high,high,report_plus_external,True,,auto_default,v1,
2026-07-27,PL015,V01,PL015_佛山市镪优金属制品有限公司迁扩建项目_01_修改评估意见.docx,佛山市镪优金属制品有限公司迁扩建项目,PL015_Emission_大气,污染物排放标准-大气污染物排放标准,请根据项目行业类别、生产工艺和污染因子，判断大气污染物排放标准选取是否合理。要求分析：污染源覆盖是否完整（列出所有大气污染源及对应标准），是否存在缺漏的污染源或标准。,"1、污染排放标准分析污染源内容：不完整；
2、大气污染物排放标准分析：颗粒物（钻孔粉尘、焊接烟尘、喷粉粉尘、燃烧烟尘）无组织排放执行DB44/27-2001第二时段无组织监控浓度限值1.0mg/m3，适用。VOCs固化有机废气执行DB44/2367-2022表1（TVOC≤100mg/m3）及表3厂区内VOCs无组织排放限值，适用。臭气浓度执行GB14554-93表1及表2，适用。问题：燃烧废气（颗粒物≤30、SO2≤200、NOx≤300mg/m3）依据粤环函[2019]1112号《工业炉窑大气污染综合治理方案》广东省实施意见确定限值，该文件为政策性文件而非正式排放标准。工业炉窑燃烧废气应执行《工业炉窑大气污染物排放标准》（GB9078-1996）或相关行业排放标准，报告引用政策文件替代正式排放标准依据不充分，存在缺漏。","大气标准：'颗粒物……无组织排放执行广东省《大气污染物排放限值》（DB44/27-2001）第二时段无组织排放监控浓度限值1.0mg/m3。'；'固化有机废气执行《固定污染源挥发性有机物综合排放标准》（DB44/2367-2022）表1挥发性有机物排放限值：TVOC≤100mg/m3；以及表3厂区内VOCs无组织排放限值。'；'根据广东省关于贯彻落实《工业炉窑大气污染综合治理方案》的实施意见（粤环函[2019]1112号），项目燃烧废气的颗粒物、二氧化硫、氮氧化物排放限值分别不高于30、200、300毫克/立方米。'；'臭气浓度执行《恶臭污染物排放标准》（GB14554-93）表1恶臭污染物厂界标准值（二级新扩改建）和表2恶臭污染物排放标准值。'
3.",emission-standard-kb.jsonl; DB44/26-2001; DB44/2367-2022; GB31572-2015; GB14554-93; GB12348-2008; GB18597-2023; GB18599-2020,2,2,False,存在缺漏,水:需复核——尾水执行GB18918-2002一级B标准，可能低于顺德区城镇污水处理厂一级A要求；生产废水执行DB44/26-2001第二时段二级标准。; 大气:存在缺漏——颗粒物、VOCs、臭气标准选取基本合理，但燃烧废气依据政策文件（粤环函[2019]1112号）而非正式排放标准GB9078-1996。; 噪声:无误——GB12348-2008 2类标准选取正确（项目位于声环境2类区）。; 固体废物:存在缺漏——危险废物标准引用较完整（含HJ2025-2012），但一般工业固体废物未引用GB18599-2020及GB34330-2017。,,,是,原综合排放标准问答对拆分而来,30份环评_污染物排放控制执行标准复核QA(拆分版),大气污染物排放标准,存在缺漏,存在缺漏,,未复核,部分充分,有效,部分核验,自动默认,候选池,A_仅待终审,,,,,,,,82,MAP_存在缺漏,存在报告证据，但尚未经人工逐项核验；已列依据来源，但未在本阶段逐条核验,,air_emission_standard,L3_analysis,multi_evidence_synthesis,basis_grounding,report_grounding；evidence_integration,high,high,report_plus_external,True,,auto_default,v1,
2026-07-28,PL018,V01,PL018_广东台塑智能科技有限公司新建项目_01_受理公告或公示版.pdf,广东台塑智能科技有限公司新建项目,PL018_EnvQuality_Q01,大气及地表水环境质量现状数据引用,请根据报告引用的环境质量公报及现状数据，判断大气和地表水环境质量现状数据引用是否准确。,"1、大气及地表水环境质量引用数据正确；
2、项目大气环境质量引用《2023年度佛山市顺德区生态环境状况公报》。环评对大气环境质量分析内容与《2023年度佛山市顺德区生态环境状况公报》中大气环境状况描述一致，报告指出根据2023年全区大气环境质量状况公报，除臭氧（O3）外其余污染物指标浓度达到二级标准，与公报中“O3超二级浓度限值，SO2、NO2、PM10、PM2.5、CO五项污染物年评价浓度符合二级浓度限值”的描述一致。经检索，截至审核日该地区最新的环境状况公报为《2024年度佛山市顺德区生态环境状况公报》，可供参考。
项目地表水环境质量引用《2023年度佛山市顺德区生态环境状况公报》。环评对地表水环境质量分析内容与《2023年度佛山市顺德区生态环境状况公报》中地表水环境状况描述一致。项目污水处理厂为北滘污水处理厂，尾水受纳河道为潭洲水道，执行标准为III类，与官方登记一致。",证据位置:大气：报告引用佛顺环函〔2024〕44号《2023年度佛山市顺德区生态环境状况公报》，见报告环境质量现状章节（约第2233-2271行），报告称“根据2023年全区的大气环境质量状况公报，除臭氧（O3）外，其余污染物指标浓度”达到二级标准；地表水：报告引用佛顺环函〔2024〕44号（约第2275-2278行），北滘污水处理厂尾水排入潭洲水道; 大气公报:《2023年度佛山市顺德区生态环境状况公报》; 地表水资料:《2023年度佛山市顺德区生态环境状况公报》,生态环境状况公报知识库; 收纳水体地表水执行标准,2,2,False,正确,大气:正确; 地表水:正确; 报告日期:2024,,,是,无。报告引用2023年度公报（佛顺环函〔2024〕44号），发布日期2024-03-26早于报告日期，2023年度数据在近3年窗口内。大气分析内容（除O3外其余污染物达标）与公报一致；地表水分析引用同一公报，北滘污水处理厂尾水受纳河道（潭洲水道）及执行标准（III类）与官方登记一致。,30个环评_大气及地表水环境质量现状数据引用复核QA,环境质量数据引用,正确,无误,,未复核,部分充分,有效,部分核验,自动默认,候选池,A_仅待终审,,,,,,,,87,MAP_正确,存在报告证据，但尚未经人工逐项核验；已列依据来源，但未在本阶段逐条核验,,environmental_quality_data,L3_analysis,consistency_comparison,evidence_integration,report_grounding；basis_grounding,high,high,report_plus_external,True,,auto_default,v1,
2026-07-28,PL019,V01,PL019_佛山市智龙科技有限公司迁扩建项目_01_受理公告或公示版.pdf,佛山市智龙科技有限公司迁扩建项目,PL019_EnvQuality_Q01,大气及地表水环境质量现状数据引用,请根据报告引用的环境质量公报及现状数据，判断大气和地表水环境质量现状数据引用是否准确。,1、【大气及地表水环境质量引用数据正确】；2、项目大气环境质量引用《2023年度佛山市顺德区生态环境状况公报》。环评对大气环境质量分析内容与《2023年度佛山市顺德区生态环境状况公报》中大气环境状况描述一致（SO2=6、NO2=28、PM10=35、PM2.5=20μg/m³，O3=164μg/m³，CO=1.0mg/m³，五项达标、O3超标、不达标区）；其中报告正文将CO单位标注为μg/m³属单位表述笔误，同页表格数值（1000μg/m³=1.0mg/m³）与公报一致，不影响达标结论。经检索，截至审核日该地区最新的环境状况公报为《2024年度佛山市顺德区生态环境状况公报》（佛环顺函〔2025〕12号，2025-04-03发布），可供参考。项目地表水环境质量引用《2023年度佛山市顺德区生态环境状况公报》。环评对地表水环境质量分析内容与《2023年度佛山市顺德区生态环境状况公报》中地表水环境状况描述一致（纳污水体顺德支流新涌断面2023年河流定类Ⅲ类，符合Ⅲ类标准，水质良好；公报P5-7：顺德支流/新涌=Ⅲ）。经检索，截至审核日该地区最新的环境状况公报为《2024年度佛山市顺德区生态环境状况公报》（佛环顺函〔2025〕12号，2025-04-03发布），可供参考。,证据位置:大气：Page 41；地表水：Page 41; 大气公报:《2023年度佛山市顺德区生态环境状况公报》; 地表水资料:《2023年度佛山市顺德区生态环境状况公报》,生态环境状况公报知识库; 收纳水体地表水执行标准,2,2,False,正确,大气:正确; 地表水:正确; 报告日期:未明确,,,是,CO第95百分位数：报告正文将CO单位标注为μg/m³，与公报mg/m³不符；但同页表格CO=1000(μg/m³语境)=1.0mg/m³与公报一致，达标结论未失真，属单位表述笔误。,30个环评_大气及地表水环境质量现状数据引用复核QA,环境质量数据引用,正确,无误,,未复核,部分充分,有效,部分核验,自动默认,候选池,A_仅待终审,,,,,,,,94,MAP_正确,存在报告证据，但尚未经人工逐项核验；已列依据来源，但未在本阶段逐条核验,,environmental_quality_data,L3_analysis,consistency_comparison,evidence_integration,report_grounding；basis_grounding,high,high,report_plus_external,True,,auto_default,v1,
2026-07-28,PL020,V01,PL020_佛山市朗信塑料制品有限公司新建项目_01_受理公告或公示版.pdf,佛山市朗信塑料制品有限公司新建项目,PL020_EnvQuality_Q01,大气及地表水环境质量现状数据引用,请根据报告引用的环境质量公报及现状数据，判断大气和地表水环境质量现状数据引用是否准确。,"1、大气及地表水环境质量引用数据正确；
2、项目大气环境质量引用《2023年度佛山市顺德区生态环境状况公报》。环评对大气环境质量分析内容与《2023年度佛山市顺德区生态环境状况公报》中大气环境状况描述一致，报告引用2023年度SO2、NO2、PM10、PM2.5年平均浓度数据与公报一致（SO2为6μg/m³、NO2为28μg/m³、PM10为35μg/m³、PM2.5为20μg/m³）。经检索，截至审核日该地区最新的环境状况公报为《2024年度佛山市顺德区生态环境状况公报》，可供参考。
项目地表水环境质量引用《2023年度佛山市顺德区生态环境状况公报》。环评对地表水环境质量分析内容与《2023年度佛山市顺德区生态环境状况公报》中地表水环境状况描述一致，报告引用顺德支流水质评价结果与公报一致（顺德支流新涌、飞鹅山断面均为Ⅲ类）。项目污水处理厂为勒流污水处理厂，尾水受纳河道为顺德支流，执行标准为III类，与官方登记一致。",证据位置:大气：报告引用佛环顺函〔2024〕44号《2023年度佛山市顺德区生态环境状况公报》（约第1592-1596行），报告称“顺德区2023年SO2、NO2、PM10、PM2.5年平均”浓度数据；地表水：报告引用佛环顺函〔2024〕44号（约第1664-1691行），勒流污水处理厂尾水排入顺德支流; 大气公报:《2023年度佛山市顺德区生态环境状况公报》; 地表水资料:《2023年度佛山市顺德区生态环境状况公报》,生态环境状况公报知识库; 收纳水体地表水执行标准,2,2,False,正确,大气:正确; 地表水:正确; 报告日期:2024,,,是,无。报告引用2023年度公报（佛环顺函〔2024〕44号），发布日期2024-03-26早于报告日期，2023年度数据在近3年窗口内。大气分析内容引用SO2、NO2、PM10、PM2.5年平均浓度与公报一致；地表水分析引用顺德支流水质评价结果与公报一致，勒流污水处理厂尾水受纳河道（顺德支流）及执行标准（III类）与官方登记一致。,30个环评_大气及地表水环境质量现状数据引用复核QA,环境质量数据引用,正确,无误,,未复核,部分充分,有效,部分核验,自动默认,候选池,A_仅待终审,,,,,,,,101,MAP_正确,存在报告证据，但尚未经人工逐项核验；已列依据来源，但未在本阶段逐条核验,,environmental_quality_data,L3_analysis,consistency_comparison,evidence_integration,report_grounding；basis_grounding,high,high,report_plus_external,True,,auto_default,v1,
2026-07-27,PL020,V01,PL020_佛山市朗信塑料制品有限公司新建项目_01_受理公告或公示版.pdf,佛山市朗信塑料制品有限公司新建项目,PL020_Emission_水污,污染物排放标准-水污染物排放标准,请根据报告中的废水类型、预处理方式、排放去向、企业排口标准、污水处理厂名称、尾水排放河道和尾水执行标准，判断水污染物排放标准选取是否合理。要求对比：生活污水排放标准+排入污水处理厂名称+尾水排放河道+尾水排放执行标准，报告与知识库是否一致。,"1、水污染物排放标准中生活污水排放执行标准：存在缺漏；
2、水污染物排放标准结论的过程分析内容：存在缺漏。报告仅提到勒流污水处理厂尾水执行《城镇污水处理厂污染物排放标准》（GB18918-2002）一级A标准及《广东省水污染物排放限值》（DB44/26-2001）的较严值，但未明确企业生活污水排口执行的预处理标准（应为DB44/26-2001第二时段三级标准，COD≤500mg/L、BOD5≤300mg/L、SS≤400mg/L）。间接冷却水作为清净下水排放至雨水管网，亦未引用相关排放标准。企业排口标准与污水处理厂尾水标准应分别编制，报告缺少企业排口标准。

2、","1、水：""尾水应执行《城镇污水处理厂污染物排放标准》（GB18918-2002）一级A标准及《广东省水污染物排放限值》（DB44/26-2001）的较严值。""""生活污水经三级化粪池预处理后引至勒流污水处理厂进一步处理，废水排放方式为间接排放。注塑机的间接冷却水作为清净下水定期排至市政雨水管网。""",emission-standard-kb.jsonl; DB44/26-2001; DB44/2367-2022; GB31572-2015; GB14554-93; GB12348-2008; GB18597-2023; GB18599-2020,2,2,False,存在缺漏,水:存在缺漏——污水处理厂尾水标准已引用，但企业生活污水排口预处理标准（DB44/26-2001第二时段三级标准）缺失，清净下水排放标准未引用。; 大气:存在缺漏——有组织非甲烷总烃（GB31572-2015表4）和厂区内无组织VOCs（DB44/2367-2022表3）标准正确，但臭气浓度标准（GB14554-93）、破碎粉尘无组织颗粒物标准、企业边界标准缺失。; 噪声:存在缺漏——提取文本中未发现噪声排放标准，未引用GB12348-2008，未给出声功能区类别和昼夜限值。; 固体废物:存在缺漏——仅描述处置去向，未引用固废法、GB34330-2017、GB18597-2023、GB18599-2020、国家危险废物名录等控制标准。,,,是,原综合排放标准问答对拆分而来,30份环评_污染物排放控制执行标准复核QA(拆分版),水污染物排放标准,存在缺漏,存在缺漏,,未复核,部分充分,有效,部分核验,自动默认,候选池,A_仅待终审,,,,,,,,102,MAP_存在缺漏,存在报告证据，但尚未经人工逐项核验；已列依据来源，但未在本阶段逐条核验,,water_emission_standard,L3_analysis,rule_applicability,basis_grounding,report_grounding；procedural_reasoning,high,high,report_plus_external,True,,auto_default,v1,
2026-07-27,PL020,V01,PL020_佛山市朗信塑料制品有限公司新建项目_01_受理公告或公示版.pdf,佛山市朗信塑料制品有限公司新建项目,PL020_Emission_大气,污染物排放标准-大气污染物排放标准,请根据项目行业类别、生产工艺和污染因子，判断大气污染物排放标准选取是否合理。要求分析：污染源覆盖是否完整（列出所有大气污染源及对应标准），是否存在缺漏的污染源或标准。,"1、污染排放标准分析污染源内容：不完整；
2、大气污染物排放标准分析：存在缺漏。有组织非甲烷总烃引用《合成树脂工业污染物排放标准》（GB31572-2015，含2024年修改单）表4大气污染物排放限值（100mg/m³），适用于车间或生产设施排气筒，标准选取正确。厂区内VOCs无组织排放引用DB44/2367-2022表3限值（1h平均≤6mg/m³，任意一次≤20mg/m³），与知识库一致。但存在以下缺漏：（1）臭气浓度为注塑工序产污因子之一，但报告未引用《恶臭污染物排放标准》（GB14554-93）表2排气筒排放标准值和表1厂界标准值；（2）破碎粉尘和混料粉尘以无组织形式排放，但排放标准章节未明确引用DB44/27-2001第二时段无组织排放监控浓度限值（仅在政策相符性分析表中提及DB44/27-2001第Ⅱ时段，且标准编号缺少斜杠写为DB4427-2001）；（3）企业边界大气污染物浓度限值（GB31572-2015表9）未引用。

3、","2、大气：""本项目非甲烷总烃有组织排放可满足《合成树脂工业污染物排放标准》（GB31572-2015，含2024年修改单）中表4大气污染物排放限值要求。""""有机废气厂区内无组织排放满足小时平均浓度值不超过6mg/m3，任意一次浓度值不超过20mg/m3。""政策相符性表中提及""有机废气排气筒排放浓度不高于广东省《大气污染物排放限值》（DB4427-2001）第Ⅱ时段排放限值""。",emission-standard-kb.jsonl; DB44/26-2001; DB44/2367-2022; GB31572-2015; GB14554-93; GB12348-2008; GB18597-2023; GB18599-2020,2,2,False,存在缺漏,水:存在缺漏——污水处理厂尾水标准已引用，但企业生活污水排口预处理标准（DB44/26-2001第二时段三级标准）缺失，清净下水排放标准未引用。; 大气:存在缺漏——有组织非甲烷总烃（GB31572-2015表4）和厂区内无组织VOCs（DB44/2367-2022表3）标准正确，但臭气浓度标准（GB14554-93）、破碎粉尘无组织颗粒物标准、企业边界标准缺失。; 噪声:存在缺漏——提取文本中未发现噪声排放标准，未引用GB12348-2008，未给出声功能区类别和昼夜限值。; 固体废物:存在缺漏——仅描述处置去向，未引用固废法、GB34330-2017、GB18597-2023、GB18599-2020、国家危险废物名录等控制标准。,,,是,原综合排放标准问答对拆分而来,30份环评_污染物排放控制执行标准复核QA(拆分版),大气污染物排放标准,存在缺漏,存在缺漏,,未复核,部分充分,有效,部分核验,自动默认,候选池,A_仅待终审,,,,,,,,103,MAP_存在缺漏,存在报告证据，但尚未经人工逐项核验；已列依据来源，但未在本阶段逐条核验,,air_emission_standard,L3_analysis,multi_evidence_synthesis,basis_grounding,report_grounding；evidence_integration,high,high,report_plus_external,True,,auto_default,v1,
2026-07-27,PL020,V01,PL020_佛山市朗信塑料制品有限公司新建项目_01_受理公告或公示版.pdf,佛山市朗信塑料制品有限公司新建项目,PL020_Emission_噪声,污染物排放标准-噪声排放标准,请根据项目所属声环境功能区类别，判断噪声排放标准选取是否合理。要求总结声功能区类型、厂界执行标准（GB12348-2008）及昼夜限值，并与环评编制内容进行一致性分析。,"1、噪声排放标准中执行标准与排放限值内容：存在缺漏；
2、存在缺漏。提取文本中未发现噪声排放标准章节，未引用《工业企业厂界环境噪声排放标准》（GB12348-2008），未给出声功能区类别及昼夜限值。

4、","3、噪声：提取文本中未发现噪声排放标准相关内容。
4、固体废物：""一般固体废物收集后交由资源回收公司回收，危险废物交由有危险废物处理资质的单位收集处置。""未引用具体标准编号。",emission-standard-kb.jsonl; DB44/26-2001; DB44/2367-2022; GB31572-2015; GB14554-93; GB12348-2008; GB18597-2023; GB18599-2020,2,2,False,存在缺漏,水:存在缺漏——污水处理厂尾水标准已引用，但企业生活污水排口预处理标准（DB44/26-2001第二时段三级标准）缺失，清净下水排放标准未引用。; 大气:存在缺漏——有组织非甲烷总烃（GB31572-2015表4）和厂区内无组织VOCs（DB44/2367-2022表3）标准正确，但臭气浓度标准（GB14554-93）、破碎粉尘无组织颗粒物标准、企业边界标准缺失。; 噪声:存在缺漏——提取文本中未发现噪声排放标准，未引用GB12348-2008，未给出声功能区类别和昼夜限值。; 固体废物:存在缺漏——仅描述处置去向，未引用固废法、GB34330-2017、GB18597-2023、GB18599-2020、国家危险废物名录等控制标准。,,,是,原综合排放标准问答对拆分而来,30份环评_污染物排放控制执行标准复核QA(拆分版),噪声排放标准,存在缺漏,存在缺漏,,未复核,部分充分,有效,部分核验,自动默认,候选池,A_仅待终审,,,,,,,,104,MAP_存在缺漏,存在报告证据，但尚未经人工逐项核验；已列依据来源，但未在本阶段逐条核验,,noise_emission_standard,L2_application,rule_applicability,basis_grounding,report_grounding,high,medium,report_plus_external,True,,auto_default,v1,
2026-07-28,PL021,V01,PL021_佛山市顺德区共诺电子元件厂搬迁项目_01_受理公告或公示版.pdf,佛山市顺德区共诺电子元件厂搬迁项目,PL021_EnvQuality_Q01,大气及地表水环境质量现状数据引用,请根据报告引用的环境质量公报及现状数据，判断大气和地表水环境质量现状数据引用是否准确。,"1、地表水环境质量引用数据不正确，污水处理厂受纳水体与官方登记不一致；
2、项目大气环境质量引用《2023年度佛山市顺德区生态环境状况公报》。环评对大气环境质量分析内容与《2023年度佛山市顺德区生态环境状况公报》中大气环境状况描述一致，报告指出根据2023年顺德区大气环境质量状况公报，O3浓度超过《环境空气质量标准》，与公报中“O3超二级浓度限值”的描述一致。经检索，截至审核日该地区最新的环境状况公报为《2024年度佛山市顺德区生态环境状况公报》，可供参考。
项目地表水环境质量引用《2023年度佛山市顺德区生态环境状况公报》。环评对地表水环境质量分析内容与《2023年度佛山市顺德区生态环境状况公报》中地表水环境状况描述一致。但项目污水处理厂为大门污水处理厂，报告称尾水受纳河道为顺德支流，与官方登记的受纳水体桂洲水道不一致，正确受纳水体应为桂洲水道。",证据位置:大气：报告引用佛环顺函〔2024〕44号《2023年度佛山市顺德区生态环境状况公报》（约第1497-1537行），报告称“根据2023年顺德区的大气环境质量状况公报，O3浓度超过了《环境空气质量标准》”；地表水：报告引用佛环顺函〔2024〕44号（约第1541-1654行），大门污水处理厂尾水排至顺德支流; 大气公报:《2023年度佛山市顺德区生态环境状况公报》; 地表水资料:《2023年度佛山市顺德区生态环境状况公报》,生态环境状况公报知识库; 收纳水体地表水执行标准,2,2,False,不正确,大气:正确; 地表水:不正确; 报告日期:2024,,,是,报告称大门污水处理厂尾水受纳河道为顺德支流（见报告第666、763、1541、1654、1738、1786、2328行等处），但官方登记的大门污水处理厂受纳水体为桂洲水道，受纳水体不一致。大气环境质量引用2023年度公报（佛环顺函〔2024〕44号）在近3年窗口内且分析内容与公报一致，大气判定正确。,30个环评_大气及地表水环境质量现状数据引用复核QA,环境质量数据引用,不正确,待判断,,未复核,部分充分,有效,部分核验,自动默认,候选池,A_仅待终审,,,,,,,,108,MAP_不正确,需人工区分存在错误或存在缺漏；存在报告证据，但尚未经人工逐项核验；已列依据来源，但未在本阶段逐条核验,,environmental_quality_data,L3_analysis,consistency_comparison,evidence_integration,report_grounding；basis_grounding,high,high,report_plus_external,True,,auto_default,v1,
2026-07-27,PL021,V01,PL021_佛山市顺德区共诺电子元件厂搬迁项目_01_受理公告或公示版.pdf,佛山市顺德区共诺电子元件厂搬迁项目,PL021_Emission_水污,污染物排放标准-水污染物排放标准,请根据报告中的废水类型、预处理方式、排放去向、企业排口标准、污水处理厂名称、尾水排放河道和尾水执行标准，判断水污染物排放标准选取是否合理。要求对比：生活污水排放标准+排入污水处理厂名称+尾水排放河道+尾水排放执行标准，报告与知识库是否一致。,"1、水污染物排放标准中生活污水排放执行标准：存在缺漏；
2、水污染物排放标准结论的过程分析内容：存在缺漏。报告提到大门污水处理厂尾水执行《城镇污水处理厂污染物排放标准》（GB18918-2002）一级A标准及《广东省水污染物排放限值》（DB44/26-2001）的较严值，尾水排至顺德支流，与知识库一致。但搬迁后企业生活污水排口执行的预处理标准（DB44/26-2001第二时段三级标准）未在提取文本中明确引用。搬迁前项目生活污水近期经独立处理设施达到GB18918-2002二级标准后排入光华基围涌，搬迁后改为纳管排放，企业排口标准应更新为DB44/26-2001第二时段三级标准。

2、","1、水：""尾水执行《城镇污水处理厂污染物排放标准》（GB18918-2002）一级A标准及《广东省水污染物排放限值》（DB44/26-2001）的较严值。""""生活污水经三级化粪预处理后通过市政管道排入大门污水处理厂处理，尾水排至顺德支流。""",emission-standard-kb.jsonl; DB44/26-2001; DB44/2367-2022; GB31572-2015; GB14554-93; GB12348-2008; GB18597-2023; GB18599-2020,2,2,False,存在缺漏,水:存在缺漏——污水处理厂尾水标准已引用，但搬迁后企业生活污水排口预处理标准（DB44/26-2001第二时段三级标准）未明确。; 大气:存在缺漏——非甲烷总烃有组织（GB31572-2015表4）、无组织（DB44/2367-2022表3）和颗粒物无组织（DB44/27-2001第二时段）标准正确，但臭气浓度标准（GB14554-93）缺失。; 噪声:存在缺漏——提取文本中未发现噪声排放标准，未引用GB12348-2008。; 固体废物:存在缺漏——仅描述处置方式，未引用固废法、GB34330-2017、GB18597-2023、GB18599-2020、国家危险废物名录等控制标准。,,,是,原综合排放标准问答对拆分而来,30份环评_污染物排放控制执行标准复核QA(拆分版),水污染物排放标准,存在缺漏,存在缺漏,,未复核,部分充分,有效,部分核验,自动默认,候选池,A_仅待终审,,,,,,,,109,MAP_存在缺漏,存在报告证据，但尚未经人工逐项核验；已列依据来源，但未在本阶段逐条核验,,water_emission_standard,L3_analysis,rule_applicability,basis_grounding,report_grounding；procedural_reasoning,high,high,report_plus_external,True,,auto_default,v1,
2026-07-27,PL021,V01,PL021_佛山市顺德区共诺电子元件厂搬迁项目_01_受理公告或公示版.pdf,佛山市顺德区共诺电子元件厂搬迁项目,PL021_Emission_噪声,污染物排放标准-噪声排放标准,请根据项目所属声环境功能区类别，判断噪声排放标准选取是否合理。要求总结声功能区类型、厂界执行标准（GB12348-2008）及昼夜限值，并与环评编制内容进行一致性分析。,"1、噪声排放标准中执行标准与排放限值内容：存在缺漏；
2、存在缺漏。提取文本中未发现噪声排放标准章节，未引用GB12348-2008，未给出声功能区类别及昼夜限值。

4、","1、水：""尾水执行《城镇污水处理厂污染物排放标准》（GB18918-2002）一级A标准及《广东省水污染物排放限值》（DB44/26-2001）的较严值。""""生活污水经三级化粪预处理后通过市政管道排入大门污水处理厂处理，尾水排至顺德支流。""
2、大气（现有工程表）：""达到《合成树脂工业污染物排放标准》（GB31572-2015）表4规定的大气污染物排放限值""；""执行广东省《固定污染源挥发性有机物综合排放标准》（DB44/2367-2022）表3厂区内VOCs无组织排放限值""；""达到广东省《大气污染物排放限值》（DB44/27-2001）第二时段""（颗粒物无组织1.0mg/m³）。
3、产污环节表：注塑废气污染因子含""非甲烷总烃""和""臭气浓度""。
4、噪声：提取文本中未发现噪声排放标准。
5、固体废物：""设立固废间1个，面积10m²，用于一般固体废物暂存""""设有危废间1个，面积5m²，危险废物收集暂存于危废间并委托有资质的单位定期处理""，未引用具体标准。",emission-standard-kb.jsonl; DB44/26-2001; DB44/2367-2022; GB31572-2015; GB14554-93; GB12348-2008; GB18597-2023; GB18599-2020,2,2,False,存在缺漏,水:存在缺漏——污水处理厂尾水标准已引用，但搬迁后企业生活污水排口预处理标准（DB44/26-2001第二时段三级标准）未明确。; 大气:存在缺漏——非甲烷总烃有组织（GB31572-2015表4）、无组织（DB44/2367-2022表3）和颗粒物无组织（DB44/27-2001第二时段）标准正确，但臭气浓度标准（GB14554-93）缺失。; 噪声:存在缺漏——提取文本中未发现噪声排放标准，未引用GB12348-2008。; 固体废物:存在缺漏——仅描述处置方式，未引用固废法、GB34330-2017、GB18597-2023、GB18599-2020、国家危险废物名录等控制标准。,,,是,原综合排放标准问答对拆分而来,30份环评_污染物排放控制执行标准复核QA(拆分版),噪声排放标准,存在缺漏,存在缺漏,,未复核,部分充分,有效,部分核验,自动默认,候选池,A_仅待终审,,,,,,,,111,MAP_存在缺漏,存在报告证据，但尚未经人工逐项核验；已列依据来源，但未在本阶段逐条核验,,noise_emission_standard,L2_application,rule_applicability,basis_grounding,report_grounding,high,medium,report_plus_external,True,,auto_default,v1,
2026-07-28,PL022,V01,PL022_佛山市锐拓新材料有限公司新建项目_01_受理公告或公示版.pdf,佛山市锐拓新材料有限公司新建项目,PL022_EnvQuality_Q01,大气及地表水环境质量现状数据引用,请根据报告引用的环境质量公报及现状数据，判断大气和地表水环境质量现状数据引用是否准确。,1、【大气及地表水环境质量引用数据不正确，现状分析与公报不一致】；2、项目大气环境质量引用《2023年度佛山市顺德区生态环境状况公报》。环评对大气环境质量分析内容与《2023年度佛山市顺德区生态环境状况公报》中大气环境状况描述不一致：（1）空气质量综合指数报告写3.27，正确内容应为3.14（3.27为2022年度值）；（2）综合指数变化趋势报告写“比2021年下降6.0%”，正确内容应为“比2022年下降4.0%”；（3）表3-1中CO变化率-13.7%与O3变化率-9.1%互换，正确内容应为CO较2022年下降9.1%、O3较2022年下降13.7%。其余SO2=6、NO2=28、PM10=35、PM2.5=20、O3=164、CO=1.0及不达标区结论与公报一致。经检索，截至审核日该地区最新的环境状况公报为《2024年度佛山市顺德区生态环境状况公报》（佛环顺函〔2025〕12号，2025-04-03发布），可供参考。项目地表水环境质量引用《2023年度佛山市顺德区生态环境状况公报》。环评对地表水环境质量分析内容与《2023年度佛山市顺德区生态环境状况公报》中地表水环境状况描述不一致：报告将“杨滘”断面（Ⅱ类）标注为顺德支流断面，正确内容应为顺德支流对应断面为新涌、飞鹅山（均Ⅲ类），杨滘属顺德水道断面（Ⅱ类）。报告河流-断面张冠李戴且将顺德支流水质类别由Ⅲ类误作Ⅱ类（公报P5-7）。经检索，截至审核日该地区最新的环境状况公报为《2024年度佛山市顺德区生态环境状况公报》（佛环顺函〔2025〕12号，2025-04-03发布），可供参考。,证据位置:大气：Page 26；地表水：Page 27; 大气公报:《2023年佛山市顺德区环境质量状况公报（报告引用名称）》; 地表水资料:《2023年度佛山市顺德区环境质量状况公报（报告引用名称）》,生态环境状况公报知识库; 收纳水体地表水执行标准,2,2,False,需修正,大气:不正确; 地表水:不正确; 报告日期:未明确,,,是,空气质量综合指数：报告写3.27，实为2022年度公报值；2023年度公报综合指数为3.14（公报P2）。；综合指数变化趋势：2023年度公报为“比2022年下降4.0%”，报告误写“比2021年下降6.0%”。；表3-1 CO变化率：报告表3-1将CO变化率标为-13.7%（实为O3变化率），CO应为-9.1%（公报P3）。；表3-1 O3变化率：报告表3-1将O3变化率标为-9.1%（实为CO变化率），O3应为-13.7%（公报P3）。；顺德支流对应断面：杨滘为顺德水道断面（Ⅱ类），非顺德支流断面；顺德支流断面为新涌、飞鹅山（均Ⅲ类）。报告河流-断面张冠李戴，且水质类别由Ⅲ类误作Ⅱ类（公报P5-7）。,30个环评_大气及地表水环境质量现状数据引用复核QA,环境质量数据引用,需修正,待判断,,未复核,部分充分,有效,部分核验,自动默认,候选池,A_仅待终审,,,,,,,,115,MAP_需修正,需人工区分实质问题或表达优化；存在报告证据，但尚未经人工逐项核验；已列依据来源，但未在本阶段逐条核验,,environmental_quality_data,L3_analysis,consistency_comparison,evidence_integration,report_grounding；basis_grounding,high,high,report_plus_external,True,,auto_default,v1,
2026-07-27,PL022,V01,PL022_佛山市锐拓新材料有限公司新建项目_01_受理公告或公示版.pdf,佛山市锐拓新材料有限公司新建项目,PL022_Emission_水污,污染物排放标准-水污染物排放标准,请根据报告中的废水类型、预处理方式、排放去向、企业排口标准、污水处理厂名称、尾水排放河道和尾水执行标准，判断水污染物排放标准选取是否合理。要求对比：生活污水排放标准+排入污水处理厂名称+尾水排放河道+尾水排放执行标准，报告与知识库是否一致。,"1、水污染物排放标准中生活污水排放执行标准：存在缺漏；
2、水污染物排放标准结论的过程分析内容：存在缺漏。报告提到杏坛污水处理厂尾水执行DB44/26-2001第二时段一级标准与GB18918-2002一级A标准的较严者，尾水排至顺德支流，与知识库一致。但企业生活污水排口执行的预处理标准（DB44/26-2001第二时段三级标准）未在提取文本中明确引用。

2、","1、水：""标准的A标准和广东省《水污染物排放限值》（DB44/26-2001）第二时段一级标准的较严者。""""生活污水经三级化粪池预处理后经市政污水管网排入杏坛污水处理厂处理，处理后尾水排入顺德支流。""",emission-standard-kb.jsonl; DB44/26-2001; DB44/2367-2022; GB31572-2015; GB14554-93; GB12348-2008; GB18597-2023; GB18599-2020,2,2,False,存在缺漏,水:存在缺漏——污水处理厂尾水标准已引用，但企业生活污水排口预处理标准（DB44/26-2001第二时段三级标准）未明确。; 大气:存在缺漏——排放标准章节引用GB31572-2015表4，但三线一单管控要求明确应执行表5特别排放限值，二者矛盾；臭气浓度标准（GB14554-93）缺失；企业边界标准缺失。; 噪声:存在缺漏——提取文本中未发现噪声排放标准，功能区划分析提及声环境3类区但未引用GB12348-2008。; 固体废物:存在缺漏——提取文本中未发现固体废物控制标准。,,,是,原综合排放标准问答对拆分而来,30份环评_污染物排放控制执行标准复核QA(拆分版),水污染物排放标准,存在缺漏,存在缺漏,,未复核,部分充分,有效,部分核验,自动默认,候选池,A_仅待终审,,,,,,,,116,MAP_存在缺漏,存在报告证据，但尚未经人工逐项核验；已列依据来源，但未在本阶段逐条核验,,water_emission_standard,L3_analysis,rule_applicability,basis_grounding,report_grounding；procedural_reasoning,high,high,report_plus_external,True,,auto_default,v1,
2026-07-27,PL022,V01,PL022_佛山市锐拓新材料有限公司新建项目_01_受理公告或公示版.pdf,佛山市锐拓新材料有限公司新建项目,PL022_Emission_大气,污染物排放标准-大气污染物排放标准,请根据项目行业类别、生产工艺和污染因子，判断大气污染物排放标准选取是否合理。要求分析：污染源覆盖是否完整（列出所有大气污染源及对应标准），是否存在缺漏的污染源或标准。,"1、污染排放标准分析污染源内容：不完整；
2、大气污染物排放标准分析：存在缺漏，且存在标准表号矛盾。报告排放标准章节引用《合成树脂工业污染物排放标准》（GB31572-2015，含2024年修改单）表4大气污染物排放限值，厂区内VOCs无组织排放引用《挥发性有机物无组织排放控制标准》（GB37822-2019）表A.1特别排放限值。但三线一单管控要求明确写道""挤出等合成树脂加工生产环节和生产设备其执行《合成树脂工业污染物排放标准》（GB31572-2015，含2024年修改单）表5规定的大气污染物特别排放限值""，与排放标准章节引用的表4存在矛盾。若项目所在重点管控区域要求执行特别排放限值，则应使用表5而非表4，此处可能存在标准表号选取错误。此外：（1）臭气浓度标准（GB14554-93）缺失，挤出工序产生臭气浓度但未引用标准；（2）GB37822-2019表A.1特别排放限值（1h平均≤6mg/m³，任意一次≤20mg/m³）与DB44/2367-2022表3限值一致，但报告未同时引用DB44/2367-2022；（3）企业边界大气污染物浓度限值（GB31572-2015表9）缺失。

3、","2、大气（排放标准章节）：""《合成树脂工业污染物排放标准》（GB31572-2015，含2024年修改单）表4大气污染物排放限值；厂区内VOCs无组织排放监控点浓度应符合《挥发性有机物无组织排放控制标准》（GB37822-2019）表A.1规定的特别排放限值。""
3、大气（三线一单管控要求）：""挤出等合成树脂加工生产环节和生产设备其执行《合成树脂工业污染物排放标准》（GB31572-2015，含2024年修改单）表5规定的大气污染物特别排放限值（涉及PVC树脂的不执行）。""
4、噪声：提取文本中未发现噪声排放标准。
5、固体废物：提取文本中未发现固体废物控制标准。",emission-standard-kb.jsonl; DB44/26-2001; DB44/2367-2022; GB31572-2015; GB14554-93; GB12348-2008; GB18597-2023; GB18599-2020,2,2,False,存在缺漏,水:存在缺漏——污水处理厂尾水标准已引用，但企业生活污水排口预处理标准（DB44/26-2001第二时段三级标准）未明确。; 大气:存在缺漏——排放标准章节引用GB31572-2015表4，但三线一单管控要求明确应执行表5特别排放限值，二者矛盾；臭气浓度标准（GB14554-93）缺失；企业边界标准缺失。; 噪声:存在缺漏——提取文本中未发现噪声排放标准，功能区划分析提及声环境3类区但未引用GB12348-2008。; 固体废物:存在缺漏——提取文本中未发现固体废物控制标准。,,,是,原综合排放标准问答对拆分而来,30份环评_污染物排放控制执行标准复核QA(拆分版),大气污染物排放标准,存在缺漏,存在缺漏,,未复核,部分充分,有效,部分核验,自动默认,候选池,A_仅待终审,,,,,,,,117,MAP_存在缺漏,存在报告证据，但尚未经人工逐项核验；已列依据来源，但未在本阶段逐条核验,,air_emission_standard,L3_analysis,multi_evidence_synthesis,basis_grounding,report_grounding；evidence_integration,high,high,report_plus_external,True,,auto_default,v1,
2026-07-27,PL022,V01,PL022_佛山市锐拓新材料有限公司新建项目_01_受理公告或公示版.pdf,佛山市锐拓新材料有限公司新建项目,PL022_Emission_噪声,污染物排放标准-噪声排放标准,请根据项目所属声环境功能区类别，判断噪声排放标准选取是否合理。要求总结声功能区类型、厂界执行标准（GB12348-2008）及昼夜限值，并与环评编制内容进行一致性分析。,"1、噪声排放标准中执行标准与排放限值内容：存在缺漏；
2、存在缺漏。提取文本中未发现噪声排放标准章节，未引用GB12348-2008，未给出声功能区类别及昼夜限值。报告功能区划分析中提到项目所在区域为声环境3类区。

4、","1、水：""标准的A标准和广东省《水污染物排放限值》（DB44/26-2001）第二时段一级标准的较严者。""""生活污水经三级化粪池预处理后经市政污水管网排入杏坛污水处理厂处理，处理后尾水排入顺德支流。""
2、大气（排放标准章节）：""《合成树脂工业污染物排放标准》（GB31572-2015，含2024年修改单）表4大气污染物排放限值；厂区内VOCs无组织排放监控点浓度应符合《挥发性有机物无组织排放控制标准》（GB37822-2019）表A.1规定的特别排放限值。""
3、大气（三线一单管控要求）：""挤出等合成树脂加工生产环节和生产设备其执行《合成树脂工业污染物排放标准》（GB31572-2015，含2024年修改单）表5规定的大气污染物特别排放限值（涉及PVC树脂的不执行）。""
4、噪声：提取文本中未发现噪声排放标准。
5、固体废物：提取文本中未发现固体废物控制标准。",emission-standard-kb.jsonl; DB44/26-2001; DB44/2367-2022; GB31572-2015; GB14554-93; GB12348-2008; GB18597-2023; GB18599-2020,2,2,False,存在缺漏,水:存在缺漏——污水处理厂尾水标准已引用，但企业生活污水排口预处理标准（DB44/26-2001第二时段三级标准）未明确。; 大气:存在缺漏——排放标准章节引用GB31572-2015表4，但三线一单管控要求明确应执行表5特别排放限值，二者矛盾；臭气浓度标准（GB14554-93）缺失；企业边界标准缺失。; 噪声:存在缺漏——提取文本中未发现噪声排放标准，功能区划分析提及声环境3类区但未引用GB12348-2008。; 固体废物:存在缺漏——提取文本中未发现固体废物控制标准。,,,是,原综合排放标准问答对拆分而来,30份环评_污染物排放控制执行标准复核QA(拆分版),噪声排放标准,存在缺漏,存在缺漏,,未复核,部分充分,有效,部分核验,自动默认,候选池,A_仅待终审,,,,,,,,118,MAP_存在缺漏,存在报告证据，但尚未经人工逐项核验；已列依据来源，但未在本阶段逐条核验,,noise_emission_standard,L2_application,rule_applicability,basis_grounding,report_grounding,high,medium,report_plus_external,True,,auto_default,v1,
2026-07-28,PL023,V01,PL023_佛山市通能达科技有限公司新建项目_01_受理公告或公示版.pdf,佛山市通能达科技有限公司新建项目,PL023_EnvQuality_Q01,大气及地表水环境质量现状数据引用,请根据报告引用的环境质量公报及现状数据，判断大气和地表水环境质量现状数据引用是否准确。,"1、地表水环境质量引用数据不正确，污水处理厂受纳水体及执行标准与官方登记不一致；
2、项目大气环境质量引用《2023年度佛山市顺德区生态环境状况公报》。环评对大气环境质量分析内容与《2023年度佛山市顺德区生态环境状况公报》中大气环境状况描述一致。经检索，截至审核日该地区最新的环境状况公报为《2024年度佛山市顺德区生态环境状况公报》，可供参考。
项目地表水环境质量引用《2023年度佛山市顺德区生态环境状况公报》。环评对地表水环境质量分析内容与《2023年度佛山市顺德区生态环境状况公报》中地表水环境状况描述一致。但项目污水处理厂为杏坛污水处理厂，报告称尾水受纳河道为顺德支流、执行III类标准，与官方登记的受纳水体顺德水道（执行II类标准）不一致，正确受纳水体应为顺德水道，执行标准应为II类。",证据位置:大气：报告引用佛顺环函〔2024〕44号《2023年度佛山市顺德区生态环境质量状况公报》（约第2609-2668行）；地表水：报告引用佛顺环函〔2024〕44号（约第2688-2694行），杏坛污水处理厂尾水排入顺德支流; 大气公报:《2023年度佛山市顺德区生态环境状况公报》; 地表水资料:《2023年度佛山市顺德区生态环境状况公报》,生态环境状况公报知识库; 收纳水体地表水执行标准,2,2,False,不正确,大气:正确; 地表水:不正确; 报告日期:2024,,,是,报告称杏坛污水处理厂尾水受纳河道为顺德支流（见报告第1876、2304、2689、2893、3994行等处），但官方登记的杏坛污水处理厂受纳水体为顺德水道（执行II类标准），受纳水体及执行标准均不一致。报告将顺德支流（III类）误作杏坛污水处理厂受纳水体，导致执行标准亦错误（应为II类）。大气环境质量引用2023年度公报（佛顺环函〔2024〕44号）在近3年窗口内且分析内容与公报一致，大气判定正确。,30个环评_大气及地表水环境质量现状数据引用复核QA,环境质量数据引用,不正确,待判断,,未复核,部分充分,有效,部分核验,自动默认,候选池,A_仅待终审,,,,,,,,122,MAP_不正确,需人工区分存在错误或存在缺漏；存在报告证据，但尚未经人工逐项核验；已列依据来源，但未在本阶段逐条核验,,environmental_quality_data,L3_analysis,consistency_comparison,evidence_integration,report_grounding；basis_grounding,high,high,report_plus_external,True,,auto_default,v1,
2026-07-27,PL023,V01,PL023_佛山市通能达科技有限公司新建项目_01_受理公告或公示版.pdf,佛山市通能达科技有限公司新建项目,PL023_Emission_大气,污染物排放标准-大气污染物排放标准,请根据项目行业类别、生产工艺和污染因子，判断大气污染物排放标准选取是否合理。要求分析：污染源覆盖是否完整（列出所有大气污染源及对应标准），是否存在缺漏的污染源或标准。,"1、污染排放标准分析污染源内容：不完整；
2、大气污染物排放标准分析：存在缺漏。有组织非甲烷总烃引用《合成树脂工业污染物排放标准》（GB31572-2015，含2024年修改单）表4大气污染物排放限值（100mg/m³），适用于车间或生产设施排气筒，标准选取正确。厂区内无组织排放引用DB44/2367-2022表3厂区内VOCs无组织排放限值（1h平均≤6mg/m³，任意一次≤20mg/m³），与知识库一致。但存在以下缺漏：（1）臭气浓度为注塑工序产污因子，但报告未引用《恶臭污染物排放标准》（GB14554-93）表2排气筒排放标准值（45m排气筒应介于35m和50m之间，取35m对应限值15000无量纲）和表1厂界二级标准值（新扩改建≤20无量纲）；（2）企业边界大气污染物浓度限值（GB31572-2015表9，非甲烷总烃≤4mg/m³）未引用。

3、","2、大气：""执行《合成树脂工业污染物排放标准》（GB31572-2015，含2024年修改单）表4大气污染物排放限值；本项目厂区内无组织排放监控点NMHC的小时平均浓度值执行广东省《固定污染源挥发性有机物综合排放标准》（DB44/2367-2022）表3厂区内VOCs无组织排放限值。""",emission-standard-kb.jsonl; DB44/26-2001; DB44/2367-2022; GB31572-2015; GB14554-93; GB12348-2008; GB18597-2023; GB18599-2020,2,2,False,存在缺漏,水:无误——企业排口标准（DB44/26-2001第二时段三级标准）和污水处理厂尾水标准（GB18918-2002一级A及DB44/26-2001第二时段一级标准较严值）均明确引用，与知识库一致。; 大气:存在缺漏——有组织非甲烷总烃（GB31572-2015表4）和厂区内无组织VOCs（DB44/2367-2022表3）标准正确，但臭气浓度标准（GB14554-93）和企业边界标准（GB31572-2015表9）缺失。; 噪声:存在缺漏——声环境3类区已有依据，但排放标准章节未明确引用GB12348-2008及昼夜限值（昼65/夜55dB(A)）。; 固体废物:存在缺漏——提取文本中未发现固体废物控制标准。,,,是,原综合排放标准问答对拆分而来,30份环评_污染物排放控制执行标准复核QA(拆分版),大气污染物排放标准,存在缺漏,存在缺漏,,未复核,部分充分,有效,部分核验,自动默认,候选池,A_仅待终审,,,,,,,,124,MAP_存在缺漏,存在报告证据，但尚未经人工逐项核验；已列依据来源，但未在本阶段逐条核验,,air_emission_standard,L3_analysis,multi_evidence_synthesis,basis_grounding,report_grounding；evidence_integration,high,high,report_plus_external,True,,auto_default,v1,
2026-07-27,PL023,V01,PL023_佛山市通能达科技有限公司新建项目_01_受理公告或公示版.pdf,佛山市通能达科技有限公司新建项目,PL023_Emission_噪声,污染物排放标准-噪声排放标准,请根据项目所属声环境功能区类别，判断噪声排放标准选取是否合理。要求总结声功能区类型、厂界执行标准（GB12348-2008）及昼夜限值，并与环评编制内容进行一致性分析。,"1、噪声排放标准中执行标准与排放限值内容：存在缺漏；
2、存在缺漏。报告功能区划分析中明确项目所在区域为声环境3类区，但提取文本中未发现排放标准章节明确引用《工业企业厂界环境噪声排放标准》（GB12348-2008）及昼夜限值（3类：昼间65dB(A)、夜间55dB(A)）。声功能区类别已有依据，但排放标准引用缺失。

4、","3、噪声：""项目所在地区位于3321杏坛东部工业区片区，所在区域为声环境3类区""，但提取文本中未发现GB12348-2008引用及昼夜限值。
4、固体废物：提取文本中未发现固体废物控制标准。",emission-standard-kb.jsonl; DB44/26-2001; DB44/2367-2022; GB31572-2015; GB14554-93; GB12348-2008; GB18597-2023; GB18599-2020,2,2,False,存在缺漏,水:无误——企业排口标准（DB44/26-2001第二时段三级标准）和污水处理厂尾水标准（GB18918-2002一级A及DB44/26-2001第二时段一级标准较严值）均明确引用，与知识库一致。; 大气:存在缺漏——有组织非甲烷总烃（GB31572-2015表4）和厂区内无组织VOCs（DB44/2367-2022表3）标准正确，但臭气浓度标准（GB14554-93）和企业边界标准（GB31572-2015表9）缺失。; 噪声:存在缺漏——声环境3类区已有依据，但排放标准章节未明确引用GB12348-2008及昼夜限值（昼65/夜55dB(A)）。; 固体废物:存在缺漏——提取文本中未发现固体废物控制标准。,,,是,原综合排放标准问答对拆分而来,30份环评_污染物排放控制执行标准复核QA(拆分版),噪声排放标准,存在缺漏,存在缺漏,,未复核,部分充分,有效,部分核验,自动默认,候选池,A_仅待终审,,,,,,,,125,MAP_存在缺漏,存在报告证据，但尚未经人工逐项核验；已列依据来源，但未在本阶段逐条核验,,noise_emission_standard,L2_application,rule_applicability,basis_grounding,report_grounding,high,medium,report_plus_external,True,,auto_default,v1,
2026-07-28,PL025,V01,PL025_佛山市巨人电器有限公司新建项目_01_受理公告或公示版.pdf,佛山市巨人电器有限公司新建项目,PL025_EnvQuality_Q01,大气及地表水环境质量现状数据引用,请根据报告引用的环境质量公报及现状数据，判断大气和地表水环境质量现状数据引用是否准确。,"1、地表水环境质量引用数据不正确，污水处理厂受纳水体与官方登记不一致；
2、项目大气环境质量引用《2023年度佛山市顺德区生态环境状况公报》（佛环顺函〔2024〕44号）。环评对大气环境质量分析内容与《2023年度佛山市顺德区生态环境状况公报》中大气环境状况描述一致，均表明2023年六项污染物指标中臭氧（O3）浓度超标，SO2、NO2、PM10、PM2.5、CO五项污染物年评价浓度符合二级浓度限值。经检索，截至审核日该地区最新的环境状况公报为《2024年度佛山市顺德区生态环境状况公报》，可供参考。
项目地表水环境质量引用《2023年度佛山市顺德区生态环境状况公报》（佛环顺函〔2024〕44号）。环评对地表水环境质量分析内容引用了2023年度公报数据。但项目污水处理厂（大门污水处理厂）尾水受纳河道报告中写为“顺德支流”，与官方登记的受纳水体“桂洲水道”不一致，存在实质差异。",证据位置:大气：env_text第1866行，‘根据2023年全区的大气环境质量状况公报，六项污染物指标中臭氧浓度超标，其余...’；地表水：env_text第1874行，‘顺德区生态环境状况公报>的通知》（佛环顺函〔2024〕44号），2023年全区地表水环境...’，第1927行，‘尾水排放至顺德支流’; 大气公报:《2023年度佛山市顺德区生态环境状况公报》（佛环顺函〔2024〕44号）; 地表水资料:《2023年度佛山市顺德区生态环境状况公报》（佛环顺函〔2024〕44号）,生态环境状况公报知识库; 收纳水体地表水执行标准,2,2,False,不正确,大气:正确; 地表水:不正确; 报告日期:2024,,,是,大门污水处理厂尾水受纳河道报告中多处写为“顺德支流”（第141、1927、1973行），与知识库中官方登记的受纳水体“桂洲水道”不一致，存在实质差异。,30个环评_大气及地表水环境质量现状数据引用复核QA,环境质量数据引用,不正确,待判断,,未复核,部分充分,有效,部分核验,自动默认,候选池,A_仅待终审,,,,,,,,129,MAP_不正确,需人工区分存在错误或存在缺漏；存在报告证据，但尚未经人工逐项核验；已列依据来源，但未在本阶段逐条核验,,environmental_quality_data,L3_analysis,consistency_comparison,evidence_integration,report_grounding；basis_grounding,high,high,report_plus_external,True,,auto_default,v1,
2026-07-27,PL025,V01,PL025_佛山市巨人电器有限公司新建项目_01_受理公告或公示版.pdf,佛山市巨人电器有限公司新建项目,PL025_Emission_水污,污染物排放标准-水污染物排放标准,请根据报告中的废水类型、预处理方式、排放去向、企业排口标准、污水处理厂名称、尾水排放河道和尾水执行标准，判断水污染物排放标准选取是否合理。要求对比：生活污水排放标准+排入污水处理厂名称+尾水排放河道+尾水排放执行标准，报告与知识库是否一致。,"1、水污染物排放标准中生活污水排放执行标准：存在缺漏；
2、水污染物排放标准结论的过程分析内容：存在缺漏。报告提到大门污水处理厂尾水执行《城镇污水处理厂污染物排放标准》（GB18918-2002）一级A标准及《广东省水污染物排放限值》（DB44/26-2001）的较严值，与知识库一致。但企业生活污水排口执行的预处理标准（DB44/26-2001第二时段三级标准，COD≤500mg/L、BOD5≤300mg/L、SS≤400mg/L）未在提取文本中明确引用。循环冷却水作为清净下水通过雨水管网排放，亦未引用相关标准。

2、","1、水：""《城镇污水处理厂污染物排放标准》（GB18918-2002）一级A标准及《广东省水污染物排放限值》（DB44/26-2001）的较严值。""""生活污水经三级化粪池处理后排入大门污水处理厂；循环冷却水通过市政雨水管网排放。""",emission-standard-kb.jsonl; DB44/26-2001; DB44/2367-2022; GB31572-2015; GB14554-93; GB12348-2008; GB18597-2023; GB18599-2020,2,2,False,存在缺漏,水:存在缺漏——污水处理厂尾水标准已引用，但企业生活污水排口预处理标准（DB44/26-2001第二时段三级标准）未明确，清净下水排放标准未引用。; 大气:存在缺漏——有组织非甲烷总烃（GB31572-2015表4）和厂区内无组织VOCs（DB44/2367-2022表3）标准正确，但臭气浓度标准（GB14554-93）、破碎粉尘无组织颗粒物标准、企业边界标准缺失。; 噪声:存在缺漏——提取文本中未发现噪声排放标准，未引用GB12348-2008。; 固体废物:存在缺漏——仅描述处置方式，未引用固废法、GB34330-2017、GB18597-2023、GB18599-2020、国家危险废物名录等控制标准。,,,是,原综合排放标准问答对拆分而来,30份环评_污染物排放控制执行标准复核QA(拆分版),水污染物排放标准,存在缺漏,存在缺漏,,未复核,部分充分,有效,部分核验,自动默认,候选池,A_仅待终审,,,,,,,,130,MAP_存在缺漏,存在报告证据，但尚未经人工逐项核验；已列依据来源，但未在本阶段逐条核验,,water_emission_standard,L3_analysis,rule_applicability,basis_grounding,report_grounding；procedural_reasoning,high,high,report_plus_external,True,,auto_default,v1,
2026-07-27,PL025,V01,PL025_佛山市巨人电器有限公司新建项目_01_受理公告或公示版.pdf,佛山市巨人电器有限公司新建项目,PL025_Emission_大气,污染物排放标准-大气污染物排放标准,请根据项目行业类别、生产工艺和污染因子，判断大气污染物排放标准选取是否合理。要求分析：污染源覆盖是否完整（列出所有大气污染源及对应标准），是否存在缺漏的污染源或标准。,"1、污染排放标准分析污染源内容：不完整；
2、大气污染物排放标准分析：存在缺漏。有组织非甲烷总烃引用《合成树脂工业污染物排放标准》（GB31572-2015，含2024年修改单）表4大气污染物排放标准（100mg/m³），适用于车间或生产设施排气筒，标准选取正确。厂区内无组织排放引用DB44/2367-2022表3厂区内VOCs无组织排放限值，与知识库一致。但存在以下缺漏：（1）臭气浓度为注塑工序产污因子，但报告未引用《恶臭污染物排放标准》（GB14554-93）表2排气筒排放标准值（28m排气筒介于25m和35m之间，取25m对应限值6000无量纲）和表1厂界二级标准值（新扩改建≤20无量纲）；（2）破碎和混料粉尘以无组织形式排放，但排放标准章节未明确引用DB44/27-2001第二时段无组织排放监控浓度限值（仅在政策相符性分析表中提及DB44/27-2001第Ⅱ时段）；（3）企业边界大气污染物浓度限值（GB31572-2015表9）未引用。

3、","2、大气：""有机废气排气筒的非甲烷总烃排放达到《合成树脂工业污染物排放标准》（GB31572-2015，含2024年修改单）中表4大气污染物排放标准；厂区内无组织排放监控点NMHC达到广东省《固定污染源挥发性有机物综合排放标准》（DB44/2367-2022）表3厂区内VOCs无组织排放限值。""政策相符性表提及""有机废气排气筒排放浓度不高于广东省《大气污染物排放限值》（DB4427-2001）第Ⅱ时段排放限值""。",emission-standard-kb.jsonl; DB44/26-2001; DB44/2367-2022; GB31572-2015; GB14554-93; GB12348-2008; GB18597-2023; GB18599-2020,2,2,False,存在缺漏,水:存在缺漏——污水处理厂尾水标准已引用，但企业生活污水排口预处理标准（DB44/26-2001第二时段三级标准）未明确，清净下水排放标准未引用。; 大气:存在缺漏——有组织非甲烷总烃（GB31572-2015表4）和厂区内无组织VOCs（DB44/2367-2022表3）标准正确，但臭气浓度标准（GB14554-93）、破碎粉尘无组织颗粒物标准、企业边界标准缺失。; 噪声:存在缺漏——提取文本中未发现噪声排放标准，未引用GB12348-2008。; 固体废物:存在缺漏——仅描述处置方式，未引用固废法、GB34330-2017、GB18597-2023、GB18599-2020、国家危险废物名录等控制标准。,,,是,原综合排放标准问答对拆分而来,30份环评_污染物排放控制执行标准复核QA(拆分版),大气污染物排放标准,存在缺漏,存在缺漏,,未复核,部分充分,有效,部分核验,自动默认,候选池,A_仅待终审,,,,,,,,131,MAP_存在缺漏,存在报告证据，但尚未经人工逐项核验；已列依据来源，但未在本阶段逐条核验,,air_emission_standard,L3_analysis,multi_evidence_synthesis,basis_grounding,report_grounding；evidence_integration,high,high,report_plus_external,True,,auto_default,v1,
2026-07-27,PL025,V01,PL025_佛山市巨人电器有限公司新建项目_01_受理公告或公示版.pdf,佛山市巨人电器有限公司新建项目,PL025_Emission_噪声,污染物排放标准-噪声排放标准,请根据项目所属声环境功能区类别，判断噪声排放标准选取是否合理。要求总结声功能区类型、厂界执行标准（GB12348-2008）及昼夜限值，并与环评编制内容进行一致性分析。,"1、噪声排放标准中执行标准与排放限值内容：存在缺漏；
2、存在缺漏。提取文本中未发现噪声排放标准章节，未引用GB12348-2008，未给出声功能区类别及昼夜限值。

4、","3、噪声：提取文本中未发现噪声排放标准。
4、固体废物：""一般工业固废间位于厂房一层，面积约5m²，一般工业固废由专业回收公司回收处理。""""危险废物暂存危废间位于厂房一层，面积约5m²，定期交由相关资质单位进行处理。""未引用具体标准。",emission-standard-kb.jsonl; DB44/26-2001; DB44/2367-2022; GB31572-2015; GB14554-93; GB12348-2008; GB18597-2023; GB18599-2020,2,2,False,存在缺漏,水:存在缺漏——污水处理厂尾水标准已引用，但企业生活污水排口预处理标准（DB44/26-2001第二时段三级标准）未明确，清净下水排放标准未引用。; 大气:存在缺漏——有组织非甲烷总烃（GB31572-2015表4）和厂区内无组织VOCs（DB44/2367-2022表3）标准正确，但臭气浓度标准（GB14554-93）、破碎粉尘无组织颗粒物标准、企业边界标准缺失。; 噪声:存在缺漏——提取文本中未发现噪声排放标准，未引用GB12348-2008。; 固体废物:存在缺漏——仅描述处置方式，未引用固废法、GB34330-2017、GB18597-2023、GB18599-2020、国家危险废物名录等控制标准。,,,是,原综合排放标准问答对拆分而来,30份环评_污染物排放控制执行标准复核QA(拆分版),噪声排放标准,存在缺漏,存在缺漏,,未复核,部分充分,有效,部分核验,自动默认,候选池,A_仅待终审,,,,,,,,132,MAP_存在缺漏,存在报告证据，但尚未经人工逐项核验；已列依据来源，但未在本阶段逐条核验,,noise_emission_standard,L2_application,rule_applicability,basis_grounding,report_grounding,high,medium,report_plus_external,True,,auto_default,v1,
2026-07-28,PL026,V01,PL026_佛山市黑曜电器科技有限公司新建项目_01_报批稿或报告表.pdf,佛山市黑曜电器科技有限公司新建项目,PL026_EnvQuality_Q01,大气及地表水环境质量现状数据引用,请根据报告引用的环境质量公报及现状数据，判断大气和地表水环境质量现状数据引用是否准确。,1、【大气及地表水环境质量引用数据不正确，现状分析与公报不一致】；2、项目大气环境质量引用《2023年度佛山市顺德区生态环境状况公报》。环评对大气环境质量分析内容与《2023年度佛山市顺德区生态环境状况公报》中大气环境状况描述一致（SO2=6、NO2=28、PM10=35、PM2.5=20μg/m³，O3=164μg/m³，CO=1.0mg/m³，五项达标、O3超标、不达标区）。经检索，截至审核日该地区最新的环境状况公报为《2024年度佛山市顺德区生态环境状况公报》（佛环顺函〔2025〕12号，2025-04-03发布），可供参考。项目地表水环境质量引用《2023年度佛山市顺德区生态环境状况公报》。环评对地表水环境质量分析内容与《2023年度佛山市顺德区生态环境状况公报》中地表水环境状况描述不一致：报告将“细滘大桥”断面标注为桂洲水道断面，正确内容应为细滘大桥属鸡鸦水道断面（Ⅱ类），桂州水道对应断面为南头大桥（Ⅱ类）。报告河流-断面张冠李戴（公报P5-7）；虽两断面水质类别均为Ⅱ类、结论（符合Ⅲ类）未失真，但河流-断面对应关系错误。经检索，截至审核日该地区最新的环境状况公报为《2024年度佛山市顺德区生态环境状况公报》（佛环顺函〔2025〕12号，2025-04-03发布），可供参考。,证据位置:大气：Page 33-34；地表水：Page 34; 大气公报:《2023年度佛山市顺德区生态环境状况公报》; 地表水资料:《2023年度佛山市顺德区生态环境状况公报》,生态环境状况公报知识库; 收纳水体地表水执行标准,2,2,False,需修正,大气:正确; 地表水:不正确; 报告日期:未明确,,,是,桂洲水道对应断面：细滘大桥为鸡鸦水道断面（Ⅱ类），非桂洲(州)水道断面；桂州水道对应断面为南头大桥（Ⅱ类）。报告河流-断面张冠李戴（公报P5-7）。,30个环评_大气及地表水环境质量现状数据引用复核QA,环境质量数据引用,需修正,待判断,,未复核,部分充分,有效,部分核验,自动默认,候选池,A_仅待终审,,,,,,,,136,MAP_需修正,需人工区分实质问题或表达优化；存在报告证据，但尚未经人工逐项核验；已列依据来源，但未在本阶段逐条核验,,environmental_quality_data,L3_analysis,consistency_comparison,evidence_integration,report_grounding；basis_grounding,high,high,report_plus_external,True,,auto_default,v1,
2026-07-27,PL026,V01,PL026_佛山市黑曜电器科技有限公司新建项目_01_报批稿或报告表.pdf,佛山市黑曜电器科技有限公司新建项目,PL026_Emission_噪声,污染物排放标准-噪声排放标准,请根据项目所属声环境功能区类别，判断噪声排放标准选取是否合理。要求总结声功能区类型、厂界执行标准（GB12348-2008）及昼夜限值，并与环评编制内容进行一致性分析。,"1、噪声排放标准中执行标准与排放限值内容：存在缺漏；
2、存在缺漏。报告在环境质量现状章节提到项目位于声环境2类功能区，但提取文本中未发现排放标准章节明确引用《工业企业厂界环境噪声排放标准》（GB12348-2008）及昼夜限值（2类：昼间60dB(A)、夜间50dB(A)）。声功能区类别已有依据，但排放标准引用和限值填写缺失。

4、","3、噪声：""项目位于声环境2类功能区""，但提取文本中未发现GB12348-2008引用及昼夜限值。
4、固体废物：""生活垃圾集中堆放，委托环卫部门及时清运处置；一般工业固废进行统一收集后外售；危险废物经收集后委托有资质单位进行处理，厂区设有一5m²危废仓库，并做好三防处理。""未引用具体标准编号。",emission-standard-kb.jsonl; DB44/26-2001; DB44/2367-2022; GB31572-2015; GB14554-93; GB12348-2008; GB18597-2023; GB18599-2020,2,2,False,存在缺漏,水:无误——企业排口标准（DB44/26-2001第二时段三级标准）和污水处理厂尾水标准（GB18918-2002一级A及DB44/26-2001第二时段一级标准较严值）均明确引用，限值表完整，与知识库一致。; 大气:无误——有组织非甲烷总烃（GB31572-2015表4，100mg/m³）、臭气浓度（GB14554-93表2≤40000无量纲/表1厂界≤20无量纲）、厂区内无组织VOCs（DB44/2367-2022表3）、颗粒物无组织（DB44/27-2001第二时段）四类污染源标准均完整引用，与知识库一致。; 噪声:存在缺漏——声环境2类功能区已有依据，但排放标准章节未明确引用GB12348-2008及昼夜限值（昼60/夜50dB(A)）。; 固体废物:存在缺漏——提取文本中未发现固体废物控制标准，未引用固废法、GB34330-2017、GB18597-2023、GB18599-2020、国家危险废物名录等。,,,是,原综合排放标准问答对拆分而来,30份环评_污染物排放控制执行标准复核QA(拆分版),噪声排放标准,存在缺漏,存在缺漏,,未复核,部分充分,有效,部分核验,自动默认,候选池,A_仅待终审,,,,,,,,139,MAP_存在缺漏,存在报告证据，但尚未经人工逐项核验；已列依据来源，但未在本阶段逐条核验,,noise_emission_standard,L2_application,rule_applicability,basis_grounding,report_grounding,high,medium,report_plus_external,True,,auto_default,v1,
2026-07-28,PL027,V01,PL027_佛山市天隆通塑料制品有限公司新建项目_01_受理公告或公示版.pdf,佛山市天隆通塑料制品有限公司新建项目,PL027_EnvQuality_Q01,大气及地表水环境质量现状数据引用,请根据报告引用的环境质量公报及现状数据，判断大气和地表水环境质量现状数据引用是否准确。,"1、大气及地表水环境质量引用数据正确；
2、项目大气环境质量引用《2023年度佛山市顺德区生态环境状况公报》（报告中称为“2023年度佛山市顺德区环境质量状况公报”）。环评对大气环境质量分析内容与《2023年度佛山市顺德区生态环境状况公报》中大气环境状况描述一致，报告中引用了2023年度和2022年度公报数据进行对比分析，数据年份在近3年度窗口内。经检索，截至审核日该地区最新的环境状况公报为《2024年度佛山市顺德区生态环境状况公报》，可供参考。
项目地表水环境质量引用《2023年度佛山市顺德区生态环境状况公报》（报告中称为“2023年度佛山市顺德区环境质量状况公报”）。环评对地表水环境质量分析内容与《2023年度佛山市顺德区生态环境状况公报》中地表水环境状况描述一致。项目污水处理厂尾水受纳河道为顺德支流（勒流污水处理厂），与官方登记一致。",证据位置:大气：env_text第2269行，‘根据《2023年度顺德区环境质量状况公报》中的数据和结论...’，第2266行，‘2023年公报与2022年公报中的环境空气质量统计分析数据均采用实况数据’；地表水：env_text第2377行，‘根据佛山市生态环境局顺德分局关于发布2023年度佛山市顺德区环境质量状况公报...’，第2373行，‘尾水排入顺德支...’; 大气公报:《2023年度佛山市顺德区生态环境状况公报》（报告中称为“2023年度佛山市顺德区环境质量状况公报”）; 地表水资料:《2023年度佛山市顺德区生态环境状况公报》（报告中称为“2023年度佛山市顺德区环境质量状况公报”）,生态环境状况公报知识库; 收纳水体地表水执行标准,2,2,False,正确,大气:正确; 地表水:正确; 报告日期:2024,,,是,报告中公报名称使用“环境质量状况公报”而非官方“生态环境状况公报”，存在轻微命名差异，但数据引用年度（2023年度）正确，分析内容与公报一致，勒流污水处理厂尾水受纳河道（顺德支流）与官方登记一致。,30个环评_大气及地表水环境质量现状数据引用复核QA,环境质量数据引用,正确,无误,,未复核,部分充分,有效,部分核验,自动默认,候选池,A_仅待终审,,,,,,,,143,MAP_正确,存在报告证据，但尚未经人工逐项核验；已列依据来源，但未在本阶段逐条核验,,environmental_quality_data,L3_analysis,consistency_comparison,evidence_integration,report_grounding；basis_grounding,high,high,report_plus_external,True,,auto_default,v1,
2026-07-27,PL027,V01,PL027_佛山市天隆通塑料制品有限公司新建项目_01_受理公告或公示版.pdf,佛山市天隆通塑料制品有限公司新建项目,PL027_Emission_水污,污染物排放标准-水污染物排放标准,请根据报告中的废水类型、预处理方式、排放去向、企业排口标准、污水处理厂名称、尾水排放河道和尾水执行标准，判断水污染物排放标准选取是否合理。要求对比：生活污水排放标准+排入污水处理厂名称+尾水排放河道+尾水排放执行标准，报告与知识库是否一致。,"1、水污染物排放标准中生活污水排放执行标准：存在缺漏；
2、水污染物排放标准结论的过程分析内容：报告提及勒流污水处理厂尾水执行《城镇污水处理厂污染物排放标准》（GB18918-2002）一级A标准及《广东省水污染物排放限值》（DB44/26-2001）的较严值，生活污水经三级化粪池预处理后排入勒流污水处理厂，生产废水经自建废水处理站处理后排入勒流污水处理厂。但报告未明确列出生活污水经三级化粪池预处理后应执行的标准（应为DB44/26-2001第二时段三级标准），也未列出生产废水预处理执行的标准。预处理标准缺失，存在缺漏。

2.","水标准片段：「尾水应执行《城镇污水处理厂污染物排放标准》（GB18918-2002）一级A 标准及《广东省水污染物排放限值》（DB44/26-2001）的较严值。」「本项目生活污水经三级化粪池预处理后排入勒流污水处理厂；生产废水经自建的废水处理站处理后排入勒流污水处理厂。」
2.",emission-standard-kb.jsonl; DB44/26-2001; DB44/2367-2022; GB31572-2015; GB14554-93; GB12348-2008; GB18597-2023; GB18599-2020,2,2,False,存在缺漏,水:存在缺漏——污水处理厂尾水标准已提及，但生活污水和生产废水预处理标准（DB44/26-2001第二时段三级标准）未明确列出; 大气:存在缺漏——仅提及DB44/2367-2022标准名称，未结构化列出各污染因子执行标准及限值，未明确引用GB31572-2015、GB14554-93、DB44/27-2001等; 噪声:存在缺漏——全文未提及GB12348-2008或任何噪声排放标准; 固体废物:存在缺漏——全文未引用GB18597-2023、GB18599-2020、GB34330-2017等固废控制标准,,,是,原综合排放标准问答对拆分而来,30份环评_污染物排放控制执行标准复核QA(拆分版),水污染物排放标准,存在缺漏,存在缺漏,,未复核,部分充分,有效,部分核验,自动默认,候选池,A_仅待终审,,,,,,,,144,MAP_存在缺漏,存在报告证据，但尚未经人工逐项核验；已列依据来源，但未在本阶段逐条核验,,water_emission_standard,L3_analysis,rule_applicability,basis_grounding,report_grounding；procedural_reasoning,high,high,report_plus_external,True,,auto_default,v1,
2026-07-27,PL027,V01,PL027_佛山市天隆通塑料制品有限公司新建项目_01_受理公告或公示版.pdf,佛山市天隆通塑料制品有限公司新建项目,PL027_Emission_大气,污染物排放标准-大气污染物排放标准,请根据项目行业类别、生产工艺和污染因子，判断大气污染物排放标准选取是否合理。要求分析：污染源覆盖是否完整（列出所有大气污染源及对应标准），是否存在缺漏的污染源或标准。,"1、污染排放标准分析污染源内容：不完整；
2、大气污染物排放标准分析：报告在政策相符性分析中提及《固定污染源挥发性有机物综合排放标准》（DB44/2367-2022），有机废气经活性炭吸附装置处理后通过55米排气筒G1排放，初始排放速率0.171kg/h小于3kg/h。但报告未以结构化方式明确列出各污染因子的执行标准名称、标准号及具体限值。对于PU发泡工艺产生的有机废气，应明确引用DB44/2367-2022的具体限值，并考虑是否适用GB31572-2015（合成树脂工业标准）、GB14554-93（恶臭污染物排放标准）等标准。报告未完整列出大气排放标准体系，存在缺漏。

3.","大气标准片段：「灌注、发泡熟化成型经收集后通过‘活性炭吸附装置’处理后通过55 米排气筒G1 排放」「项目产生的有机废气初始排放速率为0.171kg/h，小于3kg/h，项目设置活性炭吸附装置处理有机废气，处理效率为50%。」
3.",emission-standard-kb.jsonl; DB44/26-2001; DB44/2367-2022; GB31572-2015; GB14554-93; GB12348-2008; GB18597-2023; GB18599-2020,2,2,False,存在缺漏,水:存在缺漏——污水处理厂尾水标准已提及，但生活污水和生产废水预处理标准（DB44/26-2001第二时段三级标准）未明确列出; 大气:存在缺漏——仅提及DB44/2367-2022标准名称，未结构化列出各污染因子执行标准及限值，未明确引用GB31572-2015、GB14554-93、DB44/27-2001等; 噪声:存在缺漏——全文未提及GB12348-2008或任何噪声排放标准; 固体废物:存在缺漏——全文未引用GB18597-2023、GB18599-2020、GB34330-2017等固废控制标准,,,是,原综合排放标准问答对拆分而来,30份环评_污染物排放控制执行标准复核QA(拆分版),大气污染物排放标准,存在缺漏,存在缺漏,,未复核,部分充分,有效,部分核验,自动默认,候选池,A_仅待终审,,,,,,,,145,MAP_存在缺漏,存在报告证据，但尚未经人工逐项核验；已列依据来源，但未在本阶段逐条核验,,air_emission_standard,L3_analysis,multi_evidence_synthesis,basis_grounding,report_grounding；evidence_integration,high,high,report_plus_external,True,,auto_default,v1,
2026-07-27,PL027,V01,PL027_佛山市天隆通塑料制品有限公司新建项目_01_受理公告或公示版.pdf,佛山市天隆通塑料制品有限公司新建项目,PL027_Emission_噪声,污染物排放标准-噪声排放标准,请根据项目所属声环境功能区类别，判断噪声排放标准选取是否合理。要求总结声功能区类型、厂界执行标准（GB12348-2008）及昼夜限值，并与环评编制内容进行一致性分析。,"1、噪声排放标准中执行标准与排放限值内容：存在缺漏；
2、报告全文未提及《工业企业厂界环境噪声排放标准》（GB12348-2008）或任何噪声排放标准，未对厂界噪声执行标准作出规定，存在缺漏。

4.","噪声标准：报告全文未出现GB12348-2008或任何噪声排放标准的引用。
4.",emission-standard-kb.jsonl; DB44/26-2001; DB44/2367-2022; GB31572-2015; GB14554-93; GB12348-2008; GB18597-2023; GB18599-2020,2,2,False,存在缺漏,水:存在缺漏——污水处理厂尾水标准已提及，但生活污水和生产废水预处理标准（DB44/26-2001第二时段三级标准）未明确列出; 大气:存在缺漏——仅提及DB44/2367-2022标准名称，未结构化列出各污染因子执行标准及限值，未明确引用GB31572-2015、GB14554-93、DB44/27-2001等; 噪声:存在缺漏——全文未提及GB12348-2008或任何噪声排放标准; 固体废物:存在缺漏——全文未引用GB18597-2023、GB18599-2020、GB34330-2017等固废控制标准,,,是,原综合排放标准问答对拆分而来,30份环评_污染物排放控制执行标准复核QA(拆分版),噪声排放标准,存在缺漏,存在缺漏,,未复核,部分充分,有效,部分核验,自动默认,候选池,A_仅待终审,,,,,,,,146,MAP_存在缺漏,存在报告证据，但尚未经人工逐项核验；已列依据来源，但未在本阶段逐条核验,,noise_emission_standard,L2_application,rule_applicability,basis_grounding,report_grounding,high,medium,report_plus_external,True,,auto_default,v1,
2026-07-28,PL028,V01,PL028_佛山市顺德区振峰塑料模具制造有限公司分车间新建项目_01_受理公告或公示版.pdf,佛山市顺德区振峰塑料模具制造有限公司分车间新建项目,PL028_EnvQuality_Q01,大气及地表水环境质量现状数据引用,请根据报告引用的环境质量公报及现状数据，判断大气和地表水环境质量现状数据引用是否准确。,"1、大气及地表水环境质量引用数据正确；
2、项目大气环境质量引用《2023年度佛山市顺德区生态环境状况公报》（佛环顺函〔2024〕44号）。环评对大气环境质量分析内容与《2023年度佛山市顺德区生态环境状况公报》中大气环境状况描述一致，均表明2023年O3（臭氧）浓度超过二级浓度限值，其余五项污染物年评价浓度符合二级浓度限值。经检索，截至审核日该地区最新的环境状况公报为《2024年度佛山市顺德区生态环境状况公报》，可供参考。
项目地表水环境质量引用《2023年度佛山市顺德区生态环境状况公报》（佛环顺函〔2024〕44号）。环评对地表水环境质量分析内容与《2023年度佛山市顺德区生态环境状况公报》中地表水环境状况描述一致，报告中引用2023年顺德区2个国控断面和3个省控断面均符合相应水质目标等数据与公报一致。项目污水处理厂尾水受纳河道为海洲水道（均安污水处理厂），执行标准为III类，与官方登记一致。",证据位置:大气：env_text第2525行，‘根据2023年全区的大气环境质量状况公报，O3（臭氧）浓度超过了《环境空气质...’；地表水：env_text第1360行，‘市顺德区生态环境状况公报》的通知（佛环顺函〔2024〕44号），2023年顺德区2个...’，第1356行，‘尾水排入海洲水道’，第1357行，‘海洲水道属于III类水环境功能区’; 大气公报:《2023年度佛山市顺德区生态环境状况公报》（佛环顺函〔2024〕44号）; 地表水资料:《2023年度佛山市顺德区生态环境状况公报》（佛环顺函〔2024〕44号）,生态环境状况公报知识库; 收纳水体地表水执行标准,2,2,False,正确,大气:正确; 地表水:正确; 报告日期:2024,,,是,未发现明显问题，大气和地表水环境质量引用数据均正确，公报引用在近3年度窗口内，分析内容与公报一致，均安污水处理厂尾水受纳河道（海洲水道）和执行标准（III类）与官方登记一致。,30个环评_大气及地表水环境质量现状数据引用复核QA,环境质量数据引用,正确,无误,,未复核,部分充分,有效,部分核验,自动默认,候选池,A_仅待终审,,,,,,,,150,MAP_正确,存在报告证据，但尚未经人工逐项核验；已列依据来源，但未在本阶段逐条核验,,environmental_quality_data,L3_analysis,consistency_comparison,evidence_integration,report_grounding；basis_grounding,high,high,report_plus_external,True,,auto_default,v1,
2026-07-28,PL029,V01,PL029_佛山市茂安耀科技有限公司新建项目_01_受理公告或公示版.pdf,佛山市茂安耀科技有限公司新建项目,PL029_EnvQuality_Q01,大气及地表水环境质量现状数据引用,请根据报告引用的环境质量公报及现状数据，判断大气和地表水环境质量现状数据引用是否准确。,"1、大气及地表水环境质量引用数据正确；
2、项目大气环境质量引用《2023年度佛山市顺德区生态环境状况公报》（佛环顺函〔2024〕44号）。环评对大气环境质量分析内容与《2023年度佛山市顺德区生态环境状况公报》中大气环境状况描述一致，均表明2023年O3（臭氧）浓度超过二级浓度限值，其余五项污染物年评价浓度符合二级浓度限值。经检索，截至审核日该地区最新的环境状况公报为《2024年度佛山市顺德区生态环境状况公报》，可供参考。
项目地表水环境质量引用《2023年度佛山市顺德区生态环境状况公报》（佛环顺函〔2024〕44号）。环评对地表水环境质量分析内容与《2023年度佛山市顺德区生态环境状况公报》中地表水环境状况描述一致，报告中引用2023年顺德区2个国控断面和3个省控断面均符合相应水质目标等数据与公报一致。项目污水处理厂尾水受纳河道为海洲水道（均安污水处理厂），执行标准为III类，与官方登记一致。",证据位置:大气：env_text第2567行，‘根据2023年全区的大气环境质量状况公报，O3（臭氧）浓度超过了《环境空气质...’；地表水：env_text第1453行，‘市顺德区生态环境状况公报》的通知（佛环顺函〔2024〕44号），2023年顺德区2个...’，第1449行，‘尾水排入海洲水道’，第1450行，‘海洲水道属于III类水环境功能区’; 大气公报:《2023年度佛山市顺德区生态环境状况公报》（佛环顺函〔2024〕44号）; 地表水资料:《2023年度佛山市顺德区生态环境状况公报》（佛环顺函〔2024〕44号）,生态环境状况公报知识库; 收纳水体地表水执行标准,2,2,False,正确,大气:正确; 地表水:正确; 报告日期:2024,,,是,未发现明显问题，大气和地表水环境质量引用数据均正确，公报引用在近3年度窗口内，分析内容与公报一致，均安污水处理厂尾水受纳河道（海洲水道）和执行标准（III类）与官方登记一致。,30个环评_大气及地表水环境质量现状数据引用复核QA,环境质量数据引用,正确,无误,,未复核,部分充分,有效,部分核验,自动默认,候选池,A_仅待终审,,,,,,,,157,MAP_正确,存在报告证据，但尚未经人工逐项核验；已列依据来源，但未在本阶段逐条核验,,environmental_quality_data,L3_analysis,consistency_comparison,evidence_integration,report_grounding；basis_grounding,high,high,report_plus_external,True,,auto_default,v1,
2026-07-28,PL030,V01,PL030_佛山市瑞易德塑料五金制品有限公司搬迁项目_01_受理公告或公示版.pdf,佛山市瑞易德塑料五金制品有限公司搬迁项目,PL030_EnvQuality_Q01,大气及地表水环境质量现状数据引用,请根据报告引用的环境质量公报及现状数据，判断大气和地表水环境质量现状数据引用是否准确。,"1、【大气及地表水环境质量引用数据正确】；
2、项目大气环境质量引用《2023年度佛山市顺德区生态环境状况公报》（佛环顺函〔2024〕44号）。环评对大气环境质量分析内容与《2023年度佛山市顺德区生态环境状况公报》中大气环境状况描述一致，2023年顺德区空气质量综合指数为3.14，O3浓度超过《环境空气质量标准》二级浓度限值，SO2、NO2、PM10、PM2.5、CO五项污染物年评价浓度符合二级浓度限值。经检索，截至审核日该地区最新的环境状况公报为《2024年度佛山市顺德区生态环境状况公报》，可供参考。
项目地表水环境质量引用《2023年度佛山市顺德区生态环境状况公报》（佛环顺函〔2024〕44号）。环评对地表水环境质量分析内容与《2023年度佛山市顺德区生态环境状况公报》中地表水环境状况描述一致，2023年顺德区5个饮用水源水质状况全部为优，2个国控断面和3个省控断面均符合相应水质目标，水质优良率100%。项目污水处理厂尾水受纳河道为顺德支流（勒流污水处理厂），执行标准为III类，与官方登记一致。",证据位置:大气：env_text第1625-1626行引用佛环顺函〔2024〕44号，2023年空气质量综合指数为3.14；第1664行O3浓度超过《环境空气质量标准》；地表水：env_text第1712-1713行勒流污水处理厂尾水排至顺德支流；第1716行引用佛环顺函〔2024〕44号，2023年5个饮用水源; 大气公报:《2023年度佛山市顺德区生态环境状况公报》（佛环顺函〔2024〕44号）; 地表水资料:《2023年度佛山市顺德区生态环境状况公报》（佛环顺函〔2024〕44号）,生态环境状况公报知识库; 收纳水体地表水执行标准,2,2,False,正确,大气:正确; 地表水:正确; 报告日期:2024-04,,,是,无明显问题。报告引用《2023年度佛山市顺德区生态环境状况公报》（佛环顺函〔2024〕44号），该公报发布日期为2024-03-26，早于报告编制时间，属于近3年数据窗口内。大气环境质量分析内容（O3超标，其余达标）与公报一致，勒流污水处理厂尾水受纳河道顺德支流与官方登记一致。,30个环评_大气及地表水环境质量现状数据引用复核QA,环境质量数据引用,正确,无误,,未复核,部分充分,有效,部分核验,自动默认,候选池,A_仅待终审,,,,,,,,164,MAP_正确,存在报告证据，但尚未经人工逐项核验；已列依据来源，但未在本阶段逐条核验,,environmental_quality_data,L3_analysis,consistency_comparison,evidence_integration,report_grounding；basis_grounding,high,high,report_plus_external,True,,auto_default,v1,
2026-07-27,PL030,V01,PL030_佛山市瑞易德塑料五金制品有限公司搬迁项目_01_受理公告或公示版.pdf,佛山市瑞易德塑料五金制品有限公司搬迁项目,PL030_Emission_水污,污染物排放标准-水污染物排放标准,请根据报告中的废水类型、预处理方式、排放去向、企业排口标准、污水处理厂名称、尾水排放河道和尾水执行标准，判断水污染物排放标准选取是否合理。要求对比：生活污水排放标准+排入污水处理厂名称+尾水排放河道+尾水排放执行标准，报告与知识库是否一致。,"1、水污染物排放标准中生活污水排放执行标准：存在缺漏；
2、水污染物排放标准结论的过程分析内容：报告提及勒流污水处理厂尾水执行GB18918-2002一级A标准及DB44/26-2001的较严值，生活污水经三级化粪池预处理后排入勒流污水处理厂。但未明确列出生活污水经三级化粪池预处理后应执行的标准（应为DB44/26-2001第二时段三级标准），也未以表格形式列出各污染物限值。预处理标准缺失，存在缺漏。

2.","水标准片段：「尾水应执行《城镇污水处理厂污染物排放标准》（GB18918-2002）一级A标准及《广东省水污染物排放限值》（DB44/26-2001）的较严值。」「生活污水经三级化粪池预处理后排入勒流污水处理厂」
2.",emission-standard-kb.jsonl; DB44/26-2001; DB44/2367-2022; GB31572-2015; GB14554-93; GB12348-2008; GB18597-2023; GB18599-2020,2,2,False,存在缺漏,水:存在缺漏——污水处理厂尾水标准已提及，但生活污水预处理标准（DB44/26-2001第二时段三级标准）未明确列出，无限值表格; 大气:存在缺漏——排放标准信息分散于政策分析中，未结构化列出GB31572-2015、DB44/2367-2022、GB14554-93、DB44/27-2001等标准及限值; 噪声:存在缺漏——全文未提及GB12348-2008或任何噪声排放标准; 固体废物:存在缺漏——全文未引用GB18597-2023、GB18599-2020、GB34330-2017等固废控制标准,,,是,原综合排放标准问答对拆分而来,30份环评_污染物排放控制执行标准复核QA(拆分版),水污染物排放标准,存在缺漏,存在缺漏,,未复核,部分充分,有效,部分核验,自动默认,候选池,A_仅待终审,,,,,,,,165,MAP_存在缺漏,存在报告证据，但尚未经人工逐项核验；已列依据来源，但未在本阶段逐条核验,,water_emission_standard,L3_analysis,rule_applicability,basis_grounding,report_grounding；procedural_reasoning,high,high,report_plus_external,True,,auto_default,v1,
2026-07-27,PL030,V01,PL030_佛山市瑞易德塑料五金制品有限公司搬迁项目_01_受理公告或公示版.pdf,佛山市瑞易德塑料五金制品有限公司搬迁项目,PL030_Emission_大气,污染物排放标准-大气污染物排放标准,请根据项目行业类别、生产工艺和污染因子，判断大气污染物排放标准选取是否合理。要求分析：污染源覆盖是否完整（列出所有大气污染源及对应标准），是否存在缺漏的污染源或标准。,"1、污染排放标准分析污染源内容：不完整；
2、大气污染物排放标准分析：报告在政策相符性分析中提及DB44/2367-2022相关要求（排气筒高度不低于15m、NMHC初始排放速率等），注塑废气经单层密闭负压收集后引至活性炭吸附装置处理，通过45m排气筒G1排放。但未以结构化方式列出各污染因子的执行标准名称、标准号及具体限值。项目涉及注塑（应执行GB31572-2015）、破碎和机加工颗粒物（应执行DB44/27-2001）、恶臭（应执行GB14554-93）等，均未明确引用。存在缺漏。

3.","大气标准片段：「注塑废气经单层密闭负压收集后引至一套活性炭吸附装置处理，最后通过45m 排气筒G1 排放」「项目收集的废气中NMHC初始排放速率＜2kg/h」
3.",emission-standard-kb.jsonl; DB44/26-2001; DB44/2367-2022; GB31572-2015; GB14554-93; GB12348-2008; GB18597-2023; GB18599-2020,2,2,False,存在缺漏,水:存在缺漏——污水处理厂尾水标准已提及，但生活污水预处理标准（DB44/26-2001第二时段三级标准）未明确列出，无限值表格; 大气:存在缺漏——排放标准信息分散于政策分析中，未结构化列出GB31572-2015、DB44/2367-2022、GB14554-93、DB44/27-2001等标准及限值; 噪声:存在缺漏——全文未提及GB12348-2008或任何噪声排放标准; 固体废物:存在缺漏——全文未引用GB18597-2023、GB18599-2020、GB34330-2017等固废控制标准,,,是,原综合排放标准问答对拆分而来,30份环评_污染物排放控制执行标准复核QA(拆分版),大气污染物排放标准,存在缺漏,存在缺漏,,未复核,部分充分,有效,部分核验,自动默认,候选池,A_仅待终审,,,,,,,,166,MAP_存在缺漏,存在报告证据，但尚未经人工逐项核验；已列依据来源，但未在本阶段逐条核验,,air_emission_standard,L3_analysis,multi_evidence_synthesis,basis_grounding,report_grounding；evidence_integration,high,high,report_plus_external,True,,auto_default,v1,
2026-07-27,PL030,V01,PL030_佛山市瑞易德塑料五金制品有限公司搬迁项目_01_受理公告或公示版.pdf,佛山市瑞易德塑料五金制品有限公司搬迁项目,PL030_Emission_噪声,污染物排放标准-噪声排放标准,请根据项目所属声环境功能区类别，判断噪声排放标准选取是否合理。要求总结声功能区类型、厂界执行标准（GB12348-2008）及昼夜限值，并与环评编制内容进行一致性分析。,"1、噪声排放标准中执行标准与排放限值内容：存在缺漏；
2、报告全文未提及GB12348-2008或任何噪声排放标准，存在缺漏。

4.","噪声标准：报告全文未出现GB12348-2008或任何噪声排放标准的引用。
4.",emission-standard-kb.jsonl; DB44/26-2001; DB44/2367-2022; GB31572-2015; GB14554-93; GB12348-2008; GB18597-2023; GB18599-2020,2,2,False,存在缺漏,水:存在缺漏——污水处理厂尾水标准已提及，但生活污水预处理标准（DB44/26-2001第二时段三级标准）未明确列出，无限值表格; 大气:存在缺漏——排放标准信息分散于政策分析中，未结构化列出GB31572-2015、DB44/2367-2022、GB14554-93、DB44/27-2001等标准及限值; 噪声:存在缺漏——全文未提及GB12348-2008或任何噪声排放标准; 固体废物:存在缺漏——全文未引用GB18597-2023、GB18599-2020、GB34330-2017等固废控制标准,,,是,原综合排放标准问答对拆分而来,30份环评_污染物排放控制执行标准复核QA(拆分版),噪声排放标准,存在缺漏,存在缺漏,,未复核,部分充分,有效,部分核验,自动默认,候选池,A_仅待终审,,,,,,,,167,MAP_存在缺漏,存在报告证据，但尚未经人工逐项核验；已列依据来源，但未在本阶段逐条核验,,noise_emission_standard,L2_application,rule_applicability,basis_grounding,report_grounding,high,medium,report_plus_external,True,,auto_default,v1,
2026-07-28,PL031,V01,PL031_佛山市浩创时代包装制品有限公司新建项目_01_受理公告或公示版.pdf,佛山市浩创时代包装制品有限公司新建项目,PL031_EnvQuality_Q01,大气及地表水环境质量现状数据引用,请根据报告引用的环境质量公报及现状数据，判断大气和地表水环境质量现状数据引用是否准确。,"1、【大气及地表水环境质量引用数据正确】；
2、项目大气环境质量引用《2023年度佛山市顺德区生态环境状况公报》（佛环顺函〔2024〕44号）。环评对大气环境质量分析内容与《2023年度佛山市顺德区生态环境状况公报》中大气环境状况描述一致，2023年除臭氧浓度不达标外，其余污染物指标（SO2、NO2、PM10、PM2.5、CO）年评价浓度均符合二级浓度限值。经检索，截至审核日该地区最新的环境状况公报为《2024年度佛山市顺德区生态环境状况公报》，可供参考。
项目地表水环境质量引用《2023年度佛山市顺德区生态环境状况公报》（佛环顺函〔2024〕44号）。环评对地表水环境质量分析内容与《2023年度佛山市顺德区生态环境状况公报》中地表水环境状况描述一致。项目污水处理厂尾水受纳河道为李家沙水道（伦教污水处理厂），执行标准为III类，与官方登记一致。",证据位置:大气：env_text第2415行引用《2023年度佛山市顺德区生态环境状况公报》；第2478行除臭氧浓度不达标外其余污染物指标符合；地表水：env_text第2542-2545行引用2023年度公报；第2548行公报节选；伦教污水处理厂尾水排放至李家沙水道; 大气公报:《2023年度佛山市顺德区生态环境状况公报》（佛环顺函〔2024〕44号）; 地表水资料:《2023年度佛山市顺德区生态环境状况公报》（佛环顺函〔2024〕44号）,生态环境状况公报知识库; 收纳水体地表水执行标准,2,2,False,正确,大气:正确; 地表水:正确; 报告日期:2024-04,,,是,无明显问题。报告引用《2023年度佛山市顺德区生态环境状况公报》（佛环顺函〔2024〕44号），该公报发布日期为2024-03-26，早于报告编制时间，属于近3年数据窗口内。大气环境质量分析内容（除O3外其余达标）与公报一致，伦教污水处理厂尾水受纳河道李家沙水道与官方登记一致。报告中部分位置公报标题写作环境质量状况公报，但文号佛环顺函〔2024〕44号可明确追溯至《2023年度佛山市顺德区生态环境状况公报》，不影响核验。,30个环评_大气及地表水环境质量现状数据引用复核QA,环境质量数据引用,正确,无误,,未复核,部分充分,有效,部分核验,自动默认,候选池,A_仅待终审,,,,,,,,171,MAP_正确,存在报告证据，但尚未经人工逐项核验；已列依据来源，但未在本阶段逐条核验,,environmental_quality_data,L3_analysis,consistency_comparison,evidence_integration,report_grounding；basis_grounding,high,high,report_plus_external,True,,auto_default,v1,
2026-07-27,PL031,V01,PL031_佛山市浩创时代包装制品有限公司新建项目_01_受理公告或公示版.pdf,佛山市浩创时代包装制品有限公司新建项目,PL031_Emission_水污,污染物排放标准-水污染物排放标准,请根据报告中的废水类型、预处理方式、排放去向、企业排口标准、污水处理厂名称、尾水排放河道和尾水执行标准，判断水污染物排放标准选取是否合理。要求对比：生活污水排放标准+排入污水处理厂名称+尾水排放河道+尾水排放执行标准，报告与知识库是否一致。,"1、水污染物排放标准中生活污水排放执行标准：存在缺漏；
2、水污染物排放标准结论的过程分析内容：报告提及伦教污水处理厂尾水执行GB18918-2002一级A标准及DB44/26-2001的较严值，本项目位于伦教污水处理厂处理范围。但未明确列出生活污水经三级化粪池预处理后应执行的标准（应为DB44/26-2001第二时段三级标准），也未列出各污染物限值。预处理标准缺失，存在缺漏。

2.","水标准片段：「本项目位于伦教污水处理厂处理范围，尾水执行《城镇污水处理厂污染物排放标准》（GB18918-2002）一级A 标准及《广东省水污染物排放限值》（DB44/26-2001）的较严值。」
2.",emission-standard-kb.jsonl; DB44/26-2001; DB44/2367-2022; GB31572-2015; GB14554-93; GB12348-2008; GB18597-2023; GB18599-2020,2,2,False,存在缺漏,水:存在缺漏——污水处理厂尾水标准已提及，但生活污水预处理标准（DB44/26-2001第二时段三级标准）未明确列出，无限值表格; 大气:存在缺漏——GB31572-2015、DB44/2367-2022、DB44/27-2001在政策分析中提及但未结构化列出；丝印工序使用油性油墨，GB31572-2015（合成树脂工业标准）对丝印废气的适用性需进一步核实; 噪声:存在缺漏——全文未提及GB12348-2008或任何噪声排放标准; 固体废物:存在缺漏——全文未引用GB18597-2023、GB18599-2020、GB34330-2017等固废控制标准,,,是,原综合排放标准问答对拆分而来,30份环评_污染物排放控制执行标准复核QA(拆分版),水污染物排放标准,存在缺漏,存在缺漏,,未复核,部分充分,有效,部分核验,自动默认,候选池,A_仅待终审,,,,,,,,172,MAP_存在缺漏,存在报告证据，但尚未经人工逐项核验；已列依据来源，但未在本阶段逐条核验,,water_emission_standard,L3_analysis,rule_applicability,basis_grounding,report_grounding；procedural_reasoning,high,high,report_plus_external,True,,auto_default,v1,
2026-07-27,PL031,V01,PL031_佛山市浩创时代包装制品有限公司新建项目_01_受理公告或公示版.pdf,佛山市浩创时代包装制品有限公司新建项目,PL031_Emission_大气,污染物排放标准-大气污染物排放标准,请根据项目行业类别、生产工艺和污染因子，判断大气污染物排放标准选取是否合理。要求分析：污染源覆盖是否完整（列出所有大气污染源及对应标准），是否存在缺漏的污染源或标准。,"1、污染排放标准分析污染源内容：不完整；
2、大气污染物排放标准分析：报告在政策相符性分析中提及多项标准——G1排气筒（注塑、吹瓶）和G2排气筒（丝印及烘干、吸塑）非甲烷总烃排放浓度可达到《合成树脂工业污染物排放标准》（GB31572-2015，含2024年修改单）表4限值；厂区内NMHC满足DB44/2367-2022表3限值（1h平均≤6mg/m3，任意一次≤20mg/m3）；提及DB44/27-2001第II时段排放限值。但排放标准信息分散于政策相符性分析中，未形成结构化的排放标准章节。此外，项目涉及丝印工序使用油性油墨，GB31572-2015为合成树脂工业标准，丝印工序废气是否适用该标准需进一步核实——丝印工序可能更适合执行印刷行业相关VOCs排放标准。存在缺漏。

3.","大气标准片段：「有机废气G1 排气筒非甲烷总烃排放浓度有组织排放浓度34.956mg/m3；G2 排气筒非甲烷总烃排放浓度有组织排放浓度16.363mg/m3，可达到《合成树脂工业污染物排放标准》（GB31572-2015，含2024 年修改单）表4 大气污染物浓度限值」「厂区内NMHC 满足广东省地方标准《固定污染源挥发性有机物综合排放标准》（DB44/2367-2022）表3 厂区内VOCs 无组织排放限值（≤6mg/m3、≤20mg/m3）」「项目注塑、吹瓶废气初始排放速率为1.89kg/h＜3kg/h」
3.",emission-standard-kb.jsonl; DB44/26-2001; DB44/2367-2022; GB31572-2015; GB14554-93; GB12348-2008; GB18597-2023; GB18599-2020,2,2,False,存在缺漏,水:存在缺漏——污水处理厂尾水标准已提及，但生活污水预处理标准（DB44/26-2001第二时段三级标准）未明确列出，无限值表格; 大气:存在缺漏——GB31572-2015、DB44/2367-2022、DB44/27-2001在政策分析中提及但未结构化列出；丝印工序使用油性油墨，GB31572-2015（合成树脂工业标准）对丝印废气的适用性需进一步核实; 噪声:存在缺漏——全文未提及GB12348-2008或任何噪声排放标准; 固体废物:存在缺漏——全文未引用GB18597-2023、GB18599-2020、GB34330-2017等固废控制标准,,,是,原综合排放标准问答对拆分而来,30份环评_污染物排放控制执行标准复核QA(拆分版),大气污染物排放标准,存在缺漏,存在缺漏,,未复核,部分充分,有效,部分核验,自动默认,候选池,A_仅待终审,,,,,,,,173,MAP_存在缺漏,存在报告证据，但尚未经人工逐项核验；已列依据来源，但未在本阶段逐条核验,,air_emission_standard,L3_analysis,multi_evidence_synthesis,basis_grounding,report_grounding；evidence_integration,high,high,report_plus_external,True,,auto_default,v1,
2026-07-27,PL031,V01,PL031_佛山市浩创时代包装制品有限公司新建项目_01_受理公告或公示版.pdf,佛山市浩创时代包装制品有限公司新建项目,PL031_Emission_噪声,污染物排放标准-噪声排放标准,请根据项目所属声环境功能区类别，判断噪声排放标准选取是否合理。要求总结声功能区类型、厂界执行标准（GB12348-2008）及昼夜限值，并与环评编制内容进行一致性分析。,"1、噪声排放标准中执行标准与排放限值内容：存在缺漏；
2、报告全文未提及GB12348-2008或任何噪声排放标准，存在缺漏。

4.","噪声标准：报告全文未出现GB12348-2008或任何噪声排放标准的引用。
4.",emission-standard-kb.jsonl; DB44/26-2001; DB44/2367-2022; GB31572-2015; GB14554-93; GB12348-2008; GB18597-2023; GB18599-2020,2,2,False,存在缺漏,水:存在缺漏——污水处理厂尾水标准已提及，但生活污水预处理标准（DB44/26-2001第二时段三级标准）未明确列出，无限值表格; 大气:存在缺漏——GB31572-2015、DB44/2367-2022、DB44/27-2001在政策分析中提及但未结构化列出；丝印工序使用油性油墨，GB31572-2015（合成树脂工业标准）对丝印废气的适用性需进一步核实; 噪声:存在缺漏——全文未提及GB12348-2008或任何噪声排放标准; 固体废物:存在缺漏——全文未引用GB18597-2023、GB18599-2020、GB34330-2017等固废控制标准,,,是,原综合排放标准问答对拆分而来,30份环评_污染物排放控制执行标准复核QA(拆分版),噪声排放标准,存在缺漏,存在缺漏,,未复核,部分充分,有效,部分核验,自动默认,候选池,A_仅待终审,,,,,,,,174,MAP_存在缺漏,存在报告证据，但尚未经人工逐项核验；已列依据来源，但未在本阶段逐条核验,,noise_emission_standard,L2_application,rule_applicability,basis_grounding,report_grounding,high,medium,report_plus_external,True,,auto_default,v1,
2026-07-27,PL032,V01,PL032_德旺众新材料科技(佛山)有限公司新建建设项目_01_受理公告或公示版.pdf,德旺众新材料科技(佛山)有限公司新建建设项目,PL032_Emission_水污,污染物排放标准-水污染物排放标准,请根据报告中的废水类型、预处理方式、排放去向、企业排口标准、污水处理厂名称、尾水排放河道和尾水执行标准，判断水污染物排放标准选取是否合理。要求对比：生活污水排放标准+排入污水处理厂名称+尾水排放河道+尾水排放执行标准，报告与知识库是否一致。,"1、水污染物排放标准中生活污水排放执行标准：存在缺漏；
2、水污染物排放标准结论的过程分析内容：报告提及生活污水经三级化粪池预处理后排至均安污水处理厂处理。但未明确列出生活污水预处理执行标准（应为DB44/26-2001第二时段三级标准），也未列出均安污水处理厂尾水执行标准（应为GB18918-2002一级A及DB44/26-2001较严值）及各污染物限值。存在缺漏。

2.","水标准片段：「生活污水经三级化粪池预处理后排至均安污水处理厂处理」（工程组成表），未列出预处理执行标准及限值。
2.",emission-standard-kb.jsonl; DB44/26-2001; DB44/2367-2022; GB31572-2015; GB14554-93; GB12348-2008; GB18597-2023; GB18599-2020,2,2,False,存在缺漏,水:存在缺漏——生活污水预处理标准（DB44/26-2001第二时段三级标准）及污水处理厂尾水标准均未明确列出，无限值表格; 大气:存在缺漏——有组织排放仅以‘可满足现行相关标准’笼统表述，未明确引用具体标准名称和限值；DB44/2367-2022在政策分析中提及但未结构化列出; 噪声:存在缺漏——全文未提及GB12348-2008或任何噪声排放标准; 固体废物:存在缺漏——全文未引用GB18597-2023、GB18599-2020、GB34330-2017等固废控制标准,,,是,原综合排放标准问答对拆分而来,30份环评_污染物排放控制执行标准复核QA(拆分版),水污染物排放标准,存在缺漏,存在缺漏,,未复核,部分充分,有效,部分核验,自动默认,候选池,A_仅待终审,,,,,,,,179,MAP_存在缺漏,存在报告证据，但尚未经人工逐项核验；已列依据来源，但未在本阶段逐条核验,,water_emission_standard,L3_analysis,rule_applicability,basis_grounding,report_grounding；procedural_reasoning,high,high,report_plus_external,True,,auto_default,v1,
2026-07-27,PL032,V01,PL032_德旺众新材料科技(佛山)有限公司新建建设项目_01_受理公告或公示版.pdf,德旺众新材料科技(佛山)有限公司新建建设项目,PL032_Emission_大气,污染物排放标准-大气污染物排放标准,请根据项目行业类别、生产工艺和污染因子，判断大气污染物排放标准选取是否合理。要求分析：污染源覆盖是否完整（列出所有大气污染源及对应标准），是否存在缺漏的污染源或标准。,"1、污染排放标准分析污染源内容：不完整；
2、大气污染物排放标准分析：报告在政策相符性分析中提及DB44/2367-2022相关要求（排气筒高度不低于15m、NMHC初始排放速率限值、无组织排放控制要求等），有机废气经整室负压密闭收集后通过活性炭吸附装置处理后引至31m排气筒DA001排放。但报告仅笼统表述“本项目挥发性有机物有组织排放可满足现行相关大气污染物排放限值”，未明确引用有组织排放执行的具体标准名称及限值。对于淋涂工序使用紫外光固化涂料的VOCs排放，应明确引用适用的排放标准（如DB44/2367-2022表1有组织排放限值或其他适用标准）并列出具体限值。存在缺漏。

3.","大气标准片段：「有机废气（VOCs）经整室负压密闭收集后通过楼顶‘活性炭吸附’装置处理达标后引至31m排气筒DA001排放」「本项目挥发性有机物有组织排放可满足现行相关大气污染物排放限值。有机废气厂区内无组织排放满足小时平均浓度值不超过6mg/m3，任意一次浓度值不超过20mg/m3。」「本项目位于重点地区，项目的有机废气初始排放速率低于2kg/h」
3.",emission-standard-kb.jsonl; DB44/26-2001; DB44/2367-2022; GB31572-2015; GB14554-93; GB12348-2008; GB18597-2023; GB18599-2020,2,2,False,存在缺漏,水:存在缺漏——生活污水预处理标准（DB44/26-2001第二时段三级标准）及污水处理厂尾水标准均未明确列出，无限值表格; 大气:存在缺漏——有组织排放仅以‘可满足现行相关标准’笼统表述，未明确引用具体标准名称和限值；DB44/2367-2022在政策分析中提及但未结构化列出; 噪声:存在缺漏——全文未提及GB12348-2008或任何噪声排放标准; 固体废物:存在缺漏——全文未引用GB18597-2023、GB18599-2020、GB34330-2017等固废控制标准,,,是,原综合排放标准问答对拆分而来,30份环评_污染物排放控制执行标准复核QA(拆分版),大气污染物排放标准,存在缺漏,存在缺漏,,未复核,部分充分,有效,部分核验,自动默认,候选池,A_仅待终审,,,,,,,,180,MAP_存在缺漏,存在报告证据，但尚未经人工逐项核验；已列依据来源，但未在本阶段逐条核验,,air_emission_standard,L3_analysis,multi_evidence_synthesis,basis_grounding,report_grounding；evidence_integration,high,high,report_plus_external,True,,auto_default,v1,
2026-07-27,PL032,V01,PL032_德旺众新材料科技(佛山)有限公司新建建设项目_01_受理公告或公示版.pdf,德旺众新材料科技(佛山)有限公司新建建设项目,PL032_Emission_噪声,污染物排放标准-噪声排放标准,请根据项目所属声环境功能区类别，判断噪声排放标准选取是否合理。要求总结声功能区类型、厂界执行标准（GB12348-2008）及昼夜限值，并与环评编制内容进行一致性分析。,"1、噪声排放标准中执行标准与排放限值内容：存在缺漏；
2、报告全文未提及GB12348-2008或任何噪声排放标准，存在缺漏。

4.","噪声标准：报告全文未出现GB12348-2008或任何噪声排放标准的引用。
4.",emission-standard-kb.jsonl; DB44/26-2001; DB44/2367-2022; GB31572-2015; GB14554-93; GB12348-2008; GB18597-2023; GB18599-2020,2,2,False,存在缺漏,水:存在缺漏——生活污水预处理标准（DB44/26-2001第二时段三级标准）及污水处理厂尾水标准均未明确列出，无限值表格; 大气:存在缺漏——有组织排放仅以‘可满足现行相关标准’笼统表述，未明确引用具体标准名称和限值；DB44/2367-2022在政策分析中提及但未结构化列出; 噪声:存在缺漏——全文未提及GB12348-2008或任何噪声排放标准; 固体废物:存在缺漏——全文未引用GB18597-2023、GB18599-2020、GB34330-2017等固废控制标准,,,是,原综合排放标准问答对拆分而来,30份环评_污染物排放控制执行标准复核QA(拆分版),噪声排放标准,存在缺漏,存在缺漏,,未复核,部分充分,有效,部分核验,自动默认,候选池,A_仅待终审,,,,,,,,181,MAP_存在缺漏,存在报告证据，但尚未经人工逐项核验；已列依据来源，但未在本阶段逐条核验,,noise_emission_standard,L2_application,rule_applicability,basis_grounding,report_grounding,high,medium,report_plus_external,True,,auto_default,v1,
2026-07-28,PL033,V01,PL033_广东施格纳电气有限公司新建项目_01_受理公告或公示版.pdf,广东施格纳电气有限公司新建项目,PL033_EnvQuality_Q01,大气及地表水环境质量现状数据引用,请根据报告引用的环境质量公报及现状数据，判断大气和地表水环境质量现状数据引用是否准确。,"1、【大气及地表水环境质量引用数据正确】；
2、项目大气环境质量引用《2023年度佛山市顺德区生态环境状况公报》（佛环顺函〔2024〕44号）。环评对大气环境质量分析内容与《2023年度佛山市顺德区生态环境状况公报》中大气环境状况描述一致，2023年O3（臭氧）浓度超过了《环境空气质量标准》二级浓度限值，其余污染物指标（SO2、NO2、PM10、PM2.5、CO）年评价浓度符合二级浓度限值。经检索，截至审核日该地区最新的环境状况公报为《2024年度佛山市顺德区生态环境状况公报》，可供参考。
项目地表水环境质量引用《2023年度佛山市顺德区生态环境状况公报》（佛环顺函〔2024〕44号）。环评对地表水环境质量分析内容与《2023年度佛山市顺德区生态环境状况公报》中地表水环境状况描述一致。项目污水处理厂尾水受纳河道为顺德支流（勒流污水处理厂），执行标准为III类，与官方登记一致。",证据位置:大气：env_text第2007-2008行引用佛环顺函〔2024〕44号及《2023年佛山市顺德区环境质量状况公报》；第2064行O3浓度超过《环境空气质量标准》；地表水：env_text第2085行勒流污水处理厂纳污水体为顺德支流；第2089行引用佛环顺函〔2024〕44号; 大气公报:《2023年度佛山市顺德区生态环境状况公报》（佛环顺函〔2024〕44号）; 地表水资料:《2023年度佛山市顺德区生态环境状况公报》（佛环顺函〔2024〕44号）,生态环境状况公报知识库; 收纳水体地表水执行标准,2,2,False,正确,大气:正确; 地表水:正确; 报告日期:2024-04,,,是,无明显问题。报告引用《2023年度佛山市顺德区生态环境状况公报》（佛环顺函〔2024〕44号），大气和地表水分析内容与公报一致，勒流污水处理厂尾水受纳河道顺德支流与官方登记一致。报告公报标题使用环境质量状况公报而非官方名称生态环境状况公报，但可通过文号追溯核验。,30个环评_大气及地表水环境质量现状数据引用复核QA,环境质量数据引用,正确,无误,,未复核,部分充分,有效,部分核验,自动默认,候选池,A_仅待终审,,,,,,,,185,MAP_正确,存在报告证据，但尚未经人工逐项核验；已列依据来源，但未在本阶段逐条核验,,environmental_quality_data,L3_analysis,consistency_comparison,evidence_integration,report_grounding；basis_grounding,high,high,report_plus_external,True,,auto_default,v1,
