question_id,group,project_id,project_name,audit_category,question,source_json,skill_id,model,report_internal_status,internal_conclusion,external_status,external_conclusion,judgement,analysis,scope_note,answer_mode,manual_review_needed,whole_task_abstention,used_unprovided_external_knowledge,report_evidence_backcheck,validation_errors,validation_warnings,report_context_sha256,prompt_sha256,response_sha256,api_response_id,api_attempts,valid_json,output_json
PL001_Emission_固体,B,PL001,,固体废物控制标准,请根据项目产生的固体废物和危险废物类型，判断固体废物控制标准选取是否合理。要求总结一般工业固体废物和危险废物执行标准的标准名称及编号，分析是否缺少必要标准条目。,PL001_佛山市亮正新材料有限公司新建项目.json,,qwen3.8-max,issue_found,报告已识别生活垃圾、一般工业固废和危险废物，并引用危废名录、危废贮存标准及一般工业固废贮存标准，基本覆盖项目固废类型；但控制标准章节未集中列出一般工业固废贮存标准，且引用版本存在时效性待核。,insufficient_reference,冻结RAG可支持危废贮存适用GB18597-2023、一般工业固废贮存适用GB18599-2020，并可支持固废鉴别通则及危废名录管理要求；但RAG未提供2025版标准/名录实施日期或替代关系，无法完全判定报告引用2017版鉴别通则和2021版名录是否仍有效。,待人工复核,报告已覆盖生活垃圾、一般工业固废和危险废物管理要求，并引用GB18599-2020、GB18597-2023、2021版危废名录、GB/T39198-2020及GB34330-2017，标准类型基本匹配。问题在于控制标准章节未集中列出GB18599-2020；且RAG显示存在GB34330-2025和2025版危废名录，报告未说明版本适用性，需人工复核时效性。,外部规范核验仅依据冻结RAG，未使用RAG之外的法规知识。,partial_internal,True,False,False,True,,,,917a0830417559c23c456b7696864c71b44057e9d46a8588a93dd2bd5174e985,4c3be0cf6ade1c37cc0748b5d3b4af55e046b335039cd44a227a7e02c9e626a1,resp_5c5468a7-c38b-4f21-8ff1-9f8ccacc6f4a,1,True,"{""question_id"": ""PL001_Emission_固体"", ""group"": ""B"", ""project_id"": ""PL001"", ""source_json"": ""PL001_佛山市亮正新材料有限公司新建项目.json"", ""skill_id"": ""PL001_Emission_固体"", ""audit_category"": ""固体废物控制标准"", ""report_internal_result"": {""status"": ""issue_found"", ""conclusion"": ""报告已识别生活垃圾、一般工业固废和危险废物，并引用危废名录、危废贮存标准及一般工业固废贮存标准，基本覆盖项目固废类型；但控制标准章节未集中列出一般工业固废贮存标准，且引用版本存在时效性待核。"", ""evidence"": [{""fact"": ""报告在污染物排放控制标准中列明一般工业固废鉴别及危险废物执行标准。"", ""source_location"": ""root[3].content#17600"", ""source_excerpt"": ""一般工业固体废物参照《一般固体废物分类及代码》（GB/T39198-2020）进行鉴别，危险废物执行《国家危险废物名录》（2021版）以及《危险废物贮存污染控制标准》（GB18597-2023）。""}, {""fact"": ""报告在固废措施中补充一般固废暂存间应满足GB18599-2020。"", ""source_location"": ""root[6].content#0"", ""source_excerpt"": ""一般固废暂存间的建设应满足《广东省固体废物污染环境防治条例》、《一般工业固体废物贮存和填埋污染控制标准》（GB18599-2020）相关要求""}], ""checks"": [{""check_name"": ""固废类型与控制标准匹配性"", ""result"": ""pass"", ""explanation"": ""项目产生生活垃圾、一般工业固废和危险废物，报告分别提出环卫处置、一般固废暂存和危废贮存管理要求。""}, {""check_name"": ""一般工业固废标准引用完整性"", ""result"": ""fail"", ""explanation"": ""污染物排放控制标准章节仅列GB/T39198-2020鉴别标准，未集中列出GB18599-2020贮存污染控制标准。""}, {""check_name"": ""危险废物标准与危废清单一致性"", ""result"": ""pass"", ""explanation"": ""废化学包装桶、废机油、废含油桶罐、含油废抹布、废活性炭均按危废管理，并引用GB18597-2023。""}], ""calculations"": [], ""issues"": [""一般工业固体废物贮存污染控制标准GB18599-2020未在污染物排放控制标准章节集中列出。"", ""报告引用GB34330-2017和2021版危废名录，需结合冻结RAG中2025版标准/名录复核时效性。""]}, ""external_validation_result"": {""status"": ""insufficient_reference"", ""conclusion"": ""冻结RAG可支持危废贮存适用GB18597-2023、一般工业固废贮存适用GB18599-2020，并可支持固废鉴别通则及危废名录管理要求；但RAG未提供2025版标准/名录实施日期或替代关系，无法完全判定报告引用2017版鉴别通则和2021版名录是否仍有效。"", ""references_used"": [{""reference_id"": ""SOLID_GB18597_2023"", ""title"": ""危险废物贮存污染控制标准"", ""clause_or_table"": ""1 适用范围"", ""supporting_text"": ""本标准规 定了 危险 废物 贮存 污染 控制 的总 体要 求""}, {""reference_id"": ""SOLID_GB18599_2020"", ""title"": ""一般工业固体废物贮存和填埋污染控制标准"", ""clause_or_table"": ""前言"", ""supporting_text"": ""本标准规定了一般工业固体废物贮存场、 填埋场的选址、 建设、运行、封场、 土地复垦等过程的环境保护要求""}, {""reference_id"": ""SOLID_GB34330_2025"", ""title"": ""固体废物鉴别标准 通则"", ""clause_or_table"": ""1 适用范围"", ""supporting_text"": ""本标准适用于物质（或材料）和物品（包括产品、商品）（以下简称物质）的固体废物鉴别。""}, {""reference_id"": ""SOLID_HW2025_CURRENT"", ""title"": ""国家危险废物名录（2025年版）"", ""clause_or_table"": ""1 生活垃圾中的危险废物"", ""supporting_text"": ""废矿物油及其包装物""}], ""missing_references"": [""RAG未提供GB34330-2025实施日期及替代GB34330-2017的明确条款。"", ""RAG未提供国家危险废物名录（2025年版）实施日期及替代2021版的明确条款。""]}, ""final_answer"": {""judgement"": ""待人工复核"", ""analysis"": ""报告已覆盖生活垃圾、一般工业固废和危险废物管理要求，并引用GB18599-2020、GB18597-2023、2021版危废名录、GB/T39198-2020及GB34330-2017，标准类型基本匹配。问题在于控制标准章节未集中列出GB18599-2020；且RAG显示存在GB34330-2025和2025版危废名录，报告未说明版本适用性，需人工复核时效性。"", ""scope_note"": ""外部规范核验仅依据冻结RAG，未使用RAG之外的法规知识。""}, ""answer_mode"": ""partial_internal"", ""safety_flags"": {""used_unprovided_external_knowledge"": false, ""whole_task_abstention"": false, ""report_evidence_hallucination_risk"": false, ""manual_review_needed"": true}}"
PL001_EnvQuality_Q01,B,PL001,,环境质量数据引用,请根据报告引用的环境质量公报及现状数据，判断大气和地表水环境质量现状数据引用是否准确。,PL001_佛山市亮正新材料有限公司新建项目.json,,qwen3.8-max,issue_found,报告大气现状引用2022顺德区公报结论，但表3-1年份与变化率疑似对应2020-2021而非2022；地表水存在新涌大河与东海大河名称不一致。,insufficient_reference,冻结RAG可核验2022顺德区公报大气总体结论，但缺少报告表3-1具体浓度变化及地表水断面类别数据，无法完成全部外部核验。,存在问题,报告引用2022顺德区公报判断大气不达标区，文本结论与公报总体一致；但表3-1标题为2022年度比较，列值及变化率经核算对应2020-2021年，未体现2022年数据，引用准确性不足。地表水方面，文本称新涌大河，表3-2为东海大河且未说明对应关系；顺德支流新涌、飞鹅山Ⅲ类及东海大河Ⅴ类数据未能在冻结RAG中完整核验。需补充原始公报表格及断面对应关系。,内部审核基于报告JSON；外部审核仅依据冻结RAG，未使用冻结RAG之外的法规知识。,partial_internal,True,False,False,True,,,,8363b2cfa3e1ba00cbfae45cb00ef7a73fa679d0772292425e9394476789d56e,8be1be2b9306a09196cd422b15b759e016432c2b01d2e46f7843d88d7450d6c0,resp_4fe9a1f2-fc9c-413e-a3f1-4c631a9338ec,3,True,"{""question_id"": ""PL001_EnvQuality_Q01"", ""group"": ""B"", ""project_id"": ""PL001"", ""source_json"": ""PL001_佛山市亮正新材料有限公司新建项目.json"", ""skill_id"": """", ""audit_category"": ""环境质量数据引用"", ""report_internal_result"": {""status"": ""issue_found"", ""conclusion"": ""报告大气现状引用2022顺德区公报结论，但表3-1年份与变化率疑似对应2020-2021而非2022；地表水存在新涌大河与东海大河名称不一致。"", ""evidence"": [{""fact"": ""报告引用2022年度顺德区生态环境状况公报判定大气环境质量，五项达标、臭氧超标。"", ""source_location"": ""root[3].content#11000"", ""source_excerpt"": ""2022年顺德区二氧化硫（SO2）、二氧化氮（NO2）、可吸入颗粒物（PM10）、细颗粒物（PM2.5）、一氧化碳（CO）五项污染物年评价浓度均达到二级标准，臭氧（O3）超标。""}, {""fact"": ""地表水文本表述为新涌大河，但表3-2考核断面名称为东海大河。"", ""source_location"": ""root[3].content#11000"", ""source_excerpt"": ""表3-2 2021年1-12月市控考核断面水质情况（东海大河）河涌断面2021年水质目标水质类别超标率(%)达标判定东海大河ⅤⅤ0达标""}], ""checks"": [{""check_name"": ""大气现状表年份与变化率一致性"", ""result"": ""fail"", ""explanation"": ""表3-1标题为2022年度比较，但列值及变化率经核算对应2020-2021年，未体现2022年数据。""}, {""check_name"": ""地表水受纳河涌与考核断面名称一致性"", ""result"": ""uncertain"", ""explanation"": ""文本称新涌大河，表3-2为东海大河，报告未说明两者对应关系。""}, {""check_name"": ""顺德支流断面类别内部一致性"", ""result"": ""pass"", ""explanation"": ""表3-3新涌、飞鹅山断面2021和2022均为Ⅲ类，与文本结论一致。""}], ""calculations"": [{""formula"": ""(5-6)/6×100%"", ""inputs"": {""SO2_2020"": 6, ""SO2_2021"": 5}, ""result"": ""-16.7"", ""unit"": ""%""}, {""formula"": ""(190-173)/173×100%"", ""inputs"": {""O3_2020"": 173, ""O3_2021"": 190}, ""result"": ""9.8"", ""unit"": ""%""}], ""issues"": [""表3-1标题为2022年年度比较，但数据列和变化率对应2020-2021年。"", ""新涌大河与东海大河未建立明确对应关系。""]}, ""external_validation_result"": {""status"": ""insufficient_reference"", ""conclusion"": ""冻结RAG可核验2022顺德区公报大气总体结论，但缺少报告表3-1具体浓度变化及地表水断面类别数据，无法完成全部外部核验。"", ""references_used"": [{""reference_id"": ""ENV_SHUNDE_2022"", ""title"": ""2022年度佛山市顺德区生态环境状况公报"", ""clause_or_table"": ""大气环境质量"", ""supporting_text"": ""2022 年顺德区空气质量综合指数为 3.27，比 2021 年下降6.0%。五项污染物年评价浓度均达到二级标准，臭氧（O3）超标。""}, {""reference_id"": ""ENV_SHUNDE_2022"", ""title"": ""2022年度佛山市顺德区生态环境状况公报"", ""clause_or_table"": ""水环境质量"", ""supporting_text"": ""2022 年顺德区 2 个国控断面（乌洲、顺德港）、3 个省控断面（杨滘、海凌、飞鹅山）均达到相应的水质目标。""}], ""missing_references"": [""2022年度顺德区公报中环境空气污染物浓度水平年度比较表"", ""2022年度顺德区公报中顺德支流新涌、飞鹅山断面水质类别表"", ""2021年1-12月市控考核断面水质情况中东海大河/新涌大河对应关系及水质数据""]}, ""final_answer"": {""judgement"": ""存在问题"", ""analysis"": ""报告引用2022顺德区公报判断大气不达标区，文本结论与公报总体一致；但表3-1标题为2022年度比较，列值及变化率经核算对应2020-2021年，未体现2022年数据，引用准确性不足。地表水方面，文本称新涌大河，表3-2为东海大河且未说明对应关系；顺德支流新涌、飞鹅山Ⅲ类及东海大河Ⅴ类数据未能在冻结RAG中完整核验。需补充原始公报表格及断面对应关系。"", ""scope_note"": ""内部审核基于报告JSON；外部审核仅依据冻结RAG，未使用冻结RAG之外的法规知识。""}, ""answer_mode"": ""partial_internal"", ""safety_flags"": {""used_unprovided_external_knowledge"": false, ""whole_task_abstention"": false, ""report_evidence_hallucination_risk"": false, ""manual_review_needed"": true}}"
PL001_V01_Q01,B,PL001,,国民经济行业分类,请结合项目产品、原辅材料和生产工艺，判断该报告行业类别是否基本合理。,PL001_佛山市亮正新材料有限公司新建项目.json,,qwen3.8-max,pass,报告内部载明的产品、原辅料和工艺与所报C2223加工纸制造、C2921塑料薄膜制造方向基本对应，行业类别表述在章节间基本一致。,insufficient_reference,冻结RAG仅提供C制造业、C223纸制品制造、C292塑料制品业等上位类，未提供C2223加工纸制造和C2921塑料薄膜制造具体条目，无法完成行业代码完整外部核验。,部分完成,报告内部载明产品为保护纸、保护膜，原辅料含牛皮纸、PE原膜、水性胶/油墨，工艺为胶水调配、上胶、复合、熟化、印刷；行业类别多处表述为C2223加工纸制造及C2921塑料薄膜制造，内部基本一致。冻结RAG未提供C2223、C2921具体条目，仅有C223、C292等上位类，外部代码准确性无法完全核验。,外部规范核验仅基于冻结RAG；因缺少C2223和C2921具体分类条目，未完成完整外部规范核验。,partial_internal,True,False,False,True,,,,5d59fb9c3906e4d274b8da2a1dd9ae89317b6d38fc75769427f3c4d6b44b5cc5,1455d924d61f842f76390f374b2b1da11bfb29b7588c6141344e35db27152fc3,resp_8be3b9cf-5441-4c6e-b69c-6094725ac70f,1,True,"{""question_id"": ""PL001_V01_Q01"", ""group"": ""B"", ""project_id"": ""PL001"", ""source_json"": ""PL001_佛山市亮正新材料有限公司新建项目.json"", ""skill_id"": ""IND_GBT4754_2017"", ""audit_category"": ""国民经济行业分类"", ""report_internal_result"": {""status"": ""pass"", ""conclusion"": ""报告内部载明的产品、原辅料和工艺与所报C2223加工纸制造、C2921塑料薄膜制造方向基本对应，行业类别表述在章节间基本一致。"", ""evidence"": [{""fact"": ""报告明确本项目行业类别为C2223加工纸制造及C2921塑料薄膜制造。"", ""source_location"": ""root[1].content#4400"", ""source_excerpt"": ""1-2本项目属于C2223加工纸制造及C2921塑料薄膜制造。""}, {""fact"": ""报告载明产品为保护纸、保护膜，并包含胶水调配、上胶、复合、熟化等生产加工过程。"", ""source_location"": ""root[3].content#8800"", ""source_excerpt"": ""本项目主要从事保护纸和保护膜的生产加工，具体生产工艺及产污流程如下图所示。保护纸生产流程图2-2 保护纸生产流程图保护纸工艺流程简述：项目将水性丙烯酸酯压敏胶和和合成硅油309按2:1的比例使用胶水搅拌机混合均匀""}], ""checks"": [{""check_name"": ""产品与行业类别对应性"", ""result"": ""pass"", ""explanation"": ""保护纸为纸基涂布加工产品，保护膜为PE原膜涂布复合产品，报告分别归入C2223加工纸制造和C2921塑料薄膜制造，内部方向基本匹配。""}, {""check_name"": ""原辅材料与工艺一致性"", ""result"": ""pass"", ""explanation"": ""报告使用牛皮纸、PE原膜、水性胶、水性油墨等，并涉及胶水调配、上胶、复合、熟化、印刷等工艺，与所报行业类别未见明显内部冲突。""}, {""check_name"": ""章节表述一致性"", ""result"": ""pass"", ""explanation"": ""报告在规划相符性和产业政策分析中均表述为C2223加工纸制造及C2921塑料薄膜制造。""}], ""calculations"": [], ""issues"": []}, ""external_validation_result"": {""status"": ""insufficient_reference"", ""conclusion"": ""冻结RAG仅提供C制造业、C223纸制品制造、C292塑料制品业等上位类，未提供C2223加工纸制造和C2921塑料薄膜制造具体条目，无法完成行业代码完整外部核验。"", ""references_used"": [{""reference_id"": ""IND_GBT4754_2017_C223"", ""title"": ""国民经济行业分类 GB/T 4754-2017"", ""clause_or_table"": ""C223 纸制品制造"", ""supporting_text"": ""指用纸及纸板为原料，进一步加工制成纸制品的生产活动""}, {""reference_id"": ""IND_GBT4754_2017_C292"", ""title"": ""国民经济行业分类 GB/T 4754-2017"", ""clause_or_table"": ""C292 塑料制品业"", ""supporting_text"": ""指以合成树脂（高分子化合物）为主要原料，经采用挤塑、注塑、吹塑、压延、层压等工艺加工成型的各种制品的生产""}], ""missing_references"": [""GB/T 4754-2017中C2223加工纸制造条目"", ""GB/T 4754-2017中C2921塑料薄膜制造条目""]}, ""final_answer"": {""judgement"": ""部分完成"", ""analysis"": ""报告内部载明产品为保护纸、保护膜，原辅料含牛皮纸、PE原膜、水性胶/油墨，工艺为胶水调配、上胶、复合、熟化、印刷；行业类别多处表述为C2223加工纸制造及C2921塑料薄膜制造，内部基本一致。冻结RAG未提供C2223、C2921具体条目，仅有C223、C292等上位类，外部代码准确性无法完全核验。"", ""scope_note"": ""外部规范核验仅基于冻结RAG；因缺少C2223和C2921具体分类条目，未完成完整外部规范核验。""}, ""answer_mode"": ""partial_internal"", ""safety_flags"": {""used_unprovided_external_knowledge"": false, ""whole_task_abstention"": false, ""report_evidence_hallucination_risk"": false, ""manual_review_needed"": true}}"
PL002_Emission_噪声,B,PL002,,噪声排放标准,请根据项目所属声环境功能区类别，判断噪声排放标准选取是否合理。要求总结声功能区类型、厂界执行标准（GB12348-2008）及昼夜限值，并与环评编制内容进行一致性分析。,PL002_佛山市顺德区启卓工程塑料实业有限公司搬迁项目.json,,qwen3.8-max,issue_found,报告内部统一采用GB12348-2008 3类厂界标准，昼间65dB(A)、夜间55dB(A)，预测昼间贡献值52.24dB(A)达标；但报告未提供明确声环境功能区类别依据。,not_performed,冻结RAG未提供项目所在地具体声环境功能区类别，也未提供GB12348-2008中3类厂界噪声排放限值，无法完成外部规范核验。,待人工复核,报告将项目按3类声环境功能区管理，厂界执行GB12348-2008 3类标准，昼间65dB(A)、夜间55dB(A)；预测昼间贡献值52.24dB(A)，低于昼间限值，且夜间不生产，内部标准引用和限值基本一致。但报告未明确论证项目所在声功能区为3类，冻结RAG亦缺相应区划和限值依据，需人工复核。,外部规范审核仅基于冻结RAG；因缺少项目所在声功能区划分依据和GB12348-2008 3类限值，外部核验未完成。,partial_internal,True,False,False,True,,,,389befd2b768ad920b8cca91bc3b0696ad9a5b4655331793b0cca54cf73ac555,e07e797557ecd6ffef3878eda769984c2a2c01313cd9b59125e5b34365fc02c2,resp_86600830-4af5-4993-844d-370014b28116,1,True,"{""question_id"": ""PL002_Emission_噪声"", ""group"": ""B"", ""project_id"": ""PL002"", ""source_json"": ""PL002_佛山市顺德区启卓工程塑料实业有限公司搬迁项目.json"", ""skill_id"": ""噪声排放标准"", ""audit_category"": ""噪声排放标准"", ""report_internal_result"": {""status"": ""issue_found"", ""conclusion"": ""报告内部统一采用GB12348-2008 3类厂界标准，昼间65dB(A)、夜间55dB(A)，预测昼间贡献值52.24dB(A)达标；但报告未提供明确声环境功能区类别依据。"", ""evidence"": [{""fact"": ""项目厂界执行GB12348-2008 3类标准，昼间≤65dB(A)、夜间≤55dB(A)。"", ""source_location"": ""root[8].content#4400"", ""source_excerpt"": ""噪声排放标准项目厂界外1m执行《工业企业厂界环境噪声排放标准》（GB12348-2008）中的3类标准：昼间≤65dB(A)、夜间≤55dB(A)。""}, {""fact"": ""厂界昼间噪声预测贡献值52.24dB(A)，低于65dB(A)，报告判定达标且夜间不生产。"", ""source_location"": ""root[10].content#2200"", ""source_excerpt"": ""昼间厂界四周92.244052.246555达标备注：项目夜间不进行生产活动。""}], ""checks"": [{""check_name"": ""声环境功能区类别依据"", ""result"": ""uncertain"", ""explanation"": ""报告仅列有声环境功能区划图名称，未提供项目所在声功能区类别的明确结论。""}, {""check_name"": ""厂界执行标准与限值一致性"", ""result"": ""pass"", ""explanation"": ""报告标准章节、预测分析和监测计划均执行GB12348-2008 3类，限值65/55dB(A)一致。""}, {""check_name"": ""预测值与标准限值一致性"", ""result"": ""pass"", ""explanation"": ""昼间预测贡献值52.24dB(A)小于65dB(A)；备注夜间不生产。""}], ""calculations"": [{""formula"": ""昼间达标裕量=昼间标准限值-昼间预测贡献值"", ""inputs"": {""昼间标准限值"": 65, ""昼间预测贡献值"": 52.24}, ""result"": ""12.76"", ""unit"": ""dB(A)""}], ""issues"": [""报告未提供项目所在声环境功能区类别的明确判定依据，仅以执行3类标准代替功能区类别论证。""]}, ""external_validation_result"": {""status"": ""not_performed"", ""conclusion"": ""冻结RAG未提供项目所在地具体声环境功能区类别，也未提供GB12348-2008中3类厂界噪声排放限值，无法完成外部规范核验。"", ""references_used"": [], ""missing_references"": [""GB 12348-2008中3类厂界环境噪声排放限值（昼间/夜间）"", ""佛山市或顺德区声环境功能区划中项目所在地对应3类区的具体划分依据""]}, ""final_answer"": {""judgement"": ""待人工复核"", ""analysis"": ""报告将项目按3类声环境功能区管理，厂界执行GB12348-2008 3类标准，昼间65dB(A)、夜间55dB(A)；预测昼间贡献值52.24dB(A)，低于昼间限值，且夜间不生产，内部标准引用和限值基本一致。但报告未明确论证项目所在声功能区为3类，冻结RAG亦缺相应区划和限值依据，需人工复核。"", ""scope_note"": ""外部规范审核仅基于冻结RAG；因缺少项目所在声功能区划分依据和GB12348-2008 3类限值，外部核验未完成。""}, ""answer_mode"": ""partial_internal"", ""safety_flags"": {""used_unprovided_external_knowledge"": false, ""whole_task_abstention"": false, ""report_evidence_hallucination_risk"": false, ""manual_review_needed"": true}}"
PL002_Emission_固体,B,PL002,,固体废物控制标准,请根据项目产生的固体废物和危险废物类型，判断固体废物控制标准选取是否合理。要求总结一般工业固体废物和危险废物执行标准的标准名称及编号，分析是否缺少必要标准条目。,PL002_佛山市顺德区启卓工程塑料实业有限公司搬迁项目.json,,qwen3.8-max,issue_found,报告已列出危废执行《国家危险废物名录》（2021版）和GB18597-2023，危废贮存标准选取基本合理；但一般工业固废贮存污染控制标准在标准章节未列GB18599-2020，仅在措施章节出现，并同时提及GB18599-2001相关要求，存在标准条目不完整和版本混用。,insufficient_reference,冻结RAG可核验GB18599-2020为一般工业固废贮存和填埋污染控制标准且GB18599-2001已废止，也可核验GB18597-2023适用于危废贮存污染控制；但RAG未提供GB34330-2025替代GB34330-2017及危废名录2025替代2021版的明确实施依据，故该部分不作判定。,存在问题,报告列出固废法、广东省条例、GB34330-2017、GB/T39198-2020、国家危险废物名录（2021版）、GB18597-2023。危废贮存执行GB18597-2023合理。一般工业固废贮存应执行GB18599-2020，但标准章节未列该标准，仅在措施章节出现，且引用GB18599-2001相关要求，存在缺少必要条目及新旧标准混用。GB34330及危废名录是否需更新为2025版，RAG未提供实施替代依据，暂不判定。,外部规范核验仅基于冻结RAG；对GB34330和危废名录现行版本替代情况证据不足。,partial_internal,True,False,False,True,,,,00ea515c208ef09565bc7694e985d7d9a68c9ee13254f75b95075ea732b1cced,d0ad54e070b2ba00176f9d4202ee7f4d51ef03eb2f6fe17a99dd8eddd531bc49,resp_5999e103-1d14-4e1b-9643-3ba801555430,2,True,"{""question_id"": ""PL002_Emission_固体"", ""group"": ""B"", ""project_id"": ""PL002"", ""source_json"": ""PL002_佛山市顺德区启卓工程塑料实业有限公司搬迁项目.json"", ""skill_id"": """", ""audit_category"": ""固体废物控制标准"", ""report_internal_result"": {""status"": ""issue_found"", ""conclusion"": ""报告已列出危废执行《国家危险废物名录》（2021版）和GB18597-2023，危废贮存标准选取基本合理；但一般工业固废贮存污染控制标准在标准章节未列GB18599-2020，仅在措施章节出现，并同时提及GB18599-2001相关要求，存在标准条目不完整和版本混用。"", ""evidence"": [{""fact"": ""标准章节将一般工业固废按GB/T39198-2020分类鉴别，危废执行2021版名录和GB18597-2023。"", ""source_location"": ""root[8].content#4400"", ""source_excerpt"": ""一般工业固体废物参照《一般固体废物分类及代码》（GB/T39198-2020）进行鉴别，危险废物执行《国家危险废物名录》（2021版）以及《危险废物贮存污染控制标准》（GB18597-2023）。""}, {""fact"": ""措施章节提出一般固废暂存间满足GB18599-2020，同时又提及GB18599-2001相关要求。"", ""source_location"": ""root[11].content#0"", ""source_excerpt"": ""一般固废暂存间的建设应满足《广东省固体废物污染环境防治条例》、《一般工业固体废物贮存和填埋污染控制标准》（GB18599-2020）以及《关于发布〈一般工业固体废物贮存、处置场污染控制标准〉（GB18599-2001）相关要求""}], ""checks"": [{""check_name"": ""一般工业固废贮存标准完整性"", ""result"": ""fail"", ""explanation"": ""标准选取章节未列GB18599-2020作为一般工业固废贮存污染控制标准，且后文仍提及GB18599-2001相关要求。""}, {""check_name"": ""危险废物标准匹配性"", ""result"": ""pass"", ""explanation"": ""项目产生废机油、废活性炭、废含油桶罐、含油废抹布，报告列明2021版危废名录和GB18597-2023。""}, {""check_name"": ""固废类别与处置去向一致性"", ""result"": ""pass"", ""explanation"": ""一般固废包括生活垃圾、废试样品、废包装材料、沉降粉尘；危废均要求暂存后交资质单位处置。""}], ""calculations"": [{""formula"": ""一般固废小计=2.25+2.0000+9.6000+0.0095"", ""inputs"": {""生活垃圾"": ""2.25"", ""废试样品"": ""2.0000"", ""废包装材料"": ""9.6000"", ""沉降塑料粉尘"": ""0.0095""}, ""result"": ""13.8595"", ""unit"": ""t/a""}, {""formula"": ""危废小计=0.1+63.15+0.0040+0.02"", ""inputs"": {""废机油"": ""0.1"", ""废活性炭"": ""63.15"", ""废含油桶罐"": ""0.0040"", ""含油废抹布"": ""0.02""}, ""result"": ""63.274"", ""unit"": ""t/a""}], ""issues"": [""标准章节缺少《一般工业固体废物贮存和填埋污染控制标准》（GB18599-2020）作为一般工业固废贮存污染控制标准条目。"", ""措施章节同时引用GB18599-2020和GB18599-2001相关要求，存在新旧标准混用。""]}, ""external_validation_result"": {""status"": ""insufficient_reference"", ""conclusion"": ""冻结RAG可核验GB18599-2020为一般工业固废贮存和填埋污染控制标准且GB18599-2001已废止，也可核验GB18597-2023适用于危废贮存污染控制；但RAG未提供GB34330-2025替代GB34330-2017及危废名录2025替代2021版的明确实施依据，故该部分不作判定。"", ""references_used"": [{""reference_id"": ""SOLID_GB18599_2020"", ""title"": ""一般工业固体废物贮存和填埋污染控制标准"", ""clause_or_table"": ""前言/实施说明"", ""supporting_text"": ""自本标准实施之日起， 《一般工业固体废物贮存、 处置场污染控制标准》（GB 18599-2001）废止。""}, {""reference_id"": ""SOLID_GB18597_2023"", ""title"": ""危险废物贮存污染控制标准"", ""clause_or_table"": ""1 适用范围"", ""supporting_text"": ""本标 准适 用于 产生 、收集 、贮存 、利用 、处置 危险 废物 的单 位新 建、改建 、扩建 的危 险废 物贮 存设 施选 址、建设 和运 行的 污染 控制 和环 境管 理""}], ""missing_references"": [""缺少GB34330-2025替代GB34330-2017的明确实施或替代条款。"", ""缺少《国家危险废物名录（2025年版）》替代2021版的明确实施或替代条款。""]}, ""final_answer"": {""judgement"": ""存在问题"", ""analysis"": ""报告列出固废法、广东省条例、GB34330-2017、GB/T39198-2020、国家危险废物名录（2021版）、GB18597-2023。危废贮存执行GB18597-2023合理。一般工业固废贮存应执行GB18599-2020，但标准章节未列该标准，仅在措施章节出现，且引用GB18599-2001相关要求，存在缺少必要条目及新旧标准混用。GB34330及危废名录是否需更新为2025版，RAG未提供实施替代依据，暂不判定。"", ""scope_note"": ""外部规范核验仅基于冻结RAG；对GB34330和危废名录现行版本替代情况证据不足。""}, ""answer_mode"": ""partial_internal"", ""safety_flags"": {""used_unprovided_external_knowledge"": false, ""whole_task_abstention"": false, ""report_evidence_hallucination_risk"": false, ""manual_review_needed"": true}}"
PL002_Emission_大气,B,PL002,,大气污染物排放标准,请根据项目行业类别、生产工艺和污染因子，判断大气污染物排放标准选取是否合理。要求分析：污染源覆盖是否完整（列出所有大气污染源及对应标准），是否存在缺漏的污染源或标准。,PL002_佛山市顺德区启卓工程塑料实业有限公司搬迁项目.json,,qwen3.8-max,issue_found,报告已列出混料/破碎颗粒物、挤出/抽检非甲烷总烃及臭气浓度、厂区内NMHC无组织等大气污染源，并对应GB31572-2015、GB14554-93、DB44/2367-2022，污染源覆盖基本完整；但存在限值与指标表述不一致。,insufficient_reference,冻结RAG可支持恶臭污染物执行GB14554-93、VOCs无组织在行业标准未规定时执行DB44/2367-2022，以及GB31572适用于合成树脂工业的框架；但缺GB31572表5/表9具体限值及C2929与GB31572适用关系，无法完整判定限值选取合理性。,存在问题,内部可见大气污染源包括混料/破碎颗粒物（无组织）、挤出/抽检NMHC（有组织G1及无组织）、臭气浓度（有组织/无组织）及厂区内NMHC无组织，分别对应GB31572-2015、GB14554-93、DB44/2367-2022，覆盖基本完整。问题：标准表与达标分析均给出G1 NMHC限值60mg/m3，但监测计划写100mg/m3；部分文字称总VOCs而标准表仅列NMHC；臭气30m排气筒处引用25m标准值表述需澄清。外部RAG仅能支持恶臭、VOC无组织及合成树脂行业标准的适用框架，缺GB31572表5/表9具体限值及C2929细分适用依据，故不能完全判定。,仅依据报告JSON与冻结RAG；未采用RAG外法规知识。,partial_internal,True,False,False,True,,,,2c2f4014b6c138706ee2ae00a4666db75739f9333471d747238e219e8075c5e8,2cb73926a17a44188d190d3fbbf4ae9443d0def2e59240699c376012899ece71,resp_c033a31b-30db-4c9c-8206-48fe0b58f5a4,1,True,"{""question_id"": ""PL002_Emission_大气"", ""group"": ""B"", ""project_id"": ""PL002"", ""source_json"": ""PL002_佛山市顺德区启卓工程塑料实业有限公司搬迁项目.json"", ""skill_id"": """", ""audit_category"": ""大气污染物排放标准"", ""report_internal_result"": {""status"": ""issue_found"", ""conclusion"": ""报告已列出混料/破碎颗粒物、挤出/抽检非甲烷总烃及臭气浓度、厂区内NMHC无组织等大气污染源，并对应GB31572-2015、GB14554-93、DB44/2367-2022，污染源覆盖基本完整；但存在限值与指标表述不一致。"", ""evidence"": [{""fact"": ""标准表列出混料/破碎颗粒物、挤出/抽检NMHC、臭气浓度及对应标准限值。"", ""source_location"": ""root[8].content#2200"", ""source_excerpt"": ""混料、破碎颗粒物///1.0GB31572-2015挤出、抽检非甲烷总烃（NMHC）G1（30m）60----GB31572-2015臭气浓度6000（无量纲）--20（无量纲）GB14554-93""}, {""fact"": ""监测计划中G1非甲烷总烃限值写为100，与前文60不一致。"", ""source_location"": ""root[9].content#6600"", ""source_excerpt"": ""3G1非甲烷总烃1次/年《合成树脂工业污染物排放标准》（GB31572-2015）100/臭气浓度1次/年《恶臭污染物排放标准》（GB14554-93）6000（无量纲）/""}], ""checks"": [{""check_name"": ""污染源与标准映射完整性"", ""result"": ""pass"", ""explanation"": ""混料/破碎颗粒物、挤出/抽检NMHC、臭气浓度、厂区内NMHC无组织均有对应标准。""}, {""check_name"": ""NMHC执行限值一致性"", ""result"": ""fail"", ""explanation"": ""标准表及达标分析给出G1 NMHC限值60mg/m3，监测计划给出100mg/m3。""}, {""check_name"": ""臭气排气筒高度与标准引用一致性"", ""result"": ""uncertain"", ""explanation"": ""报告为30m排气筒，但达标说明中出现25m高排气筒标准值表述，需核实对应高度限值。""}], ""calculations"": [], ""issues"": [""G1非甲烷总烃排放限值在标准表/达标分析为60mg/m3，监测计划为100mg/m3，内部不一致。"", ""报告部分位置使用总VOCs表述，标准表仅列非甲烷总烃，需说明指标对应关系。"", ""臭气浓度30m排气筒达标说明中引用25m高排气筒标准值，需核实高度对应限值。""]}, ""external_validation_result"": {""status"": ""insufficient_reference"", ""conclusion"": ""冻结RAG可支持恶臭污染物执行GB14554-93、VOCs无组织在行业标准未规定时执行DB44/2367-2022，以及GB31572适用于合成树脂工业的框架；但缺GB31572表5/表9具体限值及C2929与GB31572适用关系，无法完整判定限值选取合理性。"", ""references_used"": [{""reference_id"": ""AIR_GB31572_2015_MOD"", ""title"": ""合成树脂工业污染物排放标准（含2024修改内容）"", ""clause_or_table"": ""前言/适用范围"", ""supporting_text"": ""本标准规定了合成树脂（聚氯乙烯树脂除外）工业企业及其生产设施的水污染物和大气污染物排放限值、监测和监督管理要求。""}, {""reference_id"": ""AIR_GB14554_93"", ""title"": ""恶臭污染物排放标准"", ""clause_or_table"": ""5.2"", ""supporting_text"": ""排污单位经烟、气排气筒(高度在 15 m 以上)排放的恶臭污染物的排放量和臭气浓度都必须低于或等于恶臭污染物排放标准。""}, {""reference_id"": ""AIR_DB44_2367_2022"", ""title"": ""固定污染源挥发性有机物综合排放标准"", ""clause_or_table"": ""1 范围"", ""supporting_text"": ""凡是无行业性大气污染物排放标准或者挥发性有机物排放标准控制的污染源，应当执行本文件。国家或我省发布的行业污染物排放标准中对VOCs无组织排放控制未做规定的，应执行本文件中无组织排放控制要求。""}], ""missing_references"": [""GB31572-2015表5、表9具体排放限值。"", ""GB14554-93按排气筒高度的具体限值表。"", ""C2929其他塑料制品制造与GB31572适用关系的明确依据。""]}, ""final_answer"": {""judgement"": ""存在问题"", ""analysis"": ""内部可见大气污染源包括混料/破碎颗粒物（无组织）、挤出/抽检NMHC（有组织G1及无组织）、臭气浓度（有组织/无组织）及厂区内NMHC无组织，分别对应GB31572-2015、GB14554-93、DB44/2367-2022，覆盖基本完整。问题：标准表与达标分析均给出G1 NMHC限值60mg/m3，但监测计划写100mg/m3；部分文字称总VOCs而标准表仅列NMHC；臭气30m排气筒处引用25m标准值表述需澄清。外部RAG仅能支持恶臭、VOC无组织及合成树脂行业标准的适用框架，缺GB31572表5/表9具体限值及C2929细分适用依据，故不能完全判定。"", ""scope_note"": ""仅依据报告JSON与冻结RAG；未采用RAG外法规知识。""}, ""answer_mode"": ""partial_internal"", ""safety_flags"": {""used_unprovided_external_knowledge"": false, ""whole_task_abstention"": false, ""report_evidence_hallucination_risk"": false, ""manual_review_needed"": true}}"
PL002_EnvQuality_Q01,B,PL002,,环境质量数据引用,请根据报告引用的环境质量公报及现状数据，判断大气和地表水环境质量现状数据引用是否准确。,PL002_佛山市顺德区启卓工程塑料实业有限公司搬迁项目.json,,qwen3.8-max,issue_found,报告第三章引用2022年度顺德区公报判断大气除O3超标外达标、地表水顺德支流新涌和飞鹅山断面Ⅲ类，结论叙述基本一致；但表3-1年份表头与2022年度比较表述不一致，且PM10、PM2.5变化率符号与计算不符。,insufficient_reference,冻结RAG可核验2022年度顺德大气公报主要结论，即综合指数3.27、五项达标、臭氧超标；也可核验2022年主河道水质优良率100%及飞鹅山等断面达标。但RAG未提供顺德支流新涌断面具体类别及表3-1六项浓度数值，无法完整核验。,待人工复核,内部审核：报告第三章引用2022年度顺德公报，大气除O3超标外达标、地表水顺德支流新涌和飞鹅山Ⅲ类的结论前后基本一致；但表3-1标题为2022年度比较，表头年份显示2020/2021，且PM10、PM2.5变化率按数值计算应为负值。外部核验：RAG可证实2022大气公报主要结论及飞鹅山等断面达标，但新涌断面具体类别及表3-1浓度数值缺失，无法完整判定引用准确。,外部审核仅依据冻结RAG，未使用RAG之外的法规或公报知识。,full_validation,True,False,False,True,,,,9e46ab48f81e0bdfcb3673bfb5ed0a9a7c1b617937db2bb3a07c3fdd7643cac7,2d4dc752d7a80e0b75961472048fde034965b395746fa65fb83ca8aa9aa8a21b,resp_840fb327-7fb3-4d2a-a8af-244b58298f87,1,True,"{""question_id"": ""PL002_EnvQuality_Q01"", ""group"": ""B"", ""project_id"": ""PL002"", ""source_json"": ""PL002_佛山市顺德区启卓工程塑料实业有限公司搬迁项目.json"", ""skill_id"": """", ""audit_category"": ""环境质量数据引用"", ""report_internal_result"": {""status"": ""issue_found"", ""conclusion"": ""报告第三章引用2022年度顺德区公报判断大气除O3超标外达标、地表水顺德支流新涌和飞鹅山断面Ⅲ类，结论叙述基本一致；但表3-1年份表头与2022年度比较表述不一致，且PM10、PM2.5变化率符号与计算不符。"", ""evidence"": [{""fact"": ""报告引用2022年度大气环境质量状况公报，判断除臭氧外其余污染物达标。"", ""source_location"": ""root[8].content#0"", ""source_excerpt"": ""由2022年全区的大气环境质量状况公报可知，除臭氧浓度不达标外，其余污染物指标浓度均达到《环境空气质量标准》（GB3095-2012）二级标准限值。""}, {""fact"": ""报告引用2022年度公报判断顺德支流新涌、飞鹅山断面满足Ⅲ类水功能要求。"", ""source_location"": ""root[8].content#0"", ""source_excerpt"": ""2022年顺德支流新涌断面、飞鹅山断面水质均满足《地表水环境质量标准》（GB3838-2002）之Ⅲ类水功能要求，则本项目地表水环境属于达标区。""}], ""checks"": [{""check_name"": ""大气现状结论内部一致性"", ""result"": ""pass"", ""explanation"": ""报告多处均表述区域大气除臭氧不达标外其余达标，第三章与符合性分析结论一致。""}, {""check_name"": ""地表水现状结论内部一致性"", ""result"": ""pass"", ""explanation"": ""第三章引用2022年度公报判定顺德支流达标；前文虽引用2021年度公报，但水质结论同为Ⅲ类。""}, {""check_name"": ""表3-1数据自洽性"", ""result"": ""fail"", ""explanation"": ""标题为2022年年度比较，表头年份显示2020/2021；按表中数值计算，PM10、PM2.5变化率应为负值，表内未体现。""}], ""calculations"": [{""formula"": ""(32-42)/42×100%"", ""inputs"": {""PM10前期值"": 42, ""PM10当期值"": 32}, ""result"": ""-23.8"", ""unit"": ""%""}, {""formula"": ""(19-22)/22×100%"", ""inputs"": {""PM2.5前期值"": 22, ""PM2.5当期值"": 19}, ""result"": ""-13.6"", ""unit"": ""%""}], ""issues"": [""表3-1年份表头与“2022年…年度比较”不一致。"", ""PM10、PM2.5变化率未体现下降方向。"", ""前文引用2021年度公报，第三章引用2022年度公报，引用年度不统一。""]}, ""external_validation_result"": {""status"": ""insufficient_reference"", ""conclusion"": ""冻结RAG可核验2022年度顺德大气公报主要结论，即综合指数3.27、五项达标、臭氧超标；也可核验2022年主河道水质优良率100%及飞鹅山等断面达标。但RAG未提供顺德支流新涌断面具体类别及表3-1六项浓度数值，无法完整核验。"", ""references_used"": [{""reference_id"": ""ENV_SHUNDE_2022_P0005"", ""title"": ""2022年度佛山市顺德区生态环境状况公报"", ""clause_or_table"": ""大气环境质量"", ""supporting_text"": ""2022 年顺德区空气质量综合指数为 3.27，比 2021 年下降6.0%，在全市五区中排名第二。""}, {""reference_id"": ""ENV_SHUNDE_2022_P0059"", ""title"": ""2022年度佛山市顺德区生态环境状况公报"", ""clause_or_table"": ""地表水环境-主河道"", ""supporting_text"": ""2022 年顺德区 2 个国控断面 （乌洲、 顺德港）、3 个省控断面（杨滘、海凌、飞鹅山）均达到相应的水质目标，水质优良率（Ⅰ～Ⅲ类）为 100%。""}], ""missing_references"": [""2022年度佛山市顺德区生态环境状况公报中顺德支流新涌断面水质类别表值"", ""2022年度佛山市顺德区生态环境状况公报中环境空气六项污染物浓度明细表""]}, ""final_answer"": {""judgement"": ""待人工复核"", ""analysis"": ""内部审核：报告第三章引用2022年度顺德公报，大气除O3超标外达标、地表水顺德支流新涌和飞鹅山Ⅲ类的结论前后基本一致；但表3-1标题为2022年度比较，表头年份显示2020/2021，且PM10、PM2.5变化率按数值计算应为负值。外部核验：RAG可证实2022大气公报主要结论及飞鹅山等断面达标，但新涌断面具体类别及表3-1浓度数值缺失，无法完整判定引用准确。"", ""scope_note"": ""外部审核仅依据冻结RAG，未使用RAG之外的法规或公报知识。""}, ""answer_mode"": ""full_validation"", ""safety_flags"": {""used_unprovided_external_knowledge"": false, ""whole_task_abstention"": false, ""report_evidence_hallucination_risk"": false, ""manual_review_needed"": true}}"
PL002_V01_Q01,B,PL002,,国民经济行业分类,请结合项目产品、原辅材料和生产工艺，判断该报告是否适合作为塑胶行业种子问答样本，并判断行业类别是否基本合理。,PL002_佛山市顺德区启卓工程塑料实业有限公司搬迁项目.json,,qwen3.8-max,issue_found,报告产品、原料和工艺具有塑胶行业典型特征，适合作为塑胶行业种子问答样本；行业类别列为C2929基本可接受，但与改性塑料粒产品细分存在轻微不匹配；另发现VOCs总量章节数值不一致。,verified,依据冻结RAG，C292塑料制品业涵盖以合成树脂为主要原料、经挤塑注塑等工艺生产塑料制品的活动；C2929涵盖其他未列明非日用塑料制品。项目以塑料新粒料经挤出、注塑等加工，归入塑料制品业基本合理，C2929作为细分基本可接受。,部分完成,报告产品为改性PP/PC/PA/PPT/PET塑料粒，原料为塑料新粒料、色母和玻纤，工艺为混料、挤出、拉粒、注塑检测，具备塑胶行业典型特征，适合作为塑胶行业种子问答样本。行业类别报告列C2929，结合GB/T 4754中292塑料制品业及2929其他塑料制品制造，基本合理，但产品为粒料而非零件，细分需复核。内部发现VOCs总量5.1520t/a与1.6100t/a有组织、4.3700t/a合计不一致。,仅依据给定报告上下文和冻结RAG完成审核，未使用RAG之外法规知识。,full_validation,True,False,False,True,,,,bb239c5dfc7fbccb5f71d919c5016e564cc71a0d8519463881f9ed3a28c7ced3,47128995a772dc3bbb0565be4264a522891efab74cb7c93d1c6e599d7096c89f,resp_812eb83b-e142-4d4f-a61a-93ed27219da3,2,True,"{""question_id"": ""PL002_V01_Q01"", ""group"": ""B"", ""project_id"": ""PL002"", ""source_json"": ""PL002_佛山市顺德区启卓工程塑料实业有限公司搬迁项目.json"", ""skill_id"": """", ""audit_category"": ""国民经济行业分类"", ""report_internal_result"": {""status"": ""issue_found"", ""conclusion"": ""报告产品、原料和工艺具有塑胶行业典型特征，适合作为塑胶行业种子问答样本；行业类别列为C2929基本可接受，但与改性塑料粒产品细分存在轻微不匹配；另发现VOCs总量章节数值不一致。"", ""evidence"": [{""fact"": ""报告明确项目行业类别为C2929塑料零件及其他塑料制品制造。"", ""source_location"": ""root[1].content#2200"", ""source_excerpt"": ""本项目属于C2929 塑料零件及其他塑料制品制造，无燃煤燃油火电机组和企业自备电站、供热锅炉。""}, {""fact"": ""搬迁后项目以塑料新粒料为原料，经混料、拉粒、挤出成型等塑胶加工工艺。"", ""source_location"": ""root[5].content#6600"", ""source_excerpt"": ""PP、PC、PA、PPT、PET新粒料、玻璃纤维、色母（粒料）经人工配料后按比例加入混料机进行混料，混好料后加入拉料机进行拉粒加工，原料塑料粒在双螺杆机挤出机组内于约200℃的温度下挤出成型""}], ""checks"": [{""check_name"": ""塑胶行业样本适配性"", ""result"": ""pass"", ""explanation"": ""产品为改性塑料粒，原料为PP、PC、PA、PPT、PET新粒料，工艺包括混料、挤出、拉粒、注塑检测，属于塑胶行业典型内容。""}, {""check_name"": ""行业类别与产品匹配性"", ""result"": ""uncertain"", ""explanation"": ""报告列C2929塑料零件及其他塑料制品制造，但产品为改性塑料粒，非典型塑料零件，作为其他塑料制品基本可接受，细分需复核。""}, {""check_name"": ""VOCs总量数值一致性"", ""result"": ""fail"", ""explanation"": ""一处称有机废气有组织总排放量5.1520t/a；另一处有组织1.6100t/a、无组织2.7600t/a、合计4.3700t/a，前后不一致。""}], ""calculations"": [{""formula"": ""VOCs合计=有组织排放量+无组织排放量"", ""inputs"": {""有组织排放量"": 1.61, ""无组织排放量"": 2.76}, ""result"": ""4.3700"", ""unit"": ""t/a""}, {""formula"": ""差异=5.1520-1.6100"", ""inputs"": {""有机废气有组织总排放量"": 5.152, ""VOCs有组织排放量"": 1.61}, ""result"": ""3.5420"", ""unit"": ""t/a""}], ""issues"": [""VOCs总量指标5.1520t/a与工程核算有组织1.6100t/a、合计4.3700t/a不一致。"", ""C2929与改性塑料粒产品形态的细分匹配需人工复核。""]}, ""external_validation_result"": {""status"": ""verified"", ""conclusion"": ""依据冻结RAG，C292塑料制品业涵盖以合成树脂为主要原料、经挤塑注塑等工艺生产塑料制品的活动；C2929涵盖其他未列明非日用塑料制品。项目以塑料新粒料经挤出、注塑等加工，归入塑料制品业基本合理，C2929作为细分基本可接受。"", ""references_used"": [{""reference_id"": ""IND_GBT4754_2017"", ""title"": ""GB/T 4754-2017国民经济行业分类"", ""clause_or_table"": ""292塑料制品业"", ""supporting_text"": ""指以合成树脂（高分子化合物）为主要原料，经采用挤塑、注塑、吹塑、压延、层压等工艺加工成型的各种制品的生产，以及利用回收的废旧塑料加工再生产塑料制品的活动；不包括塑料鞋制造""}, {""reference_id"": ""IND_GBT4754_2017"", ""title"": ""GB/T 4754-2017国民经济行业分类"", ""clause_or_table"": ""2929塑料零件及其他塑料制品制造"", ""supporting_text"": ""指塑料制绝缘零件、密封制品、紧固件，以及汽车、家具等专用零配件的制造，以及上述未列明的其他各类非日用塑料制品的生产活动""}], ""missing_references"": []}, ""final_answer"": {""judgement"": ""部分完成"", ""analysis"": ""报告产品为改性PP/PC/PA/PPT/PET塑料粒，原料为塑料新粒料、色母和玻纤，工艺为混料、挤出、拉粒、注塑检测，具备塑胶行业典型特征，适合作为塑胶行业种子问答样本。行业类别报告列C2929，结合GB/T 4754中292塑料制品业及2929其他塑料制品制造，基本合理，但产品为粒料而非零件，细分需复核。内部发现VOCs总量5.1520t/a与1.6100t/a有组织、4.3700t/a合计不一致。"", ""scope_note"": ""仅依据给定报告上下文和冻结RAG完成审核，未使用RAG之外法规知识。""}, ""answer_mode"": ""full_validation"", ""safety_flags"": {""used_unprovided_external_knowledge"": false, ""whole_task_abstention"": false, ""report_evidence_hallucination_risk"": false, ""manual_review_needed"": true}}"
PL003_Emission_噪声,B,PL003,,噪声排放标准,请根据项目所属声环境功能区类别，判断噪声排放标准选取是否合理。要求总结声功能区类型、厂界执行标准（GB12348-2008）及昼夜限值，并与环评编制内容进行一致性分析。,PL003_佛山市顺德区康明新材料厂新建项目.json,,qwen3.8-max,pass,报告内部声环境功能区类别、厂界噪声执行标准及昼夜限值一致，噪声排放标准选取在报告内部逻辑上合理。,not_performed,冻结RAG未提供3328吉佑北水工业区片区属于3类声功能区的具体依据，也未提供GB12348-2008中3类厂界噪声排放限值，无法完成外部规范核验。,部分完成,报告内部显示项目位于声环境3类功能区，营运期厂界噪声执行GB12348-2008 3类，表3-12载明昼间65dB(A)、夜间55dB(A)；现状、标准、措施及监测计划表述一致，内部选取合理。冻结RAG缺少片区3类依据及GB12348 3类限值，外部核验未完成。,外部规范审核仅依据冻结RAG；因证据不足标注not_performed。,partial_internal,False,False,False,True,,,,21f1165b6a4bcbe090222942439478f3a02497ff079e462e11c4896a450df109,6598fbf1b2b7bda38beb5fcd70afeba6d74f7e096246512808ca26d8e7f59b34,resp_75fdd5f8-2e8b-42a8-ba84-0488b580cfbd,2,True,"{""question_id"": ""PL003_Emission_噪声"", ""group"": ""B"", ""project_id"": ""PL003"", ""source_json"": ""PL003_佛山市顺德区康明新材料厂新建项目.json"", ""skill_id"": """", ""audit_category"": ""噪声排放标准"", ""report_internal_result"": {""status"": ""pass"", ""conclusion"": ""报告内部声环境功能区类别、厂界噪声执行标准及昼夜限值一致，噪声排放标准选取在报告内部逻辑上合理。"", ""evidence"": [{""fact"": ""项目位于声环境3类功能区。"", ""source_location"": ""root[6].content#0"", ""source_excerpt"": ""根据《佛山市生态环境局关于印发&lt;佛山市声环境功能区划&gt;的通知》（佛环〔2024〕1号），项目位于3328吉佑北水工业区片区，属于声环境3类功能区""}, {""fact"": ""厂界噪声执行GB12348-2008，3类昼间65dB(A)、夜间55dB(A)。"", ""source_location"": ""root[6].content#6600"", ""source_excerpt"": ""表3-12 《工业企业厂界环境噪声排放标准》（摘录）类 别昼 间（6:00～22:00）夜 间（22:00～6:00）3类65 dB(A)55 dB(A)""}], ""checks"": [{""check_name"": ""声功能区类别与执行标准匹配"", ""result"": ""pass"", ""explanation"": ""报告判定项目为声环境3类功能区，并采用GB12348-2008 3类厂界噪声标准。""}, {""check_name"": ""昼夜限值完整性"", ""result"": ""pass"", ""explanation"": ""报告表3-12列明3类昼间65dB(A)、夜间55dB(A)。""}, {""check_name"": ""章节一致性"", ""result"": ""pass"", ""explanation"": ""声环境现状、排放控制标准、噪声治理措施及自行监测计划均引用GB12348-2008 3类标准。""}], ""calculations"": [], ""issues"": []}, ""external_validation_result"": {""status"": ""not_performed"", ""conclusion"": ""冻结RAG未提供3328吉佑北水工业区片区属于3类声功能区的具体依据，也未提供GB12348-2008中3类厂界噪声排放限值，无法完成外部规范核验。"", ""references_used"": [], ""missing_references"": [""佛环〔2024〕1号中3328吉佑北水工业区片区声环境功能区类别清单或附图"", ""GB12348-2008表1中3类厂界环境噪声排放限值""]}, ""final_answer"": {""judgement"": ""部分完成"", ""analysis"": ""报告内部显示项目位于声环境3类功能区，营运期厂界噪声执行GB12348-2008 3类，表3-12载明昼间65dB(A)、夜间55dB(A)；现状、标准、措施及监测计划表述一致，内部选取合理。冻结RAG缺少片区3类依据及GB12348 3类限值，外部核验未完成。"", ""scope_note"": ""外部规范审核仅依据冻结RAG；因证据不足标注not_performed。""}, ""answer_mode"": ""partial_internal"", ""safety_flags"": {""used_unprovided_external_knowledge"": false, ""whole_task_abstention"": false, ""report_evidence_hallucination_risk"": false, ""manual_review_needed"": false}}"
PL003_Emission_固体,B,PL003,,固体废物控制标准,请根据项目产生的固体废物和危险废物类型，判断固体废物控制标准选取是否合理。要求总结一般工业固体废物和危险废物执行标准的标准名称及编号，分析是否缺少必要标准条目。,PL003_佛山市顺德区康明新材料厂新建项目.json,,qwen3.8-max,issue_found,报告已识别危险废物和一般工业固体废物，并列出GB18597-2023等依据；但一般工业固体废物贮存未列出GB18599-2020，标准条目不完整。,verified,冻结RAG支持危废贮存执行GB18597-2023；一般工业固废贮存应适用GB18599-2020。报告缺少该一般工业固废贮存标准，且可补充广东省固废条例；2025版危废名录和GB34330-2025适用性需核实。,存在问题,报告识别了危险废物和一般工业固废。危废执行GB18597-2023，并列出固废法、2021版危废名录、GB34330-2017、GB/T39198-2020，方向基本合理。一般工业固废仅列分类代码标准，未列GB18599-2020，贮存要求仅表述防渗漏、防雨淋、防扬尘，缺少强制性贮存污染控制标准。另应核实2025版危废名录及GB34330-2025适用性，并可补充广东省固废条例。,外部核验仅基于冻结RAG；对2025版名录和GB34330-2025是否替代原版本未作超出RAG的判定。,full_validation,True,False,False,True,,,,22de5e62d72a48a616bb098a2dc4022830ce8f3d3784d5a3d5d99a051f078112,f069c0876e5c7d27fb5f105418f9d84e852385136fc1c8383cec44ca3fcca870,resp_cd3c3097-1c6e-4004-80a3-da8128f066a2,1,True,"{""question_id"": ""PL003_Emission_固体"", ""group"": ""B"", ""project_id"": ""PL003"", ""source_json"": ""PL003_佛山市顺德区康明新材料厂新建项目.json"", ""skill_id"": """", ""audit_category"": ""固体废物控制标准"", ""report_internal_result"": {""status"": ""issue_found"", ""conclusion"": ""报告已识别危险废物和一般工业固体废物，并列出GB18597-2023等依据；但一般工业固体废物贮存未列出GB18599-2020，标准条目不完整。"", ""evidence"": [{""fact"": ""报告列出的固体废物执行标准包括GB34330-2017、GB18597-2023、GB/T39198-2020等。"", ""source_location"": ""root[6].content#6600"", ""source_excerpt"": ""《固体废物鉴别标准 通则》（GB34330-2017）、《危险废物贮存污染控制标准》（GB18597-2023）、《一般固体废物分类和代码》（GB/T39198-2020）""}, {""fact"": ""报告识别了危险废物和一般废物类型。"", ""source_location"": ""root[10].content#0"", ""source_excerpt"": ""项目在营运过程中产生的固体废物主要有两大类，一类为危险废物，主要包括废机油、废抹布、废油桶、废活性炭和废包装桶； 另一类为一般废物，主要包括生活垃圾、废包装袋、边角料、次品和泥垢。""}], ""checks"": [{""check_name"": ""危险废物贮存标准匹配性"", ""result"": ""pass"", ""explanation"": ""项目产生废机油、废油桶、废抹布、废活性炭、废包装桶等危险废物，报告执行GB18597-2023，与危废厂内暂存需求匹配。""}, {""check_name"": ""一般工业固废贮存标准完整性"", ""result"": ""fail"", ""explanation"": ""项目产生废包装袋、边角料、次品、泥垢等一般工业固废，但报告仅提出防渗漏、防雨淋、防扬尘要求，未列出GB18599-2020。""}, {""check_name"": ""固废属性识别依据"", ""result"": ""pass"", ""explanation"": ""报告列出GB34330-2017和GB/T39198-2020，用于固废鉴别和一般固废分类代码识别，方向合理。""}], ""calculations"": [], ""issues"": [""一般工业固体废物贮存缺少《一般工业固体废物贮存和填埋污染控制标准》（GB18599-2020）的明确引用。"", ""报告引用《国家危险废物名录》（2021年），未说明现行有效版本适用性，需结合外部名录版本核实。""]}, ""external_validation_result"": {""status"": ""verified"", ""conclusion"": ""冻结RAG支持危废贮存执行GB18597-2023；一般工业固废贮存应适用GB18599-2020。报告缺少该一般工业固废贮存标准，且可补充广东省固废条例；2025版危废名录和GB34330-2025适用性需核实。"", ""references_used"": [{""reference_id"": ""SOLID_GB18597_2023"", ""title"": ""危险废物贮存污染控制标准"", ""clause_or_table"": ""1 适用范围"", ""supporting_text"": ""本标准规定了危险废物贮存污染控制的总体要求、贮存设施选址和污染控制要求、容器和包装物污染控制要求、贮存过程污染控制要求""}, {""reference_id"": ""SOLID_GB18599_2020"", ""title"": ""一般工业固体废物贮存和填埋污染控制标准"", ""clause_or_table"": ""前言"", ""supporting_text"": ""本标准规定了一般工业固体废物贮存场、 填埋场的选址、 建设、运行、封场、 土地复垦等过程的环境保护要求""}, {""reference_id"": ""SOLID_GD_REG_2022"", ""title"": ""广东省固体废物污染环境防治条例"", ""clause_or_table"": ""第二十二条"", ""supporting_text"": ""产生固体废物的企业事业单位和其他生产经营者应当按照有关法律、法规、污染控制标准和技术规范等对固体废物进行分类、贮存、利用或者处置""}], ""missing_references"": []}, ""final_answer"": {""judgement"": ""存在问题"", ""analysis"": ""报告识别了危险废物和一般工业固废。危废执行GB18597-2023，并列出固废法、2021版危废名录、GB34330-2017、GB/T39198-2020，方向基本合理。一般工业固废仅列分类代码标准，未列GB18599-2020，贮存要求仅表述防渗漏、防雨淋、防扬尘，缺少强制性贮存污染控制标准。另应核实2025版危废名录及GB34330-2025适用性，并可补充广东省固废条例。"", ""scope_note"": ""外部核验仅基于冻结RAG；对2025版名录和GB34330-2025是否替代原版本未作超出RAG的判定。""}, ""answer_mode"": ""full_validation"", ""safety_flags"": {""used_unprovided_external_knowledge"": false, ""whole_task_abstention"": false, ""report_evidence_hallucination_risk"": false, ""manual_review_needed"": true}}"
PL003_Emission_水污,B,PL003,,水污染物排放标准,请根据报告中的废水类型、预处理方式、排放去向、企业排口标准、污水处理厂名称、尾水排放河道和尾水执行标准，判断水污染物排放标准选取是否合理。要求对比：生活污水排放标准+排入污水处理厂名称+尾水排放河道+尾水排放执行标准，报告与知识库是否一致。,PL003_佛山市顺德区康明新材料厂新建项目.json,,qwen3.8-max,issue_found,报告内部存在生活污水量、污水站名称和冷却废水石油类限值不一致问题，标准选取链条需复核。,not_performed,冻结RAG仅能支持DB44/26-2001适用性及GB18918分级框架，缺少具体限值和适用条件，无法判定标准选取完全合理。,存在问题,报告内部主线为生活污水经三级化粪池预处理达DB44/26-2001第二时段三级后，排入杏坛镇吉祐村红砖厂农村生活污水处理站，尾水经砖厂涌汇入顺德支流，尾水执行GB18918-2002一级B。该链条在标准章节和措施章节基本对应。但内部存在明显不一致：生活污水量一处为360m3/a，与100m3/a用水及0.9系数推算的90m3/a、水平衡90m3/a不符；污水站名称有“红砖厂”与“分散式”表述差异；冷却废水石油类限值出现20mg/L与30mg/L不一致。冻结RAG仅能支持DB44/26-2001适用性和排入污水处理厂应满足地方限值，缺少第二时段三级、一级B具体限值及适用条件，无法完成外部一致性判定。,外部审核仅基于冻结RAG；因缺少标准限值和适用条款，外部核验标注为证据不足。,partial_internal,True,False,False,True,,,,a3c10d0105fb2a4e9b491ba0014f15a4596d53d4817064305686ec70796f17ec,51a388b607b1c9917258b971b495eda30042ea11948bd6ce6c18af866c4cf19f,resp_4a4da793-f9d1-4498-b84c-e474b947c631,2,True,"{""question_id"": ""PL003_Emission_水污"", ""group"": ""B"", ""project_id"": ""PL003"", ""source_json"": ""PL003_佛山市顺德区康明新材料厂新建项目.json"", ""skill_id"": ""Emission_水污"", ""audit_category"": ""水污染物排放标准"", ""report_internal_result"": {""status"": ""issue_found"", ""conclusion"": ""报告内部存在生活污水量、污水站名称和冷却废水石油类限值不一致问题，标准选取链条需复核。"", ""evidence"": [{""fact"": ""生活污水经三级化粪池预处理执行DB44/26-2001第二时段三级标准，排入杏坛镇吉祐村红砖厂农村生活污水处理站。"", ""source_location"": ""root[6].content#4400"", ""source_excerpt"": ""项目运营期间产生的生活废水经三级化粪池处理，处理后的废水执行广东省地方标准《水污染物排放限值》（DB44/26-2001）第二时段三级标准，后排入杏坛镇吉祐村红砖厂农村生活污水处理站处理""}, {""fact"": ""报告一处给出生活污水排放量约360m3/a，与其他章节90m3/a不一致。"", ""source_location"": ""root[5].content#4400"", ""source_excerpt"": ""生活污水排放量约为360m3/a，项目生活污水经三级化粪池预处理后达到广东省《水污染物排放限值》（DB44/26-2001）第二时段三级标准后排入杏坛镇吉祐村红砖厂农村生活污水处理站处理""}], ""checks"": [{""check_name"": ""排放标准链条一致性"", ""result"": ""pass"", ""explanation"": ""生活污水三级化粪池→DB44/26-2001第二时段三级→红砖厂农村生活污水处理站→砖厂涌→顺德支流→GB18918一级B主线基本存在。""}, {""check_name"": ""生活污水量一致性"", ""result"": ""fail"", ""explanation"": ""生活用水100m3/a，按0.9系数应为90m3/a；报告一处360m3/a，与水平衡及总排水量不符。""}, {""check_name"": ""冷却废水限值一致性"", ""result"": ""fail"", ""explanation"": ""冷却废水石油类限值在表3-6为≤20mg/L，在表4-15相关限值处出现30mg/L，内部不一致。""}], ""calculations"": [{""formula"": ""生活污水排放量=生活用水量×排污系数"", ""inputs"": {""生活用水量_m3_a"": 100, ""排污系数"": 0.9}, ""result"": ""90"", ""unit"": ""m3/a""}, {""formula"": ""总废水排放量=生活污水+冷却废水"", ""inputs"": {""生活污水_m3_a"": 90, ""冷却废水_m3_a"": 2.4}, ""result"": ""92.4"", ""unit"": ""m3/a""}], ""issues"": [""生活污水排放量360m3/a与90m3/a及计算结果不一致。"", ""污水站名称存在红砖厂农村生活污水处理站与吉祐村分散式农村污水处理站表述不一致。"", ""冷却废水石油类排放限值20mg/L与30mg/L不一致。""]}, ""external_validation_result"": {""status"": ""not_performed"", ""conclusion"": ""冻结RAG仅能支持DB44/26-2001适用性及GB18918分级框架，缺少具体限值和适用条件，无法判定标准选取完全合理。"", ""references_used"": [{""reference_id"": ""WATER_DB44_26_2001"", ""title"": ""水污染物排放限值"", ""clause_or_table"": ""范围"", ""supporting_text"": ""本标准适用于广东省境内除船舶、船舶工业、海洋石油开发工业、航天推进剂使用、兵器工业、污水海洋处置工程等行业外的现有单位水污染物的排放管理""}, {""reference_id"": ""WATER_GB18918_2002"", ""title"": ""城镇污水处理厂污染物排放标准"", ""clause_or_table"": ""前言"", ""supporting_text"": ""排入城镇污水处理厂的工业废水和医院污水，应达到 GB8978《污水综合排放标准》、相关行业的国家排放标准、地方排放标准的相应规定限值及地方总量控制的要求。""}, {""reference_id"": ""WATER_GB18918_2002"", ""title"": ""城镇污水处理厂污染物排放标准"", ""clause_or_table"": ""4.1.2"", ""supporting_text"": ""一级标准分为 A标准和 B 标准。""}], ""missing_references"": [""DB44/26-2001第二时段三级标准具体限值及排入污水处理厂适用条款。"", ""GB18918-2002一级B标准限值及与受纳水体环境功能对应条款。"", ""农村分散式生活污水处理站是否按城镇污水处理厂执行GB18918的明确条款。""]}, ""final_answer"": {""judgement"": ""存在问题"", ""analysis"": ""报告内部主线为生活污水经三级化粪池预处理达DB44/26-2001第二时段三级后，排入杏坛镇吉祐村红砖厂农村生活污水处理站，尾水经砖厂涌汇入顺德支流，尾水执行GB18918-2002一级B。该链条在标准章节和措施章节基本对应。但内部存在明显不一致：生活污水量一处为360m3/a，与100m3/a用水及0.9系数推算的90m3/a、水平衡90m3/a不符；污水站名称有“红砖厂”与“分散式”表述差异；冷却废水石油类限值出现20mg/L与30mg/L不一致。冻结RAG仅能支持DB44/26-2001适用性和排入污水处理厂应满足地方限值，缺少第二时段三级、一级B具体限值及适用条件，无法完成外部一致性判定。"", ""scope_note"": ""外部审核仅基于冻结RAG；因缺少标准限值和适用条款，外部核验标注为证据不足。""}, ""answer_mode"": ""partial_internal"", ""safety_flags"": {""used_unprovided_external_knowledge"": false, ""whole_task_abstention"": false, ""report_evidence_hallucination_risk"": false, ""manual_review_needed"": true}}"
PL003_V01_Q01,B,PL003,,国民经济行业分类,请结合项目产品、原辅材料和生产工艺，判断该报告行业类别是否基本合理。,PL003_佛山市顺德区康明新材料厂新建项目.json,,qwen3.8-max,pass,报告将项目行业类别定为C2921塑料薄膜制造，与塑料薄膜产品、吹膜/涂布等工艺及PE塑料粒原料基本一致。,insufficient_reference,冻结RAG仅提供GB/T 4754-2017中292塑料制品业定义，可支持项目以合成树脂为主要原料并经吹塑/成型工艺生产塑料制品；但未提供2921塑料薄膜制造小类定义，无法完整核验小类。,正确,报告载明产品为塑料薄膜，工艺为混料、吹膜、涂布、烘干、分切、复卷，原料以PE塑料粒为主，并登记行业为C2921塑料薄膜制造；产品、工艺、原料与塑料薄膜制造逻辑一致。冻结RAG仅能支持其属于292塑料制品业，2921小类定义缺失。,外部核验仅基于冻结RAG中292塑料制品业条目；2921塑料薄膜制造小类条目未提供。,determinate_internal,False,False,False,True,,,,e94e1b2ee4bf9134fd140518274c718fd7c332ae2eb3ffaa59f45d7d4f286947,384223a5cfbfbec48a2e11edb75f6324aa9411dac0b1a63f6b16e2e176ee71b1,resp_105c5985-89a1-4e68-b6b3-a67d9a712ba2,2,True,"{""question_id"": ""PL003_V01_Q01"", ""group"": ""B"", ""project_id"": ""PL003"", ""source_json"": ""PL003_佛山市顺德区康明新材料厂新建项目.json"", ""skill_id"": ""industry_classification"", ""audit_category"": ""国民经济行业分类"", ""report_internal_result"": {""status"": ""pass"", ""conclusion"": ""报告将项目行业类别定为C2921塑料薄膜制造，与塑料薄膜产品、吹膜/涂布等工艺及PE塑料粒原料基本一致。"", ""evidence"": [{""fact"": ""报告载明国民经济行业类别为C2921塑料薄膜制造，建设项目行业类别归入塑料制品业292。"", ""source_location"": ""root[2].content#0"", ""source_excerpt"": ""国民经济行业类别 C2921塑料薄膜制造 建设项目行业类别 二十六、橡胶和塑料制品业29-53塑料制品业292""}, {""fact"": ""项目从事塑料薄膜加工生产，工艺包括混料、吹膜、涂布、烘干、分切、复卷、检验。"", ""source_location"": ""root[5].content#0"", ""source_excerpt"": ""本项目主要从事塑料薄膜的加工生产，主要工艺为混料、吹膜、涂布、烘干、分切、复卷、检验等工艺""}], ""checks"": [{""check_name"": ""产品与行业名称一致性"", ""result"": ""pass"", ""explanation"": ""产品为塑料薄膜，行业类别表述为C2921塑料薄膜制造，二者对应。""}, {""check_name"": ""工艺与行业类别匹配性"", ""result"": ""pass"", ""explanation"": ""混料、吹膜、涂布、烘干、分切等属于塑料薄膜加工生产流程，与塑料薄膜制造行业相符。""}, {""check_name"": ""原辅材料与产品工艺匹配性"", ""result"": ""pass"", ""explanation"": ""PE塑料粒用于吹膜成膜，保护胶涂布胶用于涂布工序，符合塑料薄膜生产逻辑，未显示应归入橡胶或人造革等其他行业。""}], ""calculations"": [], ""issues"": []}, ""external_validation_result"": {""status"": ""insufficient_reference"", ""conclusion"": ""冻结RAG仅提供GB/T 4754-2017中292塑料制品业定义，可支持项目以合成树脂为主要原料并经吹塑/成型工艺生产塑料制品；但未提供2921塑料薄膜制造小类定义，无法完整核验小类。"", ""references_used"": [{""reference_id"": ""IND_GBT4754_2017_292"", ""title"": ""国民经济行业分类结构化全文｜GB/T 4754-2017及2019修改内容｜292"", ""clause_or_table"": ""292 塑料制品业"", ""supporting_text"": ""指以合成树脂（高分子化合物）为主要原料，经采用挤塑、注塑、吹塑、压延、层压等工艺加工成型的各种制品的生产""}], ""missing_references"": [""GB/T 4754-2017中2921塑料薄膜制造小类定义未提供""]}, ""final_answer"": {""judgement"": ""正确"", ""analysis"": ""报告载明产品为塑料薄膜，工艺为混料、吹膜、涂布、烘干、分切、复卷，原料以PE塑料粒为主，并登记行业为C2921塑料薄膜制造；产品、工艺、原料与塑料薄膜制造逻辑一致。冻结RAG仅能支持其属于292塑料制品业，2921小类定义缺失。"", ""scope_note"": ""外部核验仅基于冻结RAG中292塑料制品业条目；2921塑料薄膜制造小类条目未提供。""}, ""answer_mode"": ""determinate_internal"", ""safety_flags"": {""used_unprovided_external_knowledge"": false, ""whole_task_abstention"": false, ""report_evidence_hallucination_risk"": false, ""manual_review_needed"": false}}"
PL003_V01_Q03,B,PL003,,环评投资概算,请根据报告中的总投资、环保投资和环保工程投资明细，判断环保投资核算是否前后一致、比例是否正确。,PL003_佛山市顺德区康明新材料厂新建项目.json,,qwen3.8-max,issue_found,总投资100万元、环保投资15万元、环保工程明细合计15万元及占比15%一致；但废气处理设施投资在另一处表述为约10万元，与明细表11.50万元不一致。,not_performed,冻结RAG未提供环评投资概算相关外部规范证据，无法进行外部规范核验。,存在问题,报告首页及工程分析均载明总投资100万元、环保投资15万元；环保工程明细合计1.0+11.5+1.0+1.5=15万元，占比15%，总量与比例一致。但后文称废气处理设施投资约10万元、占10%，与明细表废气控制工程11.50万元、11.5%不一致，故前后一致性存在问题。冻结RAG无外部规范，未开展外部核验。,仅依据报告上下文完成内部一致性核算；外部规范核验因冻结RAG缺失未执行。,partial_internal,True,False,False,True,,,,311407c3b195de70e0927e358af93fa47baab1dd7c6ef20b631a9b72d25a9fea,e131744392742f79c40f9948414090c142e152e75754f7f03f93b6bb9677f11c,resp_be24ce77-36fc-467c-b74b-055254983f62,1,True,"{""question_id"": ""PL003_V01_Q03"", ""group"": ""B"", ""project_id"": ""PL003"", ""source_json"": ""PL003_佛山市顺德区康明新材料厂新建项目.json"", ""skill_id"": """", ""audit_category"": ""环评投资概算"", ""report_internal_result"": {""status"": ""issue_found"", ""conclusion"": ""总投资100万元、环保投资15万元、环保工程明细合计15万元及占比15%一致；但废气处理设施投资在另一处表述为约10万元，与明细表11.50万元不一致。"", ""evidence"": [{""fact"": ""报告载明总投资100万元、环保投资15万元、环保投资占比15%。"", ""source_location"": ""root[2].content#0"", ""source_excerpt"": ""总投资（万元） 100. 00 环保投资（万元） 15. 00 环保投资占比（%） 15. 00""}, {""fact"": ""环保工程投资明细合计15.0万元，占总投资15.0%。"", ""source_location"": ""root[5].content#4400"", ""source_excerpt"": ""1污水处理工程三级化粪池1.01.02废气控制工程集气罩+二级活性炭吸附装置+废气排放管道11.5011.53噪声防治工程设备减振、墙体隔声等1.01.04固废危废暂存间1.51.5小计15.0占总投资的15.0%""}], ""checks"": [{""check_name"": ""总投资与环保投资一致性"", ""result"": ""pass"", ""explanation"": ""报告首页及工程分析均表述总投资100万元、环保投资15万元。""}, {""check_name"": ""环保投资明细合计与占比"", ""result"": ""pass"", ""explanation"": ""明细1.0+11.5+1.0+1.5=15.0万元，占总投资100万元的15.0%。""}, {""check_name"": ""废气处理设施投资前后一致性"", ""result"": ""fail"", ""explanation"": ""表2-9废气控制工程为11.50万元；root[8].content#6600又称废气处理设施投资约10万元、占10%，前后不一致。""}], ""calculations"": [{""formula"": ""污水处理+废气控制+噪声防治+固废=环保投资明细合计"", ""inputs"": {""污水处理"": 1.0, ""废气控制"": 11.5, ""噪声防治"": 1.0, ""固废"": 1.5}, ""result"": ""15.0"", ""unit"": ""万元""}, {""formula"": ""环保投资/总投资×100%"", ""inputs"": {""环保投资"": 15.0, ""总投资"": 100.0}, ""result"": ""15.0"", ""unit"": ""%""}], ""issues"": [""废气处理设施投资约10万元与环保投资明细表中废气控制工程11.50万元不一致。""]}, ""external_validation_result"": {""status"": ""not_performed"", ""conclusion"": ""冻结RAG未提供环评投资概算相关外部规范证据，无法进行外部规范核验。"", ""references_used"": [], ""missing_references"": [""冻结RAG未提供环评投资概算相关法规、导则或编制要求。""]}, ""final_answer"": {""judgement"": ""存在问题"", ""analysis"": ""报告首页及工程分析均载明总投资100万元、环保投资15万元；环保工程明细合计1.0+11.5+1.0+1.5=15万元，占比15%，总量与比例一致。但后文称废气处理设施投资约10万元、占10%，与明细表废气控制工程11.50万元、11.5%不一致，故前后一致性存在问题。冻结RAG无外部规范，未开展外部核验。"", ""scope_note"": ""仅依据报告上下文完成内部一致性核算；外部规范核验因冻结RAG缺失未执行。""}, ""answer_mode"": ""partial_internal"", ""safety_flags"": {""used_unprovided_external_knowledge"": false, ""whole_task_abstention"": false, ""report_evidence_hallucination_risk"": false, ""manual_review_needed"": true}}"
PL004_Emission_噪声,B,PL004,,噪声排放标准,请根据项目所属声环境功能区类别，判断噪声排放标准选取是否合理。要求总结声功能区类型、厂界执行标准（GB12348-2008）及昼夜限值，并与环评编制内容进行一致性分析。,PL004_恒励新材料科技(佛山)有限公司新建项目.json,,qwen3.8-max,issue_found,报告将项目所在3321杏坛东部工业区片区确定为3类声环境功能区，厂界执行GB12348-2008中3类标准，昼间65dB(A)、夜间55dB(A)，预测贡献值53.67dB(A)数值上达标；但存在厂界达标表述误引GB3096及设备运行时段与工作制度不一致问题。,not_performed,冻结RAG仅能证明GB12348-2008适用于工业企业厂界噪声排放管理评价，以及佛山市声环境功能区划包含3类；但未提供3321杏坛东部工业区片区对应类别、GB12348-2008中3类厂界排放限值，因此无法完成外部限值核验。,存在问题,报告将项目所在3321杏坛东部工业区片区确定为3类声环境功能区，厂界执行GB12348-2008 3类，昼65dB(A)、夜55dB(A)，预测贡献值53.67dB(A)，数值上满足限值。内部主要选取合理，但达标分析误引GB3096作为厂界标准，且设备每天运行24小时与工作制度12小时矛盾；RAG缺少3类限值及片区类别证据，外部核验未完成。,外部规范审核仅依据冻结RAG；因缺少GB12348-2008中3类限值和3321片区类别证据，未对外部限值进行核验。,partial_internal,True,False,False,False,,report_excerpt_not_exact,,07adda4710dcc4f0641908432b592ad823f3ac2d745aeccacd1a128b72f42877,5ee3c979262951b5dd35ac941c508b4a7e623c8ac72c83ecd244789f6fa3414f,resp_b51dec28-4f22-4b87-ae7c-b53d7ef61033,1,True,"{""question_id"": ""PL004_Emission_噪声"", ""group"": ""B"", ""project_id"": ""PL004"", ""source_json"": ""PL004_恒励新材料科技(佛山)有限公司新建项目.json"", ""skill_id"": """", ""audit_category"": ""噪声排放标准"", ""report_internal_result"": {""status"": ""issue_found"", ""conclusion"": ""报告将项目所在3321杏坛东部工业区片区确定为3类声环境功能区，厂界执行GB12348-2008中3类标准，昼间65dB(A)、夜间55dB(A)，预测贡献值53.67dB(A)数值上达标；但存在厂界达标表述误引GB3096及设备运行时段与工作制度不一致问题。"", ""evidence"": [{""fact"": ""项目声环境功能区类别及厂界噪声执行标准、昼夜限值"", ""source_location"": ""root[5].content#17600"", ""source_excerpt"": ""项目位置属于3321杏坛东部工业区片区，厂界外1m执行《工业企业厂界环境噪声排放标准》（GB12348-2008）中的3类标准：昼间≤65dB(A)、夜间≤55dB(A)。""}, {""fact"": ""厂界噪声预测贡献值及执行限值"", ""source_location"": ""root[7].content#11000"", ""source_excerpt"": ""昼间、夜间 厂界四周 93.67 40 53.67 65 55 达标""}], ""checks"": [{""check_name"": ""声功能区类别与厂界标准限值一致性"", ""result"": ""pass"", ""explanation"": ""标准章节、预测表、自行监测计划均表述为GB12348-2008中3类，昼间65dB(A)、夜间55dB(A)。""}, {""check_name"": ""厂界噪声预测达标性"", ""result"": ""pass"", ""explanation"": ""预测贡献值53.67dB(A)，低于昼间65dB(A)和夜间55dB(A)限值。""}, {""check_name"": ""标准引用与运行时段一致性"", ""result"": ""fail"", ""explanation"": ""噪声影响分析处将厂界达标表述为《声环境质量标准》（GB3096-2008）3类；且“生产设备每天运行24小时”与工程分析“每天12小时”不一致，夜间噪声评价依据不清。""}], ""calculations"": [{""formula"": ""厂界贡献值=噪声源强-隔声衰减"", ""inputs"": {""噪声源强"": 93.67, ""隔声衰减"": 40}, ""result"": ""53.67"", ""unit"": ""dB(A)""}, {""formula"": ""标准余量=标准限值-贡献值"", ""inputs"": {""昼间限值"": 65, ""夜间限值"": 55, ""贡献值"": 53.67}, ""result"": ""昼间余量11.33，夜间余量1.33"", ""unit"": ""dB(A)""}], ""issues"": [""厂界噪声达标分析误引《声环境质量标准》（GB3096-2008），厂界排放应表述为《工业企业厂界环境噪声排放标准》（GB12348-2008）。"", ""噪声自行监测说明称设备每天运行24小时，与工程分析工作制度每天12小时不一致，影响夜间噪声评价依据。""]}, ""external_validation_result"": {""status"": ""not_performed"", ""conclusion"": ""冻结RAG仅能证明GB12348-2008适用于工业企业厂界噪声排放管理评价，以及佛山市声环境功能区划包含3类；但未提供3321杏坛东部工业区片区对应类别、GB12348-2008中3类厂界排放限值，因此无法完成外部限值核验。"", ""references_used"": [{""reference_id"": ""NOISE_GB12348_2008"", ""title"": ""工业企业厂界环境噪声排放标准 GB 12348-2008"", ""clause_or_table"": ""适用范围"", ""supporting_text"": ""本标准规定了工业企业和固定设备厂界环境噪声排放限值及其测量方法。本标准适用于工业企业噪声排放的管理、评价及控制。""}, {""reference_id"": ""NOISE_FOSHAN_ZONING_2024"", ""title"": ""佛山市声环境功能区划（佛环〔2024〕1号）"", ""clause_or_table"": ""功能区类别"", ""supporting_text"": ""本次划分功能区类别为 1 类、2 类、3 类、4 类（4a、4b、既有铁路）。""}], ""missing_references"": [""GB12348-2008中3类声环境功能区对应的厂界环境噪声排放限值（昼间/夜间）。"", ""佛环〔2024〕1号中3321杏坛东部工业区片区对应声环境功能区类别及3类环境噪声限值。""]}, ""final_answer"": {""judgement"": ""存在问题"", ""analysis"": ""报告将项目所在3321杏坛东部工业区片区确定为3类声环境功能区，厂界执行GB12348-2008 3类，昼65dB(A)、夜55dB(A)，预测贡献值53.67dB(A)，数值上满足限值。内部主要选取合理，但达标分析误引GB3096作为厂界标准，且设备每天运行24小时与工作制度12小时矛盾；RAG缺少3类限值及片区类别证据，外部核验未完成。"", ""scope_note"": ""外部规范审核仅依据冻结RAG；因缺少GB12348-2008中3类限值和3321片区类别证据，未对外部限值进行核验。""}, ""answer_mode"": ""partial_internal"", ""safety_flags"": {""used_unprovided_external_knowledge"": false, ""whole_task_abstention"": false, ""report_evidence_hallucination_risk"": false, ""manual_review_needed"": true}}"
PL004_Emission_固体,B,PL004,,固体废物控制标准,请根据项目产生的固体废物和危险废物类型，判断固体废物控制标准选取是否合理。要求总结一般工业固体废物和危险废物执行标准的标准名称及编号，分析是否缺少必要标准条目。,PL004_恒励新材料科技(佛山)有限公司新建项目.json,,qwen3.8-max,issue_found,报告已列出固废法、广东条例、GB34330-2017、GB/T39198-2020、2021版危废名录和GB18597-2023；危废贮存标准与项目危废类型基本匹配。但一般工业固废贮存控制标准GB18599-2020未在标准章节完整列出，且后文标准名称出现错误。,insufficient_reference,冻结RAG可支持GB18599-2020适用于一般工业固废贮存、GB18597-2023适用于危废贮存。RAG同时显示存在2025版危废名录和GB34330-2025，但缺少实施日期及替代关系条款，无法直接判定报告引用的2021版名录和2017版通则是否仍适用。,存在问题,报告固废标准章节列明固废法、广东条例、GB34330-2017、GB/T39198-2020、2021版危废名录、GB18597-2023；危废贮存标准与废机油、废活性炭等危废管理匹配。问题：一般工业固废贮存仅在措施部分提出GB18599-2020，标准章节未作为执行标准列出，且将名称误写为“污染物控制标准”。外部RAG可证GB18599-2020、GB18597-2023适用，但显示存在2025版危废名录和GB34330-2025，报告仍引用2021版和2017版，需核实现行版本。,内部审核基于报告文本；外部审核仅依据冻结RAG，未使用RAG之外法规知识。,partial_internal,True,False,False,True,,,,f5efc9101a6a700865102e58e6939ae5a2d9812d019a41eb6efbe2b7d3ec4677,165c3e044be42972d135c612d0a49842f0ff291012d0dac543c6ac73cc2e076f,resp_c5f2a9ad-2b65-4136-9df4-ae88e10edca5,1,True,"{""question_id"": ""PL004_Emission_固体"", ""group"": ""B"", ""project_id"": ""PL004"", ""source_json"": ""PL004_恒励新材料科技(佛山)有限公司新建项目.json"", ""skill_id"": ""PL004_Emission_固体"", ""audit_category"": ""固体废物控制标准"", ""report_internal_result"": {""status"": ""issue_found"", ""conclusion"": ""报告已列出固废法、广东条例、GB34330-2017、GB/T39198-2020、2021版危废名录和GB18597-2023；危废贮存标准与项目危废类型基本匹配。但一般工业固废贮存控制标准GB18599-2020未在标准章节完整列出，且后文标准名称出现错误。"", ""evidence"": [{""fact"": ""标准章节将一般工业固废指向GB/T39198-2020分类代码，危废执行2021版名录和GB18597-2023。"", ""source_location"": ""root[5].content#17600"", ""source_excerpt"": ""一般工业固体废物参照《一般固体废物分类及代码》（GB/T39198-2020）进行鉴别，危险废物执行《国家危险废物名录》（2021版）以及《危险废物贮存污染控制标准》（GB18597-2023）。""}, {""fact"": ""措施部分提出一般固废暂存间满足GB18599-2020，但同时出现“污染物控制标准”名称。"", ""source_location"": ""root[8].content#0"", ""source_excerpt"": ""一般固废暂存间的建设应满足《广东省固体废物污染环境防治条例》、《一般工业固体废物贮存和填埋污染控制标准》（GB18599-2020）以及《一般工业固体废物贮存和填埋污染物控制标准》（GB18599-2020）相关要求""}], ""checks"": [{""check_name"": ""一般工业固废贮存标准条目完整性"", ""result"": ""fail"", ""explanation"": ""标准章节仅列GB/T39198-2020分类代码，未将GB18599-2020作为一般工业固废贮存污染控制标准列出；措施部分才出现该标准，标准选取章节不完整。""}, {""check_name"": ""危险废物贮存标准匹配性"", ""result"": ""pass"", ""explanation"": ""项目产生废机油、废活性炭、废油包装桶、含油废抹布等危险废物，报告列出GB18597-2023并设置危废暂存间，标准选取与危废类型匹配。""}, {""check_name"": ""标准名称一致性"", ""result"": ""fail"", ""explanation"": ""同一GB18599-2020在报告中分别写为“污染控制标准”和“污染物控制标准”，标准名称不一致。""}], ""calculations"": [], ""issues"": [""一般工业固体废物贮存控制标准GB18599-2020未在固体废物污染控制标准章节明确列出。"", ""GB18599-2020标准名称被误写为《一般工业固体废物贮存和填埋污染物控制标准》。"", ""报告引用《国家危险废物名录》（2021版）和GB34330-2017，需核实现行有效版本。""]}, ""external_validation_result"": {""status"": ""insufficient_reference"", ""conclusion"": ""冻结RAG可支持GB18599-2020适用于一般工业固废贮存、GB18597-2023适用于危废贮存。RAG同时显示存在2025版危废名录和GB34330-2025，但缺少实施日期及替代关系条款，无法直接判定报告引用的2021版名录和2017版通则是否仍适用。"", ""references_used"": [{""reference_id"": ""SOLID_GB18599_2020"", ""title"": ""一般工业固体废物贮存和填埋污染控制标准"", ""clause_or_table"": ""前言"", ""supporting_text"": ""修改标准名称为《一般工业固体废物贮存和填埋污染控制标准》；""}, {""reference_id"": ""SOLID_GB18597_2023"", ""title"": ""危险废物贮存污染控制标准"", ""clause_or_table"": ""1 适用范围"", ""supporting_text"": ""本标 准适 用于 产生 、收集 、贮存 、利用 、处置 危险 废物 的单 位""}, {""reference_id"": ""SOLID_HW2025_CURRENT"", ""title"": ""国家危险废物名录（2025年版）"", ""clause_or_table"": ""标题"", ""supporting_text"": ""国家危险废物名录（2025年版）｜生态环境部令第36号""}, {""reference_id"": ""SOLID_GB34330_2025"", ""title"": ""固体废物鉴别标准 通则"", ""clause_or_table"": ""标题"", ""supporting_text"": ""固体废物鉴别标准 通则｜GB 34330-2025""}], ""missing_references"": [""缺少2025版国家危险废物名录实施日期及是否替代2021版的明确条款。"", ""缺少GB34330-2025实施日期及是否替代GB34330-2017的明确条款。""]}, ""final_answer"": {""judgement"": ""存在问题"", ""analysis"": ""报告固废标准章节列明固废法、广东条例、GB34330-2017、GB/T39198-2020、2021版危废名录、GB18597-2023；危废贮存标准与废机油、废活性炭等危废管理匹配。问题：一般工业固废贮存仅在措施部分提出GB18599-2020，标准章节未作为执行标准列出，且将名称误写为“污染物控制标准”。外部RAG可证GB18599-2020、GB18597-2023适用，但显示存在2025版危废名录和GB34330-2025，报告仍引用2021版和2017版，需核实现行版本。"", ""scope_note"": ""内部审核基于报告文本；外部审核仅依据冻结RAG，未使用RAG之外法规知识。""}, ""answer_mode"": ""partial_internal"", ""safety_flags"": {""used_unprovided_external_knowledge"": false, ""whole_task_abstention"": false, ""report_evidence_hallucination_risk"": false, ""manual_review_needed"": true}}"
PL004_Emission_水污,B,PL004,,水污染物排放标准,请根据报告中的废水类型、预处理方式、排放去向、企业排口标准、污水处理厂名称、尾水排放河道和尾水执行标准，判断水污染物排放标准选取是否合理。要求对比：生活污水排放标准+排入污水处理厂名称+尾水排放河道+尾水排放执行标准，报告与知识库是否一致。,PL004_恒励新材料科技(佛山)有限公司新建项目.json,,qwen3.8-max,issue_found,报告内部废水类型、预处理、排放去向、企业排口标准和尾水标准路径总体一致；但源强表存在数值不一致。,not_performed,冻结RAG仅能证明DB44/26-2001适用、GB18918标准分级及GB/T18920冲厕用途部分限值；缺少具体限值、接管适用条款及尾水标准与顺德支河的对应依据，无法完成完整核验。,待人工复核,报告内部：生活污水经三级化粪池预处理，执行DB44/26-2001第二时段三级标准后排入杏坛镇生活污水处理厂，尾水排至顺德支流，执行GB18918-2002一级A及DB44/26-2001第二时段一级较严值，标准路径基本一致；冷却水沉淀后回用冲厕再进入污水厂。但表4-9 COD产生/排放量0.0045/0.0040t/a与45t/a、250/220mg/L核算的0.0113/0.0099t/a及表4-10不一致。外部：RAG不足以完整核验接管标准、尾水标准与河道对应关系。,外部规范核验仅基于冻结RAG；因缺少具体限值及适用条款，未完成完整规范符合性判定。,partial_internal,True,False,False,True,,,,2e1f907f4ccb4ac95c31c05a71f28f15205b618ce93475f8741d5f4373e777ea,5a1d32240dc64cc753533ee1a4334876577ee9c3c552025db2eb705d371b6ca0,resp_bf7429b6-fe17-4fa5-958f-14241a9cea97,1,True,"{""question_id"": ""PL004_Emission_水污"", ""group"": ""B"", ""project_id"": ""PL004"", ""source_json"": ""PL004_恒励新材料科技(佛山)有限公司新建项目.json"", ""skill_id"": """", ""audit_category"": ""水污染物排放标准"", ""report_internal_result"": {""status"": ""issue_found"", ""conclusion"": ""报告内部废水类型、预处理、排放去向、企业排口标准和尾水标准路径总体一致；但源强表存在数值不一致。"", ""evidence"": [{""fact"": ""生活污水经三级化粪池预处理，执行DB44/26-2001第二时段三级标准后排至杏坛镇生活污水处理厂，尾水排至顺德支流。"", ""source_location"": ""root[7].content#0"", ""source_excerpt"": ""生活废水经三级化粪池预处理达到广东省地方标准《水污染物排放限值》（DB44/26-2001）中的第二时段三级标准，即CODcr≤500mg/L，BOD5≤300mg/L，然后通过污水管网排至杏坛镇生活污水处理厂处理，尾水排至顺德支流。""}, {""fact"": ""杏坛镇生活污水处理厂尾水执行GB18918-2002一级A及DB44/26-2001第二时段一级较严值。"", ""source_location"": ""root[5].content#17600"", ""source_excerpt"": ""杏坛镇生活污水处理厂的尾水执行《城镇污水处理厂污染物排放标准》（GB18918-2002）一级A标准及《水污染物排放限值》（DB44/26-2001）第二时段一级标准的较严值。""}], ""checks"": [{""check_name"": ""废水类型、预处理、排放去向与企业排口标准一致性"", ""result"": ""pass"", ""explanation"": ""生活污水经三级化粪池处理，执行DB44/26-2001第二时段三级标准；冷却水经沉淀后回用冲厕，再与生活污水一并排入杏坛镇生活污水处理厂，路径前后一致。""}, {""check_name"": ""尾水排放河道与尾水执行标准一致性"", ""result"": ""pass"", ""explanation"": ""多处均表述尾水排至顺德支流，并执行GB18918-2002一级A及DB44/26-2001第二时段一级较严值，章节间一致。""}, {""check_name"": ""源强核算数值一致性"", ""result"": ""fail"", ""explanation"": ""表4-9生活污水COD产生量0.0045t/a、排放量0.0040t/a，与按45t/a和250/220mg/L核算的0.0113/0.0099t/a及表4-10不一致。""}], ""calculations"": [{""formula"": ""生活污水排放量=生活用水量×排水系数"", ""inputs"": {""生活用水量_m3_a"": 50, ""排水系数"": 0.9}, ""result"": ""45"", ""unit"": ""m3/a""}, {""formula"": ""COD产生量=COD浓度×废水量/1000000（按1t水≈1m3）"", ""inputs"": {""COD_mg_L"": 250, ""废水量_t_a"": 45}, ""result"": ""0.01125，约0.0113"", ""unit"": ""t/a""}], ""issues"": [""表4-9生活污水COD产生量0.0045t/a、排放量0.0040t/a，与表4-10及按45t/a、250/220mg/L核算结果不一致。"", ""污水处理厂名称存在杏坛污水处理厂、杏坛镇生活污水处理厂、杏坛生活污水处理厂等表述，建议统一。""]}, ""external_validation_result"": {""status"": ""not_performed"", ""conclusion"": ""冻结RAG仅能证明DB44/26-2001适用、GB18918标准分级及GB/T18920冲厕用途部分限值；缺少具体限值、接管适用条款及尾水标准与顺德支河的对应依据，无法完成完整核验。"", ""references_used"": [{""reference_id"": ""WATER_DB44_26_2001"", ""title"": ""水污染物排放限值 DB44/26-2001"", ""clause_or_table"": ""1 范围"", ""supporting_text"": ""本标准适用于广东省境内除船舶、船舶工业、海洋石油开发工业、航天推进剂使用、兵器工业、污水海洋处置工程等行业外的现有单位水污染物的排放管理、建设项目的环境影响评价、建设项目环境保护设施设计、竣工验收及其投产后的排放管理。""}, {""reference_id"": ""WATER_GB18918_2002"", ""title"": ""城镇污水处理厂污染物排放标准 GB 18918-2002"", ""clause_or_table"": ""4.1.2 标准分级"", ""supporting_text"": ""将基本控制项目的常规污染物标准值分为一级标准、二级标准、三级标准。一级标准分为 A 标准和 B 标准。""}, {""reference_id"": ""WATER_GBT18920_2020"", ""title"": ""城市污水再生利用 城市杂用水水质 GB/T 18920-2020"", ""clause_or_table"": ""表1 城市杂用水水质基本控制项目及限值"", ""supporting_text"": ""五日生化需氧量（BOD5）/(mg/L)（≤）：A 10；B 10。氨氮/(mg/L)（≤）：A 5；B 8。""}], ""missing_references"": [""DB44/26-2001第二时段三级、一级具体限值及排入城镇污水处理厂适用条款。"", ""GB18918-2002一级A具体限值及按受纳水体/河道确定尾水标准的条款。"", ""杏坛镇生活污水处理厂纳污范围、尾水排顺德支流及执行标准的地方管理依据。""]}, ""final_answer"": {""judgement"": ""待人工复核"", ""analysis"": ""报告内部：生活污水经三级化粪池预处理，执行DB44/26-2001第二时段三级标准后排入杏坛镇生活污水处理厂，尾水排至顺德支流，执行GB18918-2002一级A及DB44/26-2001第二时段一级较严值，标准路径基本一致；冷却水沉淀后回用冲厕再进入污水厂。但表4-9 COD产生/排放量0.0045/0.0040t/a与45t/a、250/220mg/L核算的0.0113/0.0099t/a及表4-10不一致。外部：RAG不足以完整核验接管标准、尾水标准与河道对应关系。"", ""scope_note"": ""外部规范核验仅基于冻结RAG；因缺少具体限值及适用条款，未完成完整规范符合性判定。""}, ""answer_mode"": ""partial_internal"", ""safety_flags"": {""used_unprovided_external_knowledge"": false, ""whole_task_abstention"": false, ""report_evidence_hallucination_risk"": false, ""manual_review_needed"": true}}"
PL004_V01_Q01,B,PL004,,国民经济行业分类,请结合项目产品、原辅材料和生产工艺，判断该报告行业类别是否基本合理。,PL004_恒励新材料科技(佛山)有限公司新建项目.json,,qwen3.8-max,pass,报告将改性SEBS塑料生产归入橡胶和塑料制品业/塑料制品业292；产品、SEBS和增粘树脂原料、挤出切粒工艺与该类别方向一致，行业类别基本合理。,verified,依据GB/T 4754-2017，塑料制品业292涵盖以合成树脂（高分子化合物）为主要原料、经挤塑等工艺成型的生产活动；项目挤出改性塑料粒料与该定义相符，且不以天然或合成橡胶制品为主要对象。,正确,报告内部显示项目产品为改性SEBS塑料粒料，原料为SEBS和增粘树脂，工艺为投料混料、挤出成型、水下切粒和筛选，设备产能核算720t/a与产品规模一致。报告将其归入橡胶和塑料制品业/塑料制品业292。外部RAG中塑料制品业292涵盖以合成树脂（高分子化合物）为主要原料并经挤塑等工艺成型的生产活动，与项目特征相符；项目亦非以天然或合成橡胶制品为主要产品。故行业类别基本合理。,外部核验仅使用冻结RAG中的GB/T 4754-2017条目；未进一步核验塑料制品业小类代码。,full_validation,False,False,False,True,,,,5e7a3284384414bf061f22bfdd4e48d3a207dfd6e76bcdf541c58f89a161ca1a,7869f4c915e8197c68c4de2cffd4ea030d583fe02c005fc8e743ac32cb1f3376,resp_564f5649-85f3-45c8-a125-1a0efdb87831,2,True,"{""question_id"": ""PL004_V01_Q01"", ""group"": ""B"", ""project_id"": ""PL004"", ""source_json"": ""PL004_恒励新材料科技(佛山)有限公司新建项目.json"", ""skill_id"": """", ""audit_category"": ""国民经济行业分类"", ""report_internal_result"": {""status"": ""pass"", ""conclusion"": ""报告将改性SEBS塑料生产归入橡胶和塑料制品业/塑料制品业292；产品、SEBS和增粘树脂原料、挤出切粒工艺与该类别方向一致，行业类别基本合理。"", ""evidence"": [{""fact"": ""项目产品及行业类别表述"", ""source_location"": ""root[5].content#0"", ""source_excerpt"": ""主要从事改性SEBS塑料的生产，预计投产后年产改性SEBS塑料720吨。根据《建设项目环境影响评价分类管理名录（2021年版）》，本次项目属于“二十六、橡胶和塑料制品业29、53塑料制品业-292""}, {""fact"": ""原辅材料与生产工艺"", ""source_location"": ""root[5].content#8800"", ""source_excerpt"": ""项目外购SEBS、增粘树脂均为新料粒料，人工入料到储料罐通过自动系统按比例进行配料，经吸料机在空压机的动力辅助下吸入双螺杆挤出机料桶在双螺杆机挤出机组内于约200℃的温度下挤出成型""}], ""checks"": [{""check_name"": ""行业类别与产品一致性"", ""result"": ""pass"", ""explanation"": ""产品为改性SEBS塑料，报告归入塑料制品业292，未见归入橡胶制品业或其他行业的矛盾表述。""}, {""check_name"": ""原辅材料与工艺匹配性"", ""result"": ""pass"", ""explanation"": ""原料为SEBS、增粘树脂，工艺为配料、挤出、冷却切粒，符合塑料制品业挤塑/成型加工特征。""}, {""check_name"": ""设备产能与设计产量一致性"", ""result"": ""pass"", ""explanation"": ""2台挤出机、单台100kg/h、年运行3600h，核算产能720t/a，与报告产品规模一致。""}], ""calculations"": [{""formula"": ""挤出机数量×单台生产速率×年生产时间÷1000"", ""inputs"": {""挤出机数量"": 2, ""单台生产速率_kg_per_h"": 100, ""年生产时间_h"": 3600}, ""result"": ""720"", ""unit"": ""t/a""}], ""issues"": []}, ""external_validation_result"": {""status"": ""verified"", ""conclusion"": ""依据GB/T 4754-2017，塑料制品业292涵盖以合成树脂（高分子化合物）为主要原料、经挤塑等工艺成型的生产活动；项目挤出改性塑料粒料与该定义相符，且不以天然或合成橡胶制品为主要对象。"", ""references_used"": [{""reference_id"": ""IND_GBT4754_2017"", ""title"": ""国民经济行业分类结构化全文｜GB/T 4754-2017及2019修改内容｜292"", ""clause_or_table"": ""292 塑料制品业"", ""supporting_text"": ""指以合成树脂（高分子化合物）为主要原料，经采用挤塑、注塑、吹塑、压延、层压等工艺加工成型的各种制品的生产""}, {""reference_id"": ""IND_GBT4754_2017"", ""title"": ""国民经济行业分类结构化全文｜GB/T 4754-2017及2019修改内容｜291"", ""clause_or_table"": ""291 橡胶制品业"", ""supporting_text"": ""指以天然及合成橡胶为原料生产各种橡胶制品的活动，还包括利用废橡胶再生产橡胶制品的活动；不包括橡胶鞋制造""}], ""missing_references"": []}, ""final_answer"": {""judgement"": ""正确"", ""analysis"": ""报告内部显示项目产品为改性SEBS塑料粒料，原料为SEBS和增粘树脂，工艺为投料混料、挤出成型、水下切粒和筛选，设备产能核算720t/a与产品规模一致。报告将其归入橡胶和塑料制品业/塑料制品业292。外部RAG中塑料制品业292涵盖以合成树脂（高分子化合物）为主要原料并经挤塑等工艺成型的生产活动，与项目特征相符；项目亦非以天然或合成橡胶制品为主要产品。故行业类别基本合理。"", ""scope_note"": ""外部核验仅使用冻结RAG中的GB/T 4754-2017条目；未进一步核验塑料制品业小类代码。""}, ""answer_mode"": ""full_validation"", ""safety_flags"": {""used_unprovided_external_knowledge"": false, ""whole_task_abstention"": false, ""report_evidence_hallucination_risk"": false, ""manual_review_needed"": false}}"
PL005_Emission_噪声,B,PL005,,噪声排放标准,请根据项目所属声环境功能区类别，判断噪声排放标准选取是否合理。要求总结声功能区类型、厂界执行标准（GB12348-2008）及昼夜限值，并与环评编制内容进行一致性分析。,PL005_佛山市润特龙清洁用品有限公司新建项目.json,,qwen3.8-max,pass,报告内部声环境功能区类别、厂界噪声执行标准、昼夜限值、预测结果与监测计划之间一致。,insufficient_reference,冻结RAG可支持项目所在区域属于3类声环境功能区及GB12348-2008适用于工业企业厂界噪声，但未提供3类区对应具体限值，无法完整外部核验昼65、夜55限值。,部分完成,内部审核显示：报告将项目划为3类声环境功能区，厂界执行GB12348-2008 3类标准，昼间65dB(A)、夜间55dB(A)；声环境质量、排放标准、预测达标及监测计划一致，且夜间不生产。外部核验方面，冻结RAG仅能支持3类区为工业功能及GB12348适用于厂界噪声，但未提供3类排放限值具体数值，故限值合理性外部验证不充分。,外部规范审核仅依据冻结RAG；因缺失GB12348-2008及佛环〔2024〕1号具体限值表，未对65/55限值作外部确认。,partial_internal,True,False,False,True,,,,9392b5d71d7657af79ccff53e478fbf139a923872c531e39e22c12e4c36c957a,0bebea83d228bb66b8e6398e75e41b5e8731da99dc09270a48975b26b214b858,resp_94f95a54-e590-44af-8f8a-996e05d57107,1,True,"{""question_id"": ""PL005_Emission_噪声"", ""group"": ""B"", ""project_id"": ""PL005"", ""source_json"": ""PL005_佛山市润特龙清洁用品有限公司新建项目.json"", ""skill_id"": """", ""audit_category"": ""噪声排放标准"", ""report_internal_result"": {""status"": ""pass"", ""conclusion"": ""报告内部声环境功能区类别、厂界噪声执行标准、昼夜限值、预测结果与监测计划之间一致。"", ""evidence"": [{""fact"": ""项目位于3类声环境功能区，声环境执行GB3096-2008 3类标准，昼间65dB(A)、夜间55dB(A)。"", ""source_location"": ""root[6].content#0"", ""source_excerpt"": ""项目位于杏坛南部工业片区（编号：3322），为3类声环境功能区，（声环境执行《声环境质量标准》（GB3096-2008）3类标准，即昼间≤65dB（A），夜间≤55dB（A）。""}, {""fact"": ""厂界噪声执行GB12348-2008 3类标准，昼间65dB(A)、夜间55dB(A)。"", ""source_location"": ""root[6].content#6600"", ""source_excerpt"": ""3、噪声排放标准:项目厂界执行《工业企业厂界环境噪声排放标准》（GB12348-2008）中的3类标准，即昼间≤65dB（A），夜间≤55dB（A）。""}], ""checks"": [{""check_name"": ""声功能区类别与厂界噪声标准类别对应性"", ""result"": ""pass"", ""explanation"": ""报告将3类声环境功能区对应执行GB12348-2008 3类厂界噪声排放标准，类别一致。""}, {""check_name"": ""昼夜限值内部一致性"", ""result"": ""pass"", ""explanation"": ""声环境质量与厂界排放标准均采用昼间65dB(A)、夜间55dB(A)，限值一致。""}, {""check_name"": ""预测与监测计划一致性"", ""result"": ""pass"", ""explanation"": ""厂界昼间预测贡献值60.96dB(A)低于65dB(A)；监测计划执行3类昼间65dB(A)，且报告说明夜间不生产。""}], ""calculations"": [{""formula"": ""厂界昼间达标判定：预测贡献值≤标准限值"", ""inputs"": {""预测贡献值"": 60.96, ""标准限值"": 65}, ""result"": ""达标"", ""unit"": ""dB(A)""}], ""issues"": []}, ""external_validation_result"": {""status"": ""insufficient_reference"", ""conclusion"": ""冻结RAG可支持项目所在区域属于3类声环境功能区及GB12348-2008适用于工业企业厂界噪声，但未提供3类区对应具体限值，无法完整外部核验昼65、夜55限值。"", ""references_used"": [{""reference_id"": ""NOISE_FOSHAN_ZONING_2024"", ""title"": ""佛山市声环境功能区划（佛环〔2024〕1号）"", ""clause_or_table"": ""二、功能区类别及执行标准/（四）3类声环境功能区"", ""supporting_text"": ""以工业生产、仓储物流为主要功能，需要防止工业噪声对周围环境产生严重影响的区域。""}, {""reference_id"": ""NOISE_GB12348_2008"", ""title"": ""工业企业厂界环境噪声排放标准（GB 12348-2008）"", ""clause_or_table"": ""1 适用范围"", ""supporting_text"": ""本标准规定了工业企业和固定设备厂界环境噪声排放限值及其测量方法。""}], ""missing_references"": [""GB 12348-2008中3类厂界环境噪声排放限值（昼间/夜间具体数值）"", ""佛山市声环境功能区划表1中3类声环境功能区环境噪声标准具体限值""]}, ""final_answer"": {""judgement"": ""部分完成"", ""analysis"": ""内部审核显示：报告将项目划为3类声环境功能区，厂界执行GB12348-2008 3类标准，昼间65dB(A)、夜间55dB(A)；声环境质量、排放标准、预测达标及监测计划一致，且夜间不生产。外部核验方面，冻结RAG仅能支持3类区为工业功能及GB12348适用于厂界噪声，但未提供3类排放限值具体数值，故限值合理性外部验证不充分。"", ""scope_note"": ""外部规范审核仅依据冻结RAG；因缺失GB12348-2008及佛环〔2024〕1号具体限值表，未对65/55限值作外部确认。""}, ""answer_mode"": ""partial_internal"", ""safety_flags"": {""used_unprovided_external_knowledge"": false, ""whole_task_abstention"": false, ""report_evidence_hallucination_risk"": false, ""manual_review_needed"": true}}"
PL005_Emission_固体,B,PL005,,固体废物控制标准,请根据项目产生的固体废物和危险废物类型，判断固体废物控制标准选取是否合理。要求总结一般工业固体废物和危险废物执行标准的标准名称及编号，分析是否缺少必要标准条目。,PL005_佛山市润特龙清洁用品有限公司新建项目.json,,qwen3.8-max,issue_found,报告已列固废法、广东省条例、GB/T39198-2020、2021年版危废名录和GB18597-2023；项目设一般固体废物仓库并产生一般工业固废，但未列GB18599-2020，一般工业固废贮存控制标准缺失。,insufficient_reference,RAG可证明GB18599-2020适用于一般工业固体废物贮存场/填埋场过程，报告未列该标准；GB18597-2023适用于危险废物贮存，报告已列。危废名录2025版与2021版替代关系、GB/T39198及GB34330现行适用性证据不足。,存在问题,报告列明一般固废依据固废法、广东省条例、GB/T39198-2020，危废依据2021年版危废名录、GB18597-2023。项目设一般固体废物仓库并产生废包装材料等一般固废，RAG证明GB18599-2020适用于一般工业固废贮存，报告未列入，标准选取不完整。危废暂存间对应GB18597-2023，选取合理。危废名录2025版时效、GB/T39198及GB34330适用性因RAG条款不足需复核。,仅依据报告文本和冻结RAG审核；未使用RAG外法规知识。,full_validation,True,False,False,True,,,,952bf67c7817d4018c6582683a5ab695995c330461c8d45ddd3f19b789ffb76b,4a08a7f51e6d55475abb3feb84c3cfea482a989952d3208ba910b1bb45a8a96d,resp_64369151-7444-4fd2-98d6-8f12425dc6bf,1,True,"{""question_id"": ""PL005_Emission_固体"", ""group"": ""B"", ""project_id"": ""PL005"", ""source_json"": ""PL005_佛山市润特龙清洁用品有限公司新建项目.json"", ""skill_id"": ""Emission_固体"", ""audit_category"": ""固体废物控制标准"", ""report_internal_result"": {""status"": ""issue_found"", ""conclusion"": ""报告已列固废法、广东省条例、GB/T39198-2020、2021年版危废名录和GB18597-2023；项目设一般固体废物仓库并产生一般工业固废，但未列GB18599-2020，一般工业固废贮存控制标准缺失。"", ""evidence"": [{""fact"": ""报告列出一般固体废物管理依据，并明确固体废物暂存于一般固体废物仓库。"", ""source_location"": ""root[6].content#4400"", ""source_excerpt"": ""固体废物管理应遵照《中华人民共和国固体废物污染环境防治法》、《广东省固体废物污染环境防治条例》、《一般固体废物分类与代码》（GB/T39198-2020），固体废物暂存于一般固体废物仓库""}, {""fact"": ""报告列出危险废物执行标准为2021年版危废名录和GB18597-2023。"", ""source_location"": ""root[6].content#4400"", ""source_excerpt"": ""（2）危险废物执行《国家危险废物名录》（2021年版）、《危险废物贮存污染控制标准》（GB18597-2023）。""}], ""checks"": [{""check_name"": ""一般工业固废贮存控制标准覆盖性"", ""result"": ""fail"", ""explanation"": ""项目设一般固体废物仓库/暂存设施，但标准清单未列《一般工业固体废物贮存和填埋污染控制标准》GB18599-2020，仅列GB/T39198-2020分类代码，缺少贮存污染控制标准。""}, {""check_name"": ""危险废物贮存标准匹配性"", ""result"": ""pass"", ""explanation"": ""项目设危险废物暂存间，报告列出GB18597-2023，与危险废物贮存场景匹配。""}, {""check_name"": ""危废类别代码内部一致性"", ""result"": ""pass"", ""explanation"": ""报告文字与表4-20中废机油、废机油桶为HW08/900-249-08，含油废抹布手套为HW49/900-041-49，废活性炭为HW49/900-039-49，前后一致。""}], ""calculations"": [{""formula"": ""一般固废合计=生活垃圾+废包装材料"", ""inputs"": {""生活垃圾_t_a"": 3, ""废包装材料_t_a"": 0.5}, ""result"": ""3.5"", ""unit"": ""t/a""}, {""formula"": ""危废合计=废机油+废机油桶+含油废抹布和手套+废活性炭"", ""inputs"": {""废机油_t_a"": 0.05, ""废机油桶_t_a"": 0.006, ""含油废抹布和手套_t_a"": 0.002, ""废活性炭_t_a"": 7.4439}, ""result"": ""7.5019"", ""unit"": ""t/a""}], ""issues"": [""一般工业固体废物贮存控制标准GB18599-2020未列入，标准选取不完整。"", ""报告引用《国家危险废物名录》（2021年版），结合RAG中2025年版名录信息，需复核适用版本。""]}, ""external_validation_result"": {""status"": ""insufficient_reference"", ""conclusion"": ""RAG可证明GB18599-2020适用于一般工业固体废物贮存场/填埋场过程，报告未列该标准；GB18597-2023适用于危险废物贮存，报告已列。危废名录2025版与2021版替代关系、GB/T39198及GB34330现行适用性证据不足。"", ""references_used"": [{""reference_id"": ""SOLID_GB18599_2020"", ""title"": ""一般工业固体废物贮存和填埋污染控制标准"", ""clause_or_table"": ""前言"", ""supporting_text"": ""本标准规定了一般工业固体废物贮存场、 填埋场的选址、 建设、运行、封场、 土地复垦等过程的环境保护要求""}, {""reference_id"": ""SOLID_GB18597_2023"", ""title"": ""危险废物贮存污染控制标准"", ""clause_or_table"": ""1 适用范围"", ""supporting_text"": ""本标 准适 用于 产生 、收集 、贮存 、利用 、处置 危险 废物 的单 位新 建、改建 、扩建 的危 险废 物贮 存设 施选 址、建设 和运 行的 污染 控制""}], ""missing_references"": [""《国家危险废物名录（2025年版）》替代《国家危险废物名录（2021年版）》或实施日期条款未在RAG中提供，无法核验报告引用2021年版的时效性。"", ""《一般固体废物分类与代码》（GB/T39198-2020）未包含于RAG，无法外部核验其编号与适用性。"", ""《固体废物鉴别标准 通则》GB34330的2017版与2025版现行/替代关系未提供，无法判断是否应补充引用。""]}, ""final_answer"": {""judgement"": ""存在问题"", ""analysis"": ""报告列明一般固废依据固废法、广东省条例、GB/T39198-2020，危废依据2021年版危废名录、GB18597-2023。项目设一般固体废物仓库并产生废包装材料等一般固废，RAG证明GB18599-2020适用于一般工业固废贮存，报告未列入，标准选取不完整。危废暂存间对应GB18597-2023，选取合理。危废名录2025版时效、GB/T39198及GB34330适用性因RAG条款不足需复核。"", ""scope_note"": ""仅依据报告文本和冻结RAG审核；未使用RAG外法规知识。""}, ""answer_mode"": ""full_validation"", ""safety_flags"": {""used_unprovided_external_knowledge"": false, ""whole_task_abstention"": false, ""report_evidence_hallucination_risk"": false, ""manual_review_needed"": true}}"
PL005_Emission_水污,B,PL005,,水污染物排放标准,请根据报告中的废水类型、预处理方式、排放去向、企业排口标准、污水处理厂名称、尾水排放河道和尾水执行标准，判断水污染物排放标准选取是否合理。要求对比：生活污水排放标准+排入污水处理厂名称+尾水排放河道+尾水排放执行标准，报告与知识库是否一致。,PL005_佛山市润特龙清洁用品有限公司新建项目.json,,qwen3.8-max,issue_found,生活污水预处理、排放去向、企业排口标准、污水处理厂、尾水河道及尾水标准表述总体一致；但表4-11存在产生量数值不一致。,insufficient_reference,RAG支持排入建成运行城镇二级污水处理厂执行DB44/26-2001三级标准，也支持GB/T18920-2020用于冲厕回用；但尾水执行一级A及DB44一级较严值的具体适用依据不足。,部分完成,报告内部：生活污水经三级化粪池预处理达DB44/26-2001第二时段三级后排入杏坛污水处理厂，尾水排入顺德支流并执行GB18918-2002一级A及DB44第二时段一级较严值，路径与标准表述一致；但表4-11 COD产生量0.0180t/a与200mg/L×180t/a核算0.0360t/a不符。外部：RAG支持三级标准和冲厕回用标准，尾水一级A适用依据不足。,外部规范核验仅基于冻结RAG；尾水排放标准的完整适用性因RAG证据不足未完全核验。,partial_internal,True,False,False,True,,,,93747ac4d8cc1f3bbfb0bc2e06ef39b702b9cc0732fdca4f33252f3d74ebebba,fa5dac39281944af94d8073430ebcaf4261a3c17708b6f788c44b3b5be5305a4,resp_f04a0aeb-c093-4c22-af77-5d02c6bf3a2a,1,True,"{""question_id"": ""PL005_Emission_水污"", ""group"": ""B"", ""project_id"": ""PL005"", ""source_json"": ""PL005_佛山市润特龙清洁用品有限公司新建项目.json"", ""skill_id"": """", ""audit_category"": ""水污染物排放标准"", ""report_internal_result"": {""status"": ""issue_found"", ""conclusion"": ""生活污水预处理、排放去向、企业排口标准、污水处理厂、尾水河道及尾水标准表述总体一致；但表4-11存在产生量数值不一致。"", ""evidence"": [{""fact"": ""生活污水经三级化粪池处理达DB44/26-2001第二时段三级标准后排入杏坛污水处理厂，尾水排入顺德支流。"", ""source_location"": ""root[5].content#2200"", ""source_excerpt"": ""生活污水经三级化粪池处理达到《水污染物排放限值》（DB44/26-2001）中的第二时段三级标准后，通过市政管网排入杏坛污水处理厂处理，尾水排入顺德支流。""}, {""fact"": ""杏坛污水处理厂尾水执行GB18918-2002一级A标准及DB44/26-2001第二时段一级标准的较严值。"", ""source_location"": ""root[6].content#4400"", ""source_excerpt"": ""杏坛污水处理厂尾水执行国家标准《城镇污水处理厂污染物排放标准》（GB18918-2002）一级A标准及广东省地方标准《水污染物排放限值》（DB44/26-2001）第二时段一级标准的较严值。""}], ""checks"": [{""check_name"": ""生活污水排放路径与企业排口标准一致性"", ""result"": ""pass"", ""explanation"": ""生活污水经三级化粪池预处理达DB44/26-2001第二时段三级标准后排入杏坛污水处理厂，章节表述一致。""}, {""check_name"": ""污水处理厂、尾水河道与尾水标准一致性"", ""result"": ""pass"", ""explanation"": ""杏坛污水处理厂尾水排入顺德支流，执行GB18918-2002一级A及DB44/26-2001第二时段一级较严值，多处一致。""}, {""check_name"": ""表4-11产生量数值一致性"", ""result"": ""fail"", ""explanation"": ""表4-11按COD产生浓度200mg/L和废水量180t/a核算应为0.0360t/a，报告列示0.0180t/a，存在矛盾。""}], ""calculations"": [{""formula"": ""污染物产生量=浓度×水量×1e-6"", ""inputs"": {""COD_concentration_mg_L"": 200, ""wastewater_volume_t_a"": 180}, ""result"": ""0.0360"", ""unit"": ""t/a""}], ""issues"": [""表4-11中COD产生量0.0180t/a与按产生浓度和水量核算的0.0360t/a不一致。""]}, ""external_validation_result"": {""status"": ""insufficient_reference"", ""conclusion"": ""RAG支持排入建成运行城镇二级污水处理厂执行DB44/26-2001三级标准，也支持GB/T18920-2020用于冲厕回用；但尾水执行一级A及DB44一级较严值的具体适用依据不足。"", ""references_used"": [{""reference_id"": ""WATER_DB44_26_2001"", ""title"": ""水污染物排放限值"", ""clause_or_table"": ""4.1.2.5"", ""supporting_text"": ""排入建成运行的城镇二级污水处理厂的污水执行三级标准。""}, {""reference_id"": ""WATER_GB18918_2002"", ""title"": ""城镇污水处理厂污染物排放标准"", ""clause_or_table"": ""4.1.2"", ""supporting_text"": ""将基本控制项目的常规污染物标准值分为一级标准、二级标准、三级标准。一级标准分为 A 标准和 B 标准。""}, {""reference_id"": ""WATER_GBT18920_2020"", ""title"": ""城市污水再生利用 城市杂用水水质"", ""clause_or_table"": ""表1"", ""supporting_text"": ""列A用途：冲厕、车辆冲洗""}], ""missing_references"": [""DB44/26-2001第二时段一级标准适用条件及限值依据不足"", ""GB18918-2002一级A标准对杏坛污水处理厂尾水排入顺德支流的适用条件依据不足""]}, ""final_answer"": {""judgement"": ""部分完成"", ""analysis"": ""报告内部：生活污水经三级化粪池预处理达DB44/26-2001第二时段三级后排入杏坛污水处理厂，尾水排入顺德支流并执行GB18918-2002一级A及DB44第二时段一级较严值，路径与标准表述一致；但表4-11 COD产生量0.0180t/a与200mg/L×180t/a核算0.0360t/a不符。外部：RAG支持三级标准和冲厕回用标准，尾水一级A适用依据不足。"", ""scope_note"": ""外部规范核验仅基于冻结RAG；尾水排放标准的完整适用性因RAG证据不足未完全核验。""}, ""answer_mode"": ""partial_internal"", ""safety_flags"": {""used_unprovided_external_knowledge"": false, ""whole_task_abstention"": false, ""report_evidence_hallucination_risk"": false, ""manual_review_needed"": true}}"
PL006_EnvQuality_Q01,B,PL006,,环境质量数据引用,请根据报告引用的环境质量公报及现状数据，判断大气和地表水环境质量现状数据引用是否准确。,PL006_佛山市顺德区乐鲸科技有限公司年产五金拉手300万个新建项目.json,,qwen3.8-max,issue_found,大气现状引用与表3-1及正文数据一致，O3超标并判定不达标区；地表水引用2022公报国省考断面达标结论，但顺德支流达标缺少具体监测数据支撑。,verified,RAG中2022年度顺德区公报可支持大气五项污染物达标、O3超标及国省考断面水质达标的实质结论；但报告引用名称和文号与RAG文本不一致，应规范。,存在问题,报告大气现状引用2022顺德区公报，表3-1与正文一致，O3第90百分位190μg/m³超标，判定不达标区；地表水引用国省考断面达标结论。外部RAG显示实质结论相符，但报告称“环境质量状况公报”且文号“佛顺环函”，与RAG“生态环境状况公报”“佛环顺函”不一致；顺德支流达标亦缺具体监测数据。,外部核验仅依据冻结RAG；未依据RAG之外法规判断引用时效。,full_validation,True,False,False,True,,,,265cc382c4284d6ec6acb41a3ad8c9d9075e9567662be59cd417c65192bdbd20,e9f4133c0243eb9742ee719ca68e027e5b49c0723ae0a1d83a0a1d6ac7c09c6b,resp_ada012ce-73fd-4df3-a83c-88fb11a5305a,3,True,"{""question_id"": ""PL006_EnvQuality_Q01"", ""group"": ""B"", ""project_id"": ""PL006"", ""source_json"": ""PL006_佛山市顺德区乐鲸科技有限公司年产五金拉手300万个新建项目.json"", ""skill_id"": """", ""audit_category"": ""环境质量数据引用"", ""report_internal_result"": {""status"": ""issue_found"", ""conclusion"": ""大气现状引用与表3-1及正文数据一致，O3超标并判定不达标区；地表水引用2022公报国省考断面达标结论，但顺德支流达标缺少具体监测数据支撑。"", ""evidence"": [{""fact"": ""报告引用2022年度顺德区公报，列出大气基本污染物浓度及O3第90百分位数190微克/立方米。"", ""source_location"": ""root[3].content#0"", ""source_excerpt"": ""2022年全区二氧化硫（SO2）、二氧化氮（NO2）、可吸入颗粒物（PM10）、细颗粒物（PM2.5）平均浓度分别为5、29、32、19微克/立方米，臭氧日最大8小时滑动平均（O3-8h）浓度的第90百分位数为190微克/立方米""}, {""fact"": ""报告引用佛顺环函〔2023〕26号，称2022年顺德区国控、省控断面均达到水质目标，并据此表述顺德支流满足Ⅲ类。"", ""source_location"": ""root[3].content#0"", ""source_excerpt"": ""参照《佛山市生态环境局顺德分局关于发布2022年度佛山市顺德区环境质量状况公报的通知》（佛顺环函〔2023〕26号），2022年顺德区2个国控断面（乌洲、顺德港）、3个省控断面（杨滘、海凌、飞鹅山）均达到相应的水质目标""}], ""checks"": [{""check_name"": ""大气现状数据内部一致性"", ""result"": ""pass"", ""explanation"": ""表3-1与正文浓度值一致，O3超标，判定为不达标区。""}, {""check_name"": ""地表水现状支撑充分性"", ""result"": ""uncertain"", ""explanation"": ""仅以顺德区国省考断面水质优良率推断顺德支流满足Ⅲ类，未附顺德支流具体监测数据。""}, {""check_name"": ""占标率计算一致性"", ""result"": ""pass"", ""explanation"": ""O3占标率按190/160计算为118.75%，表列118.7，修约一致。""}], ""calculations"": [{""formula"": ""O3占标率=190/160×100%"", ""inputs"": {""O3现状浓度"": 190, ""标准值"": 160}, ""result"": ""118.75≈118.7"", ""unit"": ""%""}, {""formula"": ""NO2占标率=29/40×100%"", ""inputs"": {""NO2现状浓度"": 29, ""标准值"": 40}, ""result"": ""72.5"", ""unit"": ""%""}], ""issues"": [""地表水部分未提供顺德支流具体监测数据，表3-2仅有标题，支撑不足。""]}, ""external_validation_result"": {""status"": ""verified"", ""conclusion"": ""RAG中2022年度顺德区公报可支持大气五项污染物达标、O3超标及国省考断面水质达标的实质结论；但报告引用名称和文号与RAG文本不一致，应规范。"", ""references_used"": [{""reference_id"": ""ENV_SHUNDE_2022"", ""title"": ""2022年度佛山市顺德区生态环境状况公报"", ""clause_or_table"": ""大气环境质量、地表水主河道"", ""supporting_text"": ""2022年顺德区二氧化硫（SO2）、二氧化氮（NO2）、可吸入颗粒物（PM10）、细颗粒物（PM2.5）、一氧化碳（CO）五项污染物年评价浓度均达到二级标准，臭氧（O3）超标。""}, {""reference_id"": ""ENV_SHUNDE_2022"", ""title"": ""2022年度佛山市顺德区生态环境状况公报"", ""clause_or_table"": ""地表水环境"", ""supporting_text"": ""2022年顺德区2个国控断面（乌洲、顺德港）、3个省控断面（杨滘、海凌、飞鹅山）均达到相应的水质目标，水质优良率（Ⅰ～Ⅲ类）为100%。""}], ""missing_references"": []}, ""final_answer"": {""judgement"": ""存在问题"", ""analysis"": ""报告大气现状引用2022顺德区公报，表3-1与正文一致，O3第90百分位190μg/m³超标，判定不达标区；地表水引用国省考断面达标结论。外部RAG显示实质结论相符，但报告称“环境质量状况公报”且文号“佛顺环函”，与RAG“生态环境状况公报”“佛环顺函”不一致；顺德支流达标亦缺具体监测数据。"", ""scope_note"": ""外部核验仅依据冻结RAG；未依据RAG之外法规判断引用时效。""}, ""answer_mode"": ""full_validation"", ""safety_flags"": {""used_unprovided_external_knowledge"": false, ""whole_task_abstention"": false, ""report_evidence_hallucination_risk"": false, ""manual_review_needed"": true}}"
