question_id,project_name,version_round,audit_module,suggested_skill,selection_score,question,answer,evidence,source_basis,verifiability_check,人工备注,gold_status,人工复核结论,报告页码,标准条款,专家意见原文位置,终稿是否修改闭环,批复是否体现,人工参考答案,评分备注
SC_QHSJ_001,佛山市全海世家新材料科技有限公司新建项目,sample_chain_expert_issue_v1,VOCs排放量与治理措施一致性;污染物排放标准适用性,07_污染物排放标准审核,123,请结合佛山市全海世家新材料科技有限公司新建项目样本链，核查“补充说明挥发性有机物的初始排放速率是否大于2kg/h”这一专家完善意见是否有报告证据支撑，并说明需要核查的证据位置、可能存在的问题及建议补充内容。,参考答案（专家意见来源）：专家评审意见指出需“补充说明挥发性有机物的初始排放速率是否大于2kg/h”。应优先核查：废气源强核算章节;VOCs排放速率;排放标准适用章节。若报告中未充分说明或数据前后不一致，应要求补充说明、完善表格或修正相关参数。该条目前作为样本链金标候选，仍需人工定位报告页码和原文证据。,03_修改意见或评估意见/专家评审评分表/报告表评审意见：补充说明挥发性有机物的初始排放速率是否大于2kg/h；建议核查证据：废气源强核算章节;VOCs排放速率;排放标准适用章节；待人工定位：01公示版和02报批稿中的具体章节、页码、表格或图件。,专家评审评分表（2024-06-18，70/100，原则通过）；样本链：01公示版、02报批稿或终稿、03修改意见或评估意见、04批复；具体标准条款待后续绑定,可通过03专家评审意见核验；报告正文页码和标准条款仍需人工补充,已有人类专家评审来源；尚未完成报告页码定位、标准条款绑定和终稿修改闭环核查,gold_candidate,,,,,,,,
SC_QHSJ_002,佛山市全海世家新材料科技有限公司新建项目,sample_chain_expert_issue_v1,危险废物识别与废活性炭核算,09_源强定量核算审核,123,请结合佛山市全海世家新材料科技有限公司新建项目样本链，核查“核实危废暂存方式并补充固废区域面积”这一专家完善意见是否有报告证据支撑，并说明需要核查的证据位置、可能存在的问题及建议补充内容。,参考答案（专家意见来源）：专家评审意见指出需“核实危废暂存方式并补充固废区域面积”。应优先核查：固体废物章节;危废暂存间设置;固废暂存面积;危废代码。若报告中未充分说明或数据前后不一致，应要求补充说明、完善表格或修正相关参数。该条目前作为样本链金标候选，仍需人工定位报告页码和原文证据。,03_修改意见或评估意见/专家评审评分表/报告表评审意见：核实危废暂存方式并补充固废区域面积；建议核查证据：固体废物章节;危废暂存间设置;固废暂存面积;危废代码；待人工定位：01公示版和02报批稿中的具体章节、页码、表格或图件。,专家评审评分表（2024-06-18，70/100，原则通过）；样本链：01公示版、02报批稿或终稿、03修改意见或评估意见、04批复；具体标准条款待后续绑定,可通过03专家评审意见核验；报告正文页码和标准条款仍需人工补充,已有人类专家评审来源；尚未完成报告页码定位、标准条款绑定和终稿修改闭环核查,gold_candidate,,,,,,,,
SC_QHSJ_003,佛山市全海世家新材料科技有限公司新建项目,sample_chain_expert_issue_v1,建设内容完整性;运营期产污系数与源强核算,04_建设内容完整性审核,123,请结合佛山市全海世家新材料科技有限公司新建项目样本链，核查“增加消耗量合计并补充物料平衡表”这一专家完善意见是否有报告证据支撑，并说明需要核查的证据位置、可能存在的问题及建议补充内容。,参考答案（专家意见来源）：专家评审意见指出需“增加消耗量合计并补充物料平衡表”。应优先核查：原辅材料用量表;物料平衡表;源强核算过程。若报告中未充分说明或数据前后不一致，应要求补充说明、完善表格或修正相关参数。该条目前作为样本链金标候选，仍需人工定位报告页码和原文证据。,03_修改意见或评估意见/专家评审评分表/报告表评审意见：增加消耗量合计并补充物料平衡表；建议核查证据：原辅材料用量表;物料平衡表;源强核算过程；待人工定位：01公示版和02报批稿中的具体章节、页码、表格或图件。,专家评审评分表（2024-06-18，70/100，原则通过）；样本链：01公示版、02报批稿或终稿、03修改意见或评估意见、04批复；具体标准条款待后续绑定,可通过03专家评审意见核验；报告正文页码和标准条款仍需人工补充,已有人类专家评审来源；尚未完成报告页码定位、标准条款绑定和终稿修改闭环核查,gold_candidate,,,,,,,,
SC_QHSJ_004,佛山市全海世家新材料科技有限公司新建项目,sample_chain_expert_issue_v1,建设内容完整性;运营期产污系数与源强核算,04_建设内容完整性审核,123,请结合佛山市全海世家新材料科技有限公司新建项目样本链，核查“补充主要生产设施的设施参数”这一专家完善意见是否有报告证据支撑，并说明需要核查的证据位置、可能存在的问题及建议补充内容。,参考答案（专家意见来源）：专家评审意见指出需“补充主要生产设施的设施参数”。应优先核查：设备清单;生产规模;设备参数;工艺流程。若报告中未充分说明或数据前后不一致，应要求补充说明、完善表格或修正相关参数。该条目前作为样本链金标候选，仍需人工定位报告页码和原文证据。,03_修改意见或评估意见/专家评审评分表/报告表评审意见：补充主要生产设施的设施参数；建议核查证据：设备清单;生产规模;设备参数;工艺流程；待人工定位：01公示版和02报批稿中的具体章节、页码、表格或图件。,专家评审评分表（2024-06-18，70/100，原则通过）；样本链：01公示版、02报批稿或终稿、03修改意见或评估意见、04批复；具体标准条款待后续绑定,可通过03专家评审意见核验；报告正文页码和标准条款仍需人工补充,已有人类专家评审来源；尚未完成报告页码定位、标准条款绑定和终稿修改闭环核查,gold_candidate,,,,,,,,
SC_QHSJ_007,佛山市全海世家新材料科技有限公司新建项目,sample_chain_expert_issue_v1,建设内容完整性;文件制式规范,04_建设内容完整性审核,123,请结合佛山市全海世家新材料科技有限公司新建项目样本链，核查“完善相关图件并补充比例尺”这一专家完善意见是否有报告证据支撑，并说明需要核查的证据位置、可能存在的问题及建议补充内容。,参考答案（专家意见来源）：专家评审意见指出需“完善相关图件并补充比例尺”。应优先核查：平面布置图;地理位置图;周边关系图;比例尺。若报告中未充分说明或数据前后不一致，应要求补充说明、完善表格或修正相关参数。该条目前作为样本链金标候选，仍需人工定位报告页码和原文证据。,03_修改意见或评估意见/专家评审评分表/报告表评审意见：完善相关图件并补充比例尺；建议核查证据：平面布置图;地理位置图;周边关系图;比例尺；待人工定位：01公示版和02报批稿中的具体章节、页码、表格或图件。,专家评审评分表（2024-06-18，70/100，原则通过）；样本链：01公示版、02报批稿或终稿、03修改意见或评估意见、04批复；具体标准条款待后续绑定,可通过03专家评审意见核验；报告正文页码和标准条款仍需人工补充,已有人类专家评审来源；尚未完成报告页码定位、标准条款绑定和终稿修改闭环核查,gold_candidate,,,,,,,,
SC_CC_002,佛山市彩川合成材料有限公司新建项目,sample_chain_expert_issue_v1,建设内容与生产设施参数审核,04_建设内容完整性审核,123,请结合样本链材料，核查该项目在“建设内容与生产设施参数审核”方面是否已回应专家意见：细化说明色粉的生产规模，根据挤出机的生产特征，完善关键设备产能和规模的匹配性分析，核实项目的物料平衡图和NHMC平衡。,参考答案（专家意见来源）：专家/评估意见指出需“细化说明色粉的生产规模，根据挤出机的生产特征，完善关键设备产能和规模的匹配性分析，核实项目的物料平衡图和NHMC平衡。”。审核时应核查报告正文是否已补充、修正或说明该问题，并进一步绑定具体标准条款、报告页码和修改闭环。 修改说明记录：已修改产品产能一览表、生产设施匹配性分析表、物料平衡表；修改位置：P21、P24、P25。,03_修改意见或评估意见/C2929_佛山市彩川合成材料有限公司新建项目\彩川合成材料发给大良的文件汇总\彩川修改说明表.docx：细化说明色粉的生产规模，根据挤出机的生产特征，完善关键设备产能和规模的匹配性分析，核实项目的物料平衡图和NHMC平衡。；建议同步核查01受理公告或公示版、02报批稿或终稿、04批复。 修改说明：已修改产品产能一览表、生产设施匹配性分析表、物料平衡表；修改位置：P21、P24、P25。,样本链03修改意见/评估意见；样本链01公示版、02报批稿或终稿、04批复；具体标准条款待后续绑定,可通过03专家意见或修改说明核验；报告正文页码、标准条款和终稿修改闭环仍需人工补充,已有专家/评估意见来源；尚未完成报告页码定位、标准条款绑定和终稿修改闭环核查,gold_candidate,,,,,,,,
SC_CC_003,佛山市彩川合成材料有限公司新建项目,sample_chain_expert_issue_v1,建设内容与生产设施参数审核,04_建设内容完整性审核,123,请结合样本链材料，核查该项目在“建设内容与生产设施参数审核”方面是否已回应专家意见：核实冷却塔的数量，明确挤出机的冷却方式，说明直接冷却水的更换频次和年更换量。,参考答案（专家意见来源）：专家/评估意见指出需“核实冷却塔的数量，明确挤出机的冷却方式，说明直接冷却水的更换频次和年更换量。”。审核时应核查报告正文是否已补充、修正或说明该问题，并进一步绑定具体标准条款、报告页码和修改闭环。 修改说明记录：已补充冷水机、直接冷却水的更换频次和年更换量；修改位置：P22、P37-38。,03_修改意见或评估意见/C2929_佛山市彩川合成材料有限公司新建项目\彩川合成材料发给大良的文件汇总\彩川修改说明表.docx：核实冷却塔的数量，明确挤出机的冷却方式，说明直接冷却水的更换频次和年更换量。；建议同步核查01受理公告或公示版、02报批稿或终稿、04批复。 修改说明：已补充冷水机、直接冷却水的更换频次和年更换量；修改位置：P22、P37-38。,样本链03修改意见/评估意见；样本链01公示版、02报批稿或终稿、04批复；具体标准条款待后续绑定,可通过03专家意见或修改说明核验；报告正文页码、标准条款和终稿修改闭环仍需人工补充,已有专家/评估意见来源；尚未完成报告页码定位、标准条款绑定和终稿修改闭环核查,gold_candidate,,,,,,,,
SC_CC_004,佛山市彩川合成材料有限公司新建项目,sample_chain_expert_issue_v1,建设内容与生产设施参数审核,04_建设内容完整性审核,123,请结合样本链材料，核查该项目在“建设内容与生产设施参数审核”方面是否已回应专家意见：完善工艺流程，核实挤出机的操作温度，进一步明确挤出工艺废气的产排情况，建议删除挤出工艺颗粒物,参考答案（专家意见来源）：专家/评估意见指出需“完善工艺流程，核实挤出机的操作温度，进一步明确挤出工艺废气的产排情况，建议删除挤出工艺颗粒物”。审核时应核查报告正文是否已补充、修正或说明该问题，并进一步绑定具体标准条款、报告页码和修改闭环。 修改说明记录：已完善色粉工艺流程，已核实挤出机工作温度，已删除挤出工艺颗粒物；修改位置：P26-29。,03_修改意见或评估意见/C2929_佛山市彩川合成材料有限公司新建项目\彩川合成材料发给大良的文件汇总\彩川修改说明表.docx：完善工艺流程，核实挤出机的操作温度，进一步明确挤出工艺废气的产排情况，建议删除挤出工艺颗粒物；建议同步核查01受理公告或公示版、02报批稿或终稿、04批复。 修改说明：已完善色粉工艺流程，已核实挤出机工作温度，已删除挤出工艺颗粒物；修改位置：P26-29。,样本链03修改意见/评估意见；样本链01公示版、02报批稿或终稿、04批复；具体标准条款待后续绑定,可通过03专家意见或修改说明核验；报告正文页码、标准条款和终稿修改闭环仍需人工补充,已有专家/评估意见来源；尚未完成报告页码定位、标准条款绑定和终稿修改闭环核查,gold_candidate,,,,,,,,
SC_CC_005,佛山市彩川合成材料有限公司新建项目,sample_chain_expert_issue_v1,污染物排放标准适用性审核,07_污染物排放标准审核,123,请结合样本链材料，核查该项目在“污染物排放标准适用性审核”方面是否已回应专家意见：项目排放的污染物涉及总悬浮颗粒物，TSP在《环境空气质量标准》（GB 3095-2012）有标准限值，需要提供现状监测数据，可引用项目周边5km范围内近3年的现有检测数据，若无相关数据建议补充监测。,参考答案（专家意见来源）：专家/评估意见指出需“项目排放的污染物涉及总悬浮颗粒物，TSP在《环境空气质量标准》（GB 3095-2012）有标准限值，需要提供现状监测数据，可引用项目周边5km范围内近3年的现有检测数据，若无相关数据建议补充监测。”。审核时应核查报告正文是否已补充、修正或说明该问题，并进一步绑定具体标准条款、报告页码和修改闭环。 修改说明记录：无；修改位置：/。,03_修改意见或评估意见/C2929_佛山市彩川合成材料有限公司新建项目\彩川合成材料发给大良的文件汇总\彩川修改说明表.docx：项目排放的污染物涉及总悬浮颗粒物，TSP在《环境空气质量标准》（GB 3095-2012）有标准限值，需要提供现状监测数据，可引用项目周边5km范围内近3年的现有检测数据，若无相关数据建议补充监测。；建议同步核查01受理公告或公示版、02报批稿或终稿、04批复。 修改说明：无；修改位置：/。,样本链03修改意见/评估意见；样本链01公示版、02报批稿或终稿、04批复；具体标准条款待后续绑定,可通过03专家意见或修改说明核验；报告正文页码、标准条款和终稿修改闭环仍需人工补充,已有专家/评估意见来源；尚未完成报告页码定位、标准条款绑定和终稿修改闭环核查,gold_candidate,,,,,,,,
SC_CC_006,佛山市彩川合成材料有限公司新建项目,sample_chain_expert_issue_v1,噪声源强与预测审核,09_源强定量核算审核,123,请结合样本链材料，核查该项目在“噪声源强与预测审核”方面是否已回应专家意见：项目东面边界距离顺诚南路较近，根据《佛山市生态环境局关于印发<佛山市声环境功能区划>的通知》（2024年1月10日），顺诚南路属于城市主干路，道路划分4a类声环境功能区，与相邻区域为3类声环境功能区，距离为20m。说明边界与顺诚南路的距离，是否涉及4a类声功能区。 | 已核实距离超出20米，属于3类声功能区,参考答案（专家意见来源）：专家/评估意见指出需“项目东面边界距离顺诚南路较近，根据《佛山市生态环境局关于印发<佛山市声环境功能区划>的通知》（2024年1月10日），顺诚南路属于城市主干路，道路划分4a类声环境功能区，与相邻区域为3类声环境功能区，距离为20m。说明边界与顺诚南路的距离，是否涉及4a类声功能区。 | 已核实距离超出20米，属于3类声功能区”。审核时应核查报告正文是否已补充、修正或说明该问题，并进一步绑定具体标准条款、报告页码和修改闭环。,03_修改意见或评估意见/C2929_佛山市彩川合成材料有限公司新建项目\彩川合成材料发给大良的文件汇总\彩川修改说明表.docx：项目东面边界距离顺诚南路较近，根据《佛山市生态环境局关于印发<佛山市声环境功能区划>的通知》（2024年1月10日），顺诚南路属于城市主干路，道路划分4a类声环境功能区，与相邻区域为3类声环境功能区，距离为20m。说明边界与顺诚南路的距离，是否涉及4a类声功能区。 | 已核实距离超出20米，属于3类声功能区；建议同步核查01受理公告或公示版、02报批稿或终稿、04批复。,样本链03修改意见/评估意见；样本链01公示版、02报批稿或终稿、04批复；具体标准条款待后续绑定,可通过03专家意见或修改说明核验；报告正文页码、标准条款和终稿修改闭环仍需人工补充,已有专家/评估意见来源；尚未完成报告页码定位、标准条款绑定和终稿修改闭环核查,gold_candidate,,,,,,,,
SC_CC_007,佛山市彩川合成材料有限公司新建项目,sample_chain_expert_issue_v1,污染物排放标准适用性审核,07_污染物排放标准审核,123,请结合样本链材料，核查该项目在“污染物排放标准适用性审核”方面是否已回应专家意见：生活污水排放标准补充污染因子总磷。,参考答案（专家意见来源）：专家/评估意见指出需“生活污水排放标准补充污染因子总磷。”。审核时应核查报告正文是否已补充、修正或说明该问题，并进一步绑定具体标准条款、报告页码和修改闭环。 修改说明记录：已补充污染因子总磷。；修改位置：P32。,03_修改意见或评估意见/C2929_佛山市彩川合成材料有限公司新建项目\彩川合成材料发给大良的文件汇总\彩川修改说明表.docx：生活污水排放标准补充污染因子总磷。；建议同步核查01受理公告或公示版、02报批稿或终稿、04批复。 修改说明：已补充污染因子总磷。；修改位置：P32。,样本链03修改意见/评估意见；样本链01公示版、02报批稿或终稿、04批复；具体标准条款待后续绑定,可通过03专家意见或修改说明核验；报告正文页码、标准条款和终稿修改闭环仍需人工补充,已有专家/评估意见来源；尚未完成报告页码定位、标准条款绑定和终稿修改闭环核查,gold_candidate,,,,,,,,
SC_CC_008,佛山市彩川合成材料有限公司新建项目,sample_chain_expert_issue_v1,行业准入与规划相符性审核,03_三线一单符合性审核,123,请结合样本链材料，核查该项目在“行业准入与规划相符性审核”方面是否已回应专家意见：按《佛山市生态环境局关于印发规范执行重点行业污染物排放标准的工作指引的通知》附件：重点行业污染物排放标准执行情况汇总表明确，注塑、挤出、吹塑等只发生物理反应的塑料加工工艺，其工艺废气的污染物只需要考虑非甲烷总烃和臭气浓度。,参考答案（专家意见来源）：专家/评估意见指出需“按《佛山市生态环境局关于印发规范执行重点行业污染物排放标准的工作指引的通知》附件：重点行业污染物排放标准执行情况汇总表明确，注塑、挤出、吹塑等只发生物理反应的塑料加工工艺，其工艺废气的污染物只需要考虑非甲烷总烃和臭气浓度。”。审核时应核查报告正文是否已补充、修正或说明该问题，并进一步绑定具体标准条款、报告页码和修改闭环。 修改说明记录：已删除其余特征因子；修改位置：P33。,03_修改意见或评估意见/C2929_佛山市彩川合成材料有限公司新建项目\彩川合成材料发给大良的文件汇总\彩川修改说明表.docx：按《佛山市生态环境局关于印发规范执行重点行业污染物排放标准的工作指引的通知》附件：重点行业污染物排放标准执行情况汇总表明确，注塑、挤出、吹塑等只发生物理反应的塑料加工工艺，其工艺废气的污染物只需要考虑非甲烷总烃和臭气浓度。；建议同步核查01受理公告或公示版、02报批稿或终稿、04批复。 修改说明：已删除其余特征因子；修改位置：P33。,样本链03修改意见/评估意见；样本链01公示版、02报批稿或终稿、04批复；具体标准条款待后续绑定,可通过03专家意见或修改说明核验；报告正文页码、标准条款和终稿修改闭环仍需人工补充,已有专家/评估意见来源；尚未完成报告页码定位、标准条款绑定和终稿修改闭环核查,gold_candidate,,,,,,,,
SC_CC_009,佛山市彩川合成材料有限公司新建项目,sample_chain_expert_issue_v1,污染物排放标准适用性审核,07_污染物排放标准审核,123,请结合样本链材料，核查该项目在“污染物排放标准适用性审核”方面是否已回应专家意见：建议颗粒物执行《大气污染物排放限值》（DB44/27-2001）相关限值。,参考答案（专家意见来源）：专家/评估意见指出需“建议颗粒物执行《大气污染物排放限值》（DB44/27-2001）相关限值。”。审核时应核查报告正文是否已补充、修正或说明该问题，并进一步绑定具体标准条款、报告页码和修改闭环。 修改说明记录：已修改颗粒物执行标准；修改位置：P33。,03_修改意见或评估意见/C2929_佛山市彩川合成材料有限公司新建项目\彩川合成材料发给大良的文件汇总\彩川修改说明表.docx：建议颗粒物执行《大气污染物排放限值》（DB44/27-2001）相关限值。；建议同步核查01受理公告或公示版、02报批稿或终稿、04批复。 修改说明：已修改颗粒物执行标准；修改位置：P33。,样本链03修改意见/评估意见；样本链01公示版、02报批稿或终稿、04批复；具体标准条款待后续绑定,可通过03专家意见或修改说明核验；报告正文页码、标准条款和终稿修改闭环仍需人工补充,已有专家/评估意见来源；尚未完成报告页码定位、标准条款绑定和终稿修改闭环核查,gold_candidate,,,,,,,,
SC_ZBHM_001,佛山市祖帮海绵有限公司新建项目,sample_chain_expert_issue_v1,环境风险与新污染物审核,99_总审核汇总,123,请结合样本链材料，核查该项目在“环境风险与新污染物审核”方面是否已回应专家意见：二氯甲烷属于新污染物，应补充分析与《重点管控新污染物清单（2023 年版）》的相符性分析,参考答案（专家意见来源）：专家/评估意见指出需“二氯甲烷属于新污染物，应补充分析与《重点管控新污染物清单（2023 年版）》的相符性分析”。审核时应核查报告正文是否已补充、修正或说明该问题，并进一步绑定具体标准条款、报告页码和修改闭环。,03_修改意见或评估意见/C2924_佛山市祖帮海绵有限公司新建项目\佛山市祖帮海绵有限公司新建项目专家评审材料\环境影响评价评审评分表（佛山市祖帮海绵有限公司新建项目 ）.pdf：二氯甲烷属于新污染物，应补充分析与《重点管控新污染物清单（2023 年版）》的相符性分析；建议同步核查01受理公告或公示版、02报批稿或终稿、04批复。,样本链03修改意见/评估意见；样本链01公示版、02报批稿或终稿、04批复；具体标准条款待后续绑定,可通过03专家意见或修改说明核验；报告正文页码、标准条款和终稿修改闭环仍需人工补充,已有专家/评估意见来源；尚未完成报告页码定位、标准条款绑定和终稿修改闭环核查,gold_candidate,,,,,,,,
SC_ZBHM_002,佛山市祖帮海绵有限公司新建项目,sample_chain_expert_issue_v1,建设内容与生产设施参数审核,04_建设内容完整性审核,123,请结合样本链材料，核查该项目在“建设内容与生产设施参数审核”方面是否已回应专家意见：上面是从生产批次角度核算的产品重量。请根据运行时长分析生产设 备与产能的相符性,参考答案（专家意见来源）：专家/评估意见指出需“上面是从生产批次角度核算的产品重量。请根据运行时长分析生产设 备与产能的相符性”。审核时应核查报告正文是否已补充、修正或说明该问题，并进一步绑定具体标准条款、报告页码和修改闭环。,03_修改意见或评估意见/C2924_佛山市祖帮海绵有限公司新建项目\佛山市祖帮海绵有限公司新建项目专家评审材料\环境影响评价评审评分表（佛山市祖帮海绵有限公司新建项目 ）.pdf：上面是从生产批次角度核算的产品重量。请根据运行时长分析生产设 备与产能的相符性；建议同步核查01受理公告或公示版、02报批稿或终稿、04批复。,样本链03修改意见/评估意见；样本链01公示版、02报批稿或终稿、04批复；具体标准条款待后续绑定,可通过03专家意见或修改说明核验；报告正文页码、标准条款和终稿修改闭环仍需人工补充,已有专家/评估意见来源；尚未完成报告页码定位、标准条款绑定和终稿修改闭环核查,gold_candidate,,,,,,,,
SC_ZBHM_003,佛山市祖帮海绵有限公司新建项目,sample_chain_expert_issue_v1,建设内容与生产设施参数审核,04_建设内容完整性审核,123,请结合样本链材料，核查该项目在“建设内容与生产设施参数审核”方面是否已回应专家意见：明确是物理发泡还是化学发泡工艺,参考答案（专家意见来源）：专家/评估意见指出需“明确是物理发泡还是化学发泡工艺”。审核时应核查报告正文是否已补充、修正或说明该问题，并进一步绑定具体标准条款、报告页码和修改闭环。,03_修改意见或评估意见/C2924_佛山市祖帮海绵有限公司新建项目\佛山市祖帮海绵有限公司新建项目专家评审材料\环境影响评价评审评分表（佛山市祖帮海绵有限公司新建项目 ）.pdf：明确是物理发泡还是化学发泡工艺；建议同步核查01受理公告或公示版、02报批稿或终稿、04批复。,样本链03修改意见/评估意见；样本链01公示版、02报批稿或终稿、04批复；具体标准条款待后续绑定,可通过03专家意见或修改说明核验；报告正文页码、标准条款和终稿修改闭环仍需人工补充,已有专家/评估意见来源；尚未完成报告页码定位、标准条款绑定和终稿修改闭环核查,gold_candidate,,,,,,,,
SC_ZBHM_004,佛山市祖帮海绵有限公司新建项目,sample_chain_expert_issue_v1,建设内容与生产设施参数审核,04_建设内容完整性审核,123,请结合样本链材料，核查该项目在“建设内容与生产设施参数审核”方面是否已回应专家意见：补充说明是否产生地面冲洗水和设备清洗水,参考答案（专家意见来源）：专家/评估意见指出需“补充说明是否产生地面冲洗水和设备清洗水”。审核时应核查报告正文是否已补充、修正或说明该问题，并进一步绑定具体标准条款、报告页码和修改闭环。,03_修改意见或评估意见/C2924_佛山市祖帮海绵有限公司新建项目\佛山市祖帮海绵有限公司新建项目专家评审材料\环境影响评价评审评分表（佛山市祖帮海绵有限公司新建项目 ）.pdf：补充说明是否产生地面冲洗水和设备清洗水；建议同步核查01受理公告或公示版、02报批稿或终稿、04批复。,样本链03修改意见/评估意见；样本链01公示版、02报批稿或终稿、04批复；具体标准条款待后续绑定,可通过03专家意见或修改说明核验；报告正文页码、标准条款和终稿修改闭环仍需人工补充,已有专家/评估意见来源；尚未完成报告页码定位、标准条款绑定和终稿修改闭环核查,gold_candidate,,,,,,,,
SC_ZBHM_006,佛山市祖帮海绵有限公司新建项目,sample_chain_expert_issue_v1,环境风险与新污染物审核,99_总审核汇总,123,请结合样本链材料，核查该项目在“环境风险与新污染物审核”方面是否已回应专家意见：核实次生污染物光气风险预测结果图。浓度分布不符合规律。标出最 大影响范围的距离。 报告已按修改意见修改完善,参考答案（专家意见来源）：专家/评估意见指出需“核实次生污染物光气风险预测结果图。浓度分布不符合规律。标出最 大影响范围的距离。 报告已按修改意见修改完善”。审核时应核查报告正文是否已补充、修正或说明该问题，并进一步绑定具体标准条款、报告页码和修改闭环。,03_修改意见或评估意见/C2924_佛山市祖帮海绵有限公司新建项目\佛山市祖帮海绵有限公司新建项目专家评审材料\环境影响评价评审评分表（佛山市祖帮海绵有限公司新建项目 ）.pdf：核实次生污染物光气风险预测结果图。浓度分布不符合规律。标出最 大影响范围的距离。 报告已按修改意见修改完善；建议同步核查01受理公告或公示版、02报批稿或终稿、04批复。,样本链03修改意见/评估意见；样本链01公示版、02报批稿或终稿、04批复；具体标准条款待后续绑定,可通过03专家意见或修改说明核验；报告正文页码、标准条款和终稿修改闭环仍需人工补充,已有专家/评估意见来源；尚未完成报告页码定位、标准条款绑定和终稿修改闭环核查,gold_candidate,,,,,,,,
SC_ZCSB_004,佛山市顺德区智成塑包装有限公司新建项目,sample_chain_expert_issue_v1,VOCs与废气治理审核,09_源强定量核算审核,123,请结合样本链材料，核查该项目在“VOCs与废气治理审核”方面是否已回应专家意见：建议源强核算时将NMHC也纳入VOCs,参考答案（专家意见来源）：专家/评估意见指出需“建议源强核算时将NMHC也纳入VOCs”。审核时应核查报告正文是否已补充、修正或说明该问题，并进一步绑定具体标准条款、报告页码和修改闭环。,03_修改意见或评估意见/C2929_佛山市顺德区智成塑包装有限公司新建项目\佛山市顺德区智成塑包装有限公司新建项目专家评审材料\环境影响评价评审评分表（佛山市顺德区智成塑包装有限公司新建项目）.pdf：建议源强核算时将NMHC也纳入VOCs；建议同步核查01受理公告或公示版、02报批稿或终稿、04批复。,样本链03修改意见/评估意见；样本链01公示版、02报批稿或终稿、04批复；具体标准条款待后续绑定,可通过03专家意见或修改说明核验；报告正文页码、标准条款和终稿修改闭环仍需人工补充,已有专家/评估意见来源；尚未完成报告页码定位、标准条款绑定和终稿修改闭环核查,gold_candidate,,,,,,,,
SC_ZCSB_005,佛山市顺德区智成塑包装有限公司新建项目,sample_chain_expert_issue_v1,VOCs与废气治理审核,07_污染物排放标准审核,123,请结合样本链材料，核查该项目在“VOCs与废气治理审核”方面是否已回应专家意见：将NMHC和VOCs合并核算源强，再判断浓度是否达标,参考答案（专家意见来源）：专家/评估意见指出需“将NMHC和VOCs合并核算源强，再判断浓度是否达标”。审核时应核查报告正文是否已补充、修正或说明该问题，并进一步绑定具体标准条款、报告页码和修改闭环。,03_修改意见或评估意见/C2929_佛山市顺德区智成塑包装有限公司新建项目\佛山市顺德区智成塑包装有限公司新建项目专家评审材料\环境影响评价评审评分表（佛山市顺德区智成塑包装有限公司新建项目）.pdf：将NMHC和VOCs合并核算源强，再判断浓度是否达标；建议同步核查01受理公告或公示版、02报批稿或终稿、04批复。,样本链03修改意见/评估意见；样本链01公示版、02报批稿或终稿、04批复；具体标准条款待后续绑定,可通过03专家意见或修改说明核验；报告正文页码、标准条款和终稿修改闭环仍需人工补充,已有专家/评估意见来源；尚未完成报告页码定位、标准条款绑定和终稿修改闭环核查,gold_candidate,,,,,,,,
SC_ZXYP_001,佛山志兴盈包装有限公司新建项目,sample_chain_expert_issue_v1,行业准入与规划相符性审核,03_三线一单符合性审核,123,请结合样本链材料，核查该项目在“行业准入与规划相符性审核”方面是否已回应专家意见：补充分析本项目产品是否属于《广东省禁止、限制生产、销售和使 用的塑料制品目录》,参考答案（专家意见来源）：专家/评估意见指出需“补充分析本项目产品是否属于《广东省禁止、限制生产、销售和使 用的塑料制品目录》”。审核时应核查报告正文是否已补充、修正或说明该问题，并进一步绑定具体标准条款、报告页码和修改闭环。,03_修改意见或评估意见/C2923_佛山志兴盈包装有限公司新建项目\佛山志兴盈包装有限公司新建项目专家评审材料\环境影响评价评审评分表（佛山志兴盈包装有限公司新建项目）.pdf：补充分析本项目产品是否属于《广东省禁止、限制生产、销售和使 用的塑料制品目录》；建议同步核查01受理公告或公示版、02报批稿或终稿、04批复。,样本链03修改意见/评估意见；样本链01公示版、02报批稿或终稿、04批复；具体标准条款待后续绑定,可通过03专家意见或修改说明核验；报告正文页码、标准条款和终稿修改闭环仍需人工补充,已有专家/评估意见来源；尚未完成报告页码定位、标准条款绑定和终稿修改闭环核查,gold_candidate,,,,,,,,
SC_ZXYP_002,佛山志兴盈包装有限公司新建项目,sample_chain_expert_issue_v1,建设内容与生产设施参数审核,04_建设内容完整性审核,123,请结合样本链材料，核查该项目在“建设内容与生产设施参数审核”方面是否已回应专家意见：补充吹膜机、印刷机的主要生产参数：印刷速度、生产速度等,参考答案（专家意见来源）：专家/评估意见指出需“补充吹膜机、印刷机的主要生产参数：印刷速度、生产速度等”。审核时应核查报告正文是否已补充、修正或说明该问题，并进一步绑定具体标准条款、报告页码和修改闭环。,03_修改意见或评估意见/C2923_佛山志兴盈包装有限公司新建项目\佛山志兴盈包装有限公司新建项目专家评审材料\环境影响评价评审评分表（佛山志兴盈包装有限公司新建项目）.pdf：补充吹膜机、印刷机的主要生产参数：印刷速度、生产速度等；建议同步核查01受理公告或公示版、02报批稿或终稿、04批复。,样本链03修改意见/评估意见；样本链01公示版、02报批稿或终稿、04批复；具体标准条款待后续绑定,可通过03专家意见或修改说明核验；报告正文页码、标准条款和终稿修改闭环仍需人工补充,已有专家/评估意见来源；尚未完成报告页码定位、标准条款绑定和终稿修改闭环核查,gold_candidate,,,,,,,,
SC_ZXYP_003,佛山志兴盈包装有限公司新建项目,sample_chain_expert_issue_v1,VOCs与废气治理审核,07_污染物排放标准审核,123,请结合样本链材料，核查该项目在“VOCs与废气治理审核”方面是否已回应专家意见：根据这个标准，油性油墨不属于低VOCs油墨,参考答案（专家意见来源）：专家/评估意见指出需“根据这个标准，油性油墨不属于低VOCs油墨”。审核时应核查报告正文是否已补充、修正或说明该问题，并进一步绑定具体标准条款、报告页码和修改闭环。,03_修改意见或评估意见/C2923_佛山志兴盈包装有限公司新建项目\佛山志兴盈包装有限公司新建项目专家评审材料\环境影响评价评审评分表（佛山志兴盈包装有限公司新建项目）.pdf：根据这个标准，油性油墨不属于低VOCs油墨；建议同步核查01受理公告或公示版、02报批稿或终稿、04批复。,样本链03修改意见/评估意见；样本链01公示版、02报批稿或终稿、04批复；具体标准条款待后续绑定,可通过03专家意见或修改说明核验；报告正文页码、标准条款和终稿修改闭环仍需人工补充,已有专家/评估意见来源；尚未完成报告页码定位、标准条款绑定和终稿修改闭环核查,gold_candidate,,,,,,,,
SC_ZXYP_005,佛山志兴盈包装有限公司新建项目,sample_chain_expert_issue_v1,建设内容与生产设施参数审核,04_建设内容完整性审核,123,请结合样本链材料，核查该项目在“建设内容与生产设施参数审核”方面是否已回应专家意见：其他同类项目的印刷速度为 150m/min左右。建议补充印刷速度合理 性分析,参考答案（专家意见来源）：专家/评估意见指出需“其他同类项目的印刷速度为 150m/min左右。建议补充印刷速度合理 性分析”。审核时应核查报告正文是否已补充、修正或说明该问题，并进一步绑定具体标准条款、报告页码和修改闭环。,03_修改意见或评估意见/C2923_佛山志兴盈包装有限公司新建项目\佛山志兴盈包装有限公司新建项目专家评审材料\环境影响评价评审评分表（佛山志兴盈包装有限公司新建项目）.pdf：其他同类项目的印刷速度为 150m/min左右。建议补充印刷速度合理 性分析；建议同步核查01受理公告或公示版、02报批稿或终稿、04批复。,样本链03修改意见/评估意见；样本链01公示版、02报批稿或终稿、04批复；具体标准条款待后续绑定,可通过03专家意见或修改说明核验；报告正文页码、标准条款和终稿修改闭环仍需人工补充,已有专家/评估意见来源；尚未完成报告页码定位、标准条款绑定和终稿修改闭环核查,gold_candidate,,,,,,,,
SC_ZXYP_006,佛山志兴盈包装有限公司新建项目,sample_chain_expert_issue_v1,源强核算与预测参数审核,09_源强定量核算审核,123,请结合样本链材料，核查该项目在“源强核算与预测参数审核”方面是否已回应专家意见：建议引用报告书中的分析过程论证处理效率的合理性，或者补充实 测数据,参考答案（专家意见来源）：专家/评估意见指出需“建议引用报告书中的分析过程论证处理效率的合理性，或者补充实 测数据”。审核时应核查报告正文是否已补充、修正或说明该问题，并进一步绑定具体标准条款、报告页码和修改闭环。,03_修改意见或评估意见/C2923_佛山志兴盈包装有限公司新建项目\佛山志兴盈包装有限公司新建项目专家评审材料\环境影响评价评审评分表（佛山志兴盈包装有限公司新建项目）.pdf：建议引用报告书中的分析过程论证处理效率的合理性，或者补充实 测数据；建议同步核查01受理公告或公示版、02报批稿或终稿、04批复。,样本链03修改意见/评估意见；样本链01公示版、02报批稿或终稿、04批复；具体标准条款待后续绑定,可通过03专家意见或修改说明核验；报告正文页码、标准条款和终稿修改闭环仍需人工补充,已有专家/评估意见来源；尚未完成报告页码定位、标准条款绑定和终稿修改闭环核查,gold_candidate,,,,,,,,
SC_ZXYP_007,佛山志兴盈包装有限公司新建项目,sample_chain_expert_issue_v1,环境风险与新污染物审核,99_总审核汇总,123,请结合样本链材料，核查该项目在“环境风险与新污染物审核”方面是否已回应专家意见：核实园区有没有设事故应急池，最好依托园区的风险防范措施,参考答案（专家意见来源）：专家/评估意见指出需“核实园区有没有设事故应急池，最好依托园区的风险防范措施”。审核时应核查报告正文是否已补充、修正或说明该问题，并进一步绑定具体标准条款、报告页码和修改闭环。,03_修改意见或评估意见/C2923_佛山志兴盈包装有限公司新建项目\佛山志兴盈包装有限公司新建项目专家评审材料\环境影响评价评审评分表（佛山志兴盈包装有限公司新建项目）.pdf：核实园区有没有设事故应急池，最好依托园区的风险防范措施；建议同步核查01受理公告或公示版、02报批稿或终稿、04批复。,样本链03修改意见/评估意见；样本链01公示版、02报批稿或终稿、04批复；具体标准条款待后续绑定,可通过03专家意见或修改说明核验；报告正文页码、标准条款和终稿修改闭环仍需人工补充,已有专家/评估意见来源；尚未完成报告页码定位、标准条款绑定和终稿修改闭环核查,gold_candidate,,,,,,,,
SC_ZXYP_008,佛山志兴盈包装有限公司新建项目,sample_chain_expert_issue_v1,VOCs与废气治理审核,15_VOCs总量控制审核,123,请结合样本链材料，核查该项目在“VOCs与废气治理审核”方面是否已回应专家意见：完善环境保护措施监督检查清单，补充非甲烷总烃和苯系物,参考答案（专家意见来源）：专家/评估意见指出需“完善环境保护措施监督检查清单，补充非甲烷总烃和苯系物”。审核时应核查报告正文是否已补充、修正或说明该问题，并进一步绑定具体标准条款、报告页码和修改闭环。,03_修改意见或评估意见/C2923_佛山志兴盈包装有限公司新建项目\佛山志兴盈包装有限公司新建项目专家评审材料\环境影响评价评审评分表（佛山志兴盈包装有限公司新建项目）.pdf：完善环境保护措施监督检查清单，补充非甲烷总烃和苯系物；建议同步核查01受理公告或公示版、02报批稿或终稿、04批复。,样本链03修改意见/评估意见；样本链01公示版、02报批稿或终稿、04批复；具体标准条款待后续绑定,可通过03专家意见或修改说明核验；报告正文页码、标准条款和终稿修改闭环仍需人工补充,已有专家/评估意见来源；尚未完成报告页码定位、标准条款绑定和终稿修改闭环核查,gold_candidate,,,,,,,,
SC_CXSL_001,佛山辰僖塑料有限公司新建项目,sample_chain_expert_issue_v1,行业准入与规划相符性审核,03_三线一单符合性审核,123,请结合样本链材料，核查该项目在“行业准入与规划相符性审核”方面是否已回应专家意见：补充分析项目选址与《广东省人民政府办公厅关于印发广东省“节地提质”攻坚行动方案（2023-2025年）的通知》（粤办函〔2023〕57号）中“一律安排进入开发区（产业园区）生产建设”要求相符性，明确所在领潮制造园是否列入文件要求的开发区（产业园区）范围。 按最新发布的佛山市生态环境局关于印发《佛山市“三线一单’生态环境分区管控方案(2024年版)的通知（佛环〔2024〕20 号）重新完善分区管控相符性分析内容，P2,参考答案（专家意见来源）：专家/评估意见指出需“补充分析项目选址与《广东省人民政府办公厅关于印发广东省“节地提质”攻坚行动方案（2023-2025年）的通知》（粤办函〔2023〕57号）中“一律安排进入开发区（产业园区）生产建设”要求相符性，明确所在领潮制造园是否列入文件要求的开发区（产业园区）范围。 按最新发布的佛山市生态环境局关于印发《佛山市“三线一单’生态环境分区管控方案(2024年版)的通知（佛环〔2024〕20 号）重新完善分区管控相符性分析内容，P2”。审核时应核查报告正文是否已补充、修正或说明该问题，并进一步绑定具体标准条款、报告页码和修改闭环。,03_修改意见或评估意见/C2926_佛山辰僖塑料有限公司新建项目\03_修改意见或评估意见_l5GdNJPYlyU59IcOVjvA.docx：补充分析项目选址与《广东省人民政府办公厅关于印发广东省“节地提质”攻坚行动方案（2023-2025年）的通知》（粤办函〔2023〕57号）中“一律安排进入开发区（产业园区）生产建设”要求相符性，明确所在领潮制造园是否列入文件要求的开发区（产业园区）范围。 按最新发布的佛山市生态环境局关于印发《佛山市“三线一单’生态环境分区管控方案(2024年版)的通知（佛环〔2024〕20 号）重新完善分区管控相符性分析内容，P2；建议同步核查01受理公告或公示版、02报批稿或终稿、04批复。,样本链03修改意见/评估意见；样本链01公示版、02报批稿或终稿、04批复；具体标准条款待后续绑定,可通过03专家意见或修改说明核验；报告正文页码、标准条款和终稿修改闭环仍需人工补充,已有专家/评估意见来源；尚未完成报告页码定位、标准条款绑定和终稿修改闭环核查,gold_candidate,,,,,,,,
SC_CXSL_002,佛山辰僖塑料有限公司新建项目,sample_chain_expert_issue_v1,建设内容与生产设施参数审核,04_建设内容完整性审核,123,请结合样本链材料，核查该项目在“建设内容与生产设施参数审核”方面是否已回应专家意见：PE塑料粒吹瓶工序核实是否先进行瓶胚制作，再进行吹瓶生产（涉及两次熔融工序），P19。明确厂内是否配套对模具进行维修。总印刷面积45850m2计算有误，明确固化机的加热方式，P11,参考答案（专家意见来源）：专家/评估意见指出需“PE塑料粒吹瓶工序核实是否先进行瓶胚制作，再进行吹瓶生产（涉及两次熔融工序），P19。明确厂内是否配套对模具进行维修。总印刷面积45850m2计算有误，明确固化机的加热方式，P11”。审核时应核查报告正文是否已补充、修正或说明该问题，并进一步绑定具体标准条款、报告页码和修改闭环。,03_修改意见或评估意见/C2926_佛山辰僖塑料有限公司新建项目\03_修改意见或评估意见_l5GdNJPYlyU59IcOVjvA.docx：PE塑料粒吹瓶工序核实是否先进行瓶胚制作，再进行吹瓶生产（涉及两次熔融工序），P19。明确厂内是否配套对模具进行维修。总印刷面积45850m2计算有误，明确固化机的加热方式，P11；建议同步核查01受理公告或公示版、02报批稿或终稿、04批复。,样本链03修改意见/评估意见；样本链01公示版、02报批稿或终稿、04批复；具体标准条款待后续绑定,可通过03专家意见或修改说明核验；报告正文页码、标准条款和终稿修改闭环仍需人工补充,已有专家/评估意见来源；尚未完成报告页码定位、标准条款绑定和终稿修改闭环核查,gold_candidate,,,,,,,,
SC_CXSL_003,佛山辰僖塑料有限公司新建项目,sample_chain_expert_issue_v1,VOCs与废气治理审核,15_VOCs总量控制审核,123,请结合样本链材料，核查该项目在“VOCs与废气治理审核”方面是否已回应专家意见：排气筒44米，在DB44/ 27—2001所列高度范围内，但采用外推法计算二氧化硫、氮氧化物排放速度有误，P25、P26,参考答案（专家意见来源）：专家/评估意见指出需“排气筒44米，在DB44/ 27—2001所列高度范围内，但采用外推法计算二氧化硫、氮氧化物排放速度有误，P25、P26”。审核时应核查报告正文是否已补充、修正或说明该问题，并进一步绑定具体标准条款、报告页码和修改闭环。,03_修改意见或评估意见/C2926_佛山辰僖塑料有限公司新建项目\03_修改意见或评估意见_l5GdNJPYlyU59IcOVjvA.docx：排气筒44米，在DB44/ 27—2001所列高度范围内，但采用外推法计算二氧化硫、氮氧化物排放速度有误，P25、P26；建议同步核查01受理公告或公示版、02报批稿或终稿、04批复。,样本链03修改意见/评估意见；样本链01公示版、02报批稿或终稿、04批复；具体标准条款待后续绑定,可通过03专家意见或修改说明核验；报告正文页码、标准条款和终稿修改闭环仍需人工补充,已有专家/评估意见来源；尚未完成报告页码定位、标准条款绑定和终稿修改闭环核查,gold_candidate,,,,,,,,
SC_CXSL_004,佛山辰僖塑料有限公司新建项目,sample_chain_expert_issue_v1,建设内容与生产设施参数审核,04_建设内容完整性审核,123,请结合样本链材料，核查该项目在“建设内容与生产设施参数审核”方面是否已回应专家意见：使用国家环保局推荐AERSCREEN估算模型计算厂界浓度，判断厂界浓度低于《合成树脂工业污染物排放标准》（GB31572-2015） 等标准容易引起歧义且结论不科学，因为AERSCREEN计算只是无组织排放单源排放的预测结果，未叠加考虑有组织排放对厂界浓度的贡献，建议删除相关结论。备注“表4-7 项目注塑、吹瓶非甲烷总烃产生量核算表”等厂界浓度计算结果的确定依据。P33~35,参考答案（专家意见来源）：专家/评估意见指出需“使用国家环保局推荐AERSCREEN估算模型计算厂界浓度，判断厂界浓度低于《合成树脂工业污染物排放标准》（GB31572-2015） 等标准容易引起歧义且结论不科学，因为AERSCREEN计算只是无组织排放单源排放的预测结果，未叠加考虑有组织排放对厂界浓度的贡献，建议删除相关结论。备注“表4-7 项目注塑、吹瓶非甲烷总烃产生量核算表”等厂界浓度计算结果的确定依据。P33~35”。审核时应核查报告正文是否已补充、修正或说明该问题，并进一步绑定具体标准条款、报告页码和修改闭环。,03_修改意见或评估意见/C2926_佛山辰僖塑料有限公司新建项目\03_修改意见或评估意见_l5GdNJPYlyU59IcOVjvA.docx：使用国家环保局推荐AERSCREEN估算模型计算厂界浓度，判断厂界浓度低于《合成树脂工业污染物排放标准》（GB31572-2015） 等标准容易引起歧义且结论不科学，因为AERSCREEN计算只是无组织排放单源排放的预测结果，未叠加考虑有组织排放对厂界浓度的贡献，建议删除相关结论。备注“表4-7 项目注塑、吹瓶非甲烷总烃产生量核算表”等厂界浓度计算结果的确定依据。P33~35；建议同步核查01受理公告或公示版、02报批稿或终稿、04批复。,样本链03修改意见/评估意见；样本链01公示版、02报批稿或终稿、04批复；具体标准条款待后续绑定,可通过03专家意见或修改说明核验；报告正文页码、标准条款和终稿修改闭环仍需人工补充,已有专家/评估意见来源；尚未完成报告页码定位、标准条款绑定和终稿修改闭环核查,gold_candidate,,,,,,,,
SC_CXSL_005,佛山辰僖塑料有限公司新建项目,sample_chain_expert_issue_v1,VOCs与废气治理审核,15_VOCs总量控制审核,123,请结合样本链材料，核查该项目在“VOCs与废气治理审核”方面是否已回应专家意见：为计算过火工序熔融的塑料量，按油墨印刷的厚度计算不合理，P33。出现过火面积等于整个印刷面的面积，但与后续论证内容过火面积确定为73500m2/a前后矛盾，P33,参考答案（专家意见来源）：专家/评估意见指出需“为计算过火工序熔融的塑料量，按油墨印刷的厚度计算不合理，P33。出现过火面积等于整个印刷面的面积，但与后续论证内容过火面积确定为73500m2/a前后矛盾，P33”。审核时应核查报告正文是否已补充、修正或说明该问题，并进一步绑定具体标准条款、报告页码和修改闭环。,03_修改意见或评估意见/C2926_佛山辰僖塑料有限公司新建项目\03_修改意见或评估意见_l5GdNJPYlyU59IcOVjvA.docx：为计算过火工序熔融的塑料量，按油墨印刷的厚度计算不合理，P33。出现过火面积等于整个印刷面的面积，但与后续论证内容过火面积确定为73500m2/a前后矛盾，P33；建议同步核查01受理公告或公示版、02报批稿或终稿、04批复。,样本链03修改意见/评估意见；样本链01公示版、02报批稿或终稿、04批复；具体标准条款待后续绑定,可通过03专家意见或修改说明核验；报告正文页码、标准条款和终稿修改闭环仍需人工补充,已有专家/评估意见来源；尚未完成报告页码定位、标准条款绑定和终稿修改闭环核查,gold_candidate,,,,,,,,
SC_CXSL_006,佛山辰僖塑料有限公司新建项目,sample_chain_expert_issue_v1,VOCs与废气治理审核,10_废气收集形式审核 / 11_废气设计风量审核,123,请结合样本链材料，核查该项目在“VOCs与废气治理审核”方面是否已回应专家意见：采用的Q=(W+B)Hvx公式实质为两面围挡情形风量计算公式，与实际四面围挡情况不一形，P30,参考答案（专家意见来源）：专家/评估意见指出需“采用的Q=(W+B)Hvx公式实质为两面围挡情形风量计算公式，与实际四面围挡情况不一形，P30”。审核时应核查报告正文是否已补充、修正或说明该问题，并进一步绑定具体标准条款、报告页码和修改闭环。,03_修改意见或评估意见/C2926_佛山辰僖塑料有限公司新建项目\03_修改意见或评估意见_l5GdNJPYlyU59IcOVjvA.docx：采用的Q=(W+B)Hvx公式实质为两面围挡情形风量计算公式，与实际四面围挡情况不一形，P30；建议同步核查01受理公告或公示版、02报批稿或终稿、04批复。,样本链03修改意见/评估意见；样本链01公示版、02报批稿或终稿、04批复；具体标准条款待后续绑定,可通过03专家意见或修改说明核验；报告正文页码、标准条款和终稿修改闭环仍需人工补充,已有专家/评估意见来源；尚未完成报告页码定位、标准条款绑定和终稿修改闭环核查,gold_candidate,,,,,,,,
SC_CXSL_007,佛山辰僖塑料有限公司新建项目,sample_chain_expert_issue_v1,VOCs与废气治理审核,15_VOCs总量控制审核,123,请结合样本链材料，核查该项目在“VOCs与废气治理审核”方面是否已回应专家意见：补充非正常工况下废气排放情况分析，按HJ2.2非正常工况包括污染物排放控制措施达不到应有效率等情况下的排放。P36,参考答案（专家意见来源）：专家/评估意见指出需“补充非正常工况下废气排放情况分析，按HJ2.2非正常工况包括污染物排放控制措施达不到应有效率等情况下的排放。P36”。审核时应核查报告正文是否已补充、修正或说明该问题，并进一步绑定具体标准条款、报告页码和修改闭环。,03_修改意见或评估意见/C2926_佛山辰僖塑料有限公司新建项目\03_修改意见或评估意见_l5GdNJPYlyU59IcOVjvA.docx：补充非正常工况下废气排放情况分析，按HJ2.2非正常工况包括污染物排放控制措施达不到应有效率等情况下的排放。P36；建议同步核查01受理公告或公示版、02报批稿或终稿、04批复。,样本链03修改意见/评估意见；样本链01公示版、02报批稿或终稿、04批复；具体标准条款待后续绑定,可通过03专家意见或修改说明核验；报告正文页码、标准条款和终稿修改闭环仍需人工补充,已有专家/评估意见来源；尚未完成报告页码定位、标准条款绑定和终稿修改闭环核查,gold_candidate,,,,,,,,
SC_CXSL_008,佛山辰僖塑料有限公司新建项目,sample_chain_expert_issue_v1,污染物排放标准适用性审核,07_污染物排放标准审核,123,请结合样本链材料，核查该项目在“污染物排放标准适用性审核”方面是否已回应专家意见：按《环境影响评价技术导则—声环境》（HJ2.4-2021）要求完善工业企业噪声源强调查清（室外、室内声源），P43; 核实叠加计算结果。若考虑2台空压机等主要声源，厂内噪声源强75.88dB(A)有误，实际应超过78dB(A)，判断厂界的预测结果有误，P44,参考答案（专家意见来源）：专家/评估意见指出需“按《环境影响评价技术导则—声环境》（HJ2.4-2021）要求完善工业企业噪声源强调查清（室外、室内声源），P43; 核实叠加计算结果。若考虑2台空压机等主要声源，厂内噪声源强75.88dB(A)有误，实际应超过78dB(A)，判断厂界的预测结果有误，P44”。审核时应核查报告正文是否已补充、修正或说明该问题，并进一步绑定具体标准条款、报告页码和修改闭环。,03_修改意见或评估意见/C2926_佛山辰僖塑料有限公司新建项目\03_修改意见或评估意见_l5GdNJPYlyU59IcOVjvA.docx：按《环境影响评价技术导则—声环境》（HJ2.4-2021）要求完善工业企业噪声源强调查清（室外、室内声源），P43; 核实叠加计算结果。若考虑2台空压机等主要声源，厂内噪声源强75.88dB(A)有误，实际应超过78dB(A)，判断厂界的预测结果有误，P44；建议同步核查01受理公告或公示版、02报批稿或终稿、04批复。,样本链03修改意见/评估意见；样本链01公示版、02报批稿或终稿、04批复；具体标准条款待后续绑定,可通过03专家意见或修改说明核验；报告正文页码、标准条款和终稿修改闭环仍需人工补充,已有专家/评估意见来源；尚未完成报告页码定位、标准条款绑定和终稿修改闭环核查,gold_candidate,,,,,,,,
SC_HMHX_003,和默化学（佛山）有限公司新建项目,sample_chain_expert_issue_v1,VOCs与废气治理审核,07_污染物排放标准审核,123,请结合样本链材料，核查该项目在“VOCs与废气治理审核”方面是否已回应专家意见：核实废气排放标准，不应该执行特别排放限值,参考答案（专家意见来源）：专家/评估意见指出需“核实废气排放标准，不应该执行特别排放限值”。审核时应核查报告正文是否已补充、修正或说明该问题，并进一步绑定具体标准条款、报告页码和修改闭环。,03_修改意见或评估意见/C2922_和默化学（佛山）有限公司新建项目\和默化学（佛山）有限公司新建项目专家评审材料\环境影响评价评审评分表（和默化学（佛山）有限公司新建项目）.pdf：核实废气排放标准，不应该执行特别排放限值；建议同步核查01受理公告或公示版、02报批稿或终稿、04批复。,样本链03修改意见/评估意见；样本链01公示版、02报批稿或终稿、04批复；具体标准条款待后续绑定,可通过03专家意见或修改说明核验；报告正文页码、标准条款和终稿修改闭环仍需人工补充,已有专家/评估意见来源；尚未完成报告页码定位、标准条款绑定和终稿修改闭环核查,gold_candidate,,,,,,,,
SC_HMHX_004,和默化学（佛山）有限公司新建项目,sample_chain_expert_issue_v1,行业准入与规划相符性审核,03_三线一单符合性审核,123,请结合样本链材料，核查该项目在“行业准入与规划相符性审核”方面是否已回应专家意见：产污系数与切割、CNC机加工工序的相关性不强，如果找不到合 适的产污系数，一定要用这个行业的产污系数也要详细说明原因,参考答案（专家意见来源）：专家/评估意见指出需“产污系数与切割、CNC机加工工序的相关性不强，如果找不到合 适的产污系数，一定要用这个行业的产污系数也要详细说明原因”。审核时应核查报告正文是否已补充、修正或说明该问题，并进一步绑定具体标准条款、报告页码和修改闭环。,03_修改意见或评估意见/C2922_和默化学（佛山）有限公司新建项目\和默化学（佛山）有限公司新建项目专家评审材料\环境影响评价评审评分表（和默化学（佛山）有限公司新建项目）.pdf：产污系数与切割、CNC机加工工序的相关性不强，如果找不到合 适的产污系数，一定要用这个行业的产污系数也要详细说明原因；建议同步核查01受理公告或公示版、02报批稿或终稿、04批复。,样本链03修改意见/评估意见；样本链01公示版、02报批稿或终稿、04批复；具体标准条款待后续绑定,可通过03专家意见或修改说明核验；报告正文页码、标准条款和终稿修改闭环仍需人工补充,已有专家/评估意见来源；尚未完成报告页码定位、标准条款绑定和终稿修改闭环核查,gold_candidate,,,,,,,,
SC_HMHX_006,和默化学（佛山）有限公司新建项目,sample_chain_expert_issue_v1,废水处理与委外处置审核,07_污染物排放标准审核,123,请结合样本链材料，核查该项目在“废水处理与委外处置审核”方面是否已回应专家意见：4+2 项目，要求喷淋废水每个月更换 2 次,参考答案（专家意见来源）：专家/评估意见指出需“4+2 项目，要求喷淋废水每个月更换 2 次”。审核时应核查报告正文是否已补充、修正或说明该问题，并进一步绑定具体标准条款、报告页码和修改闭环。,03_修改意见或评估意见/C2922_和默化学（佛山）有限公司新建项目\和默化学（佛山）有限公司新建项目专家评审材料\环境影响评价评审评分表（和默化学（佛山）有限公司新建项目）.pdf：4+2 项目，要求喷淋废水每个月更换 2 次；建议同步核查01受理公告或公示版、02报批稿或终稿、04批复。,样本链03修改意见/评估意见；样本链01公示版、02报批稿或终稿、04批复；具体标准条款待后续绑定,可通过03专家意见或修改说明核验；报告正文页码、标准条款和终稿修改闭环仍需人工补充,已有专家/评估意见来源；尚未完成报告页码定位、标准条款绑定和终稿修改闭环核查,gold_candidate,,,,,,,,
SC_PC_001,鹏彩科技（佛山市）有限公司新建项目,sample_chain_expert_issue_v1,行业准入与规划相符性审核,03_三线一单符合性审核,123,请结合样本链材料，核查该项目在“行业准入与规划相符性审核”方面是否已回应专家意见：审查意见相符性分析中，“本项目不涉及《市场准入负面清单（2025年版）》 中的禁止类事项”建议改为“本项目不涉及《市场准入负面清单（2025年版）》中的禁止类和许可类事项”。,参考答案（专家意见来源）：专家/评估意见指出需“审查意见相符性分析中，“本项目不涉及《市场准入负面清单（2025年版）》 中的禁止类事项”建议改为“本项目不涉及《市场准入负面清单（2025年版）》中的禁止类和许可类事项”。”。审核时应核查报告正文是否已补充、修正或说明该问题，并进一步绑定具体标准条款、报告页码和修改闭环。 修改说明记录：已更正，更改为“本项目不涉及《市场准入负面清单（2025年版）》中的禁止类和许可类事项”。；修改位置：请见P2，表1-1项目与顺德科技工业园A区审查意见相符性分析。,03_修改意见或评估意见/C2929_鹏彩科技（佛山市）有限公司新建项目\20251105发给大良文件汇总（鹏彩）\修改说明（鹏彩）.docx：审查意见相符性分析中，“本项目不涉及《市场准入负面清单（2025年版）》 中的禁止类事项”建议改为“本项目不涉及《市场准入负面清单（2025年版）》中的禁止类和许可类事项”。；建议同步核查01受理公告或公示版、02报批稿或终稿、04批复。 修改说明：已更正，更改为“本项目不涉及《市场准入负面清单（2025年版）》中的禁止类和许可类事项”。；修改位置：请见P2，表1-1项目与顺德科技工业园A区审查意见相符性分析。,样本链03修改意见/评估意见；样本链01公示版、02报批稿或终稿、04批复；具体标准条款待后续绑定,可通过03专家意见或修改说明核验；报告正文页码、标准条款和终稿修改闭环仍需人工补充,已有专家/评估意见来源；尚未完成报告页码定位、标准条款绑定和终稿修改闭环核查,gold_candidate,,,,,,,,
SC_PC_002,鹏彩科技（佛山市）有限公司新建项目,sample_chain_expert_issue_v1,VOCs与废气治理审核,10_废气收集形式审核 / 11_废气设计风量审核,123,请结合样本链材料，核查该项目在“VOCs与废气治理审核”方面是否已回应专家意见：①建议细化描述半密闭型集气罩收集有机废气的收集方式，即是什么样的半密闭型集气罩,参考答案（专家意见来源）：专家/评估意见指出需“①建议细化描述半密闭型集气罩收集有机废气的收集方式，即是什么样的半密闭型集气罩”。审核时应核查报告正文是否已补充、修正或说明该问题，并进一步绑定具体标准条款、报告页码和修改闭环。,03_修改意见或评估意见/C2929_鹏彩科技（佛山市）有限公司新建项目\20251105发给大良文件汇总（鹏彩）\修改说明（鹏彩）.docx：①建议细化描述半密闭型集气罩收集有机废气的收集方式，即是什么样的半密闭型集气罩；建议同步核查01受理公告或公示版、02报批稿或终稿、04批复。,样本链03修改意见/评估意见；样本链01公示版、02报批稿或终稿、04批复；具体标准条款待后续绑定,可通过03专家意见或修改说明核验；报告正文页码、标准条款和终稿修改闭环仍需人工补充,已有专家/评估意见来源；尚未完成报告页码定位、标准条款绑定和终稿修改闭环核查,gold_candidate,,,,,,,,
SC_PC_004,鹏彩科技（佛山市）有限公司新建项目,sample_chain_expert_issue_v1,污染物排放标准适用性审核,07_污染物排放标准审核,123,请结合样本链材料，核查该项目在“污染物排放标准适用性审核”方面是否已回应专家意见：③根据前面修改，完善大气污染物排放标准。,参考答案（专家意见来源）：专家/评估意见指出需“③根据前面修改，完善大气污染物排放标准。”。审核时应核查报告正文是否已补充、修正或说明该问题，并进一步绑定具体标准条款、报告页码和修改闭环。 修改说明记录：①已细化半密闭型集气罩的描述。；修改位置：请见P55。,03_修改意见或评估意见/C2929_鹏彩科技（佛山市）有限公司新建项目\20251105发给大良文件汇总（鹏彩）\修改说明（鹏彩）.docx：③根据前面修改，完善大气污染物排放标准。；建议同步核查01受理公告或公示版、02报批稿或终稿、04批复。 修改说明：①已细化半密闭型集气罩的描述。；修改位置：请见P55。,样本链03修改意见/评估意见；样本链01公示版、02报批稿或终稿、04批复；具体标准条款待后续绑定,可通过03专家意见或修改说明核验；报告正文页码、标准条款和终稿修改闭环仍需人工补充,已有专家/评估意见来源；尚未完成报告页码定位、标准条款绑定和终稿修改闭环核查,gold_candidate,,,,,,,,
SC_PC_005,鹏彩科技（佛山市）有限公司新建项目,sample_chain_expert_issue_v1,污染物排放标准适用性审核,07_污染物排放标准审核,123,请结合样本链材料，核查该项目在“污染物排放标准适用性审核”方面是否已回应专家意见：③根据前面修改，完善大气污染物排放标准。,参考答案（专家意见来源）：专家/评估意见指出需“③根据前面修改，完善大气污染物排放标准。”。审核时应核查报告正文是否已补充、修正或说明该问题，并进一步绑定具体标准条款、报告页码和修改闭环。 修改说明记录：②已补充厂界及厂区内污染物达标分析。；修改位置：请见P58-59。,03_修改意见或评估意见/C2929_鹏彩科技（佛山市）有限公司新建项目\20251105发给大良文件汇总（鹏彩）\修改说明（鹏彩）.docx：③根据前面修改，完善大气污染物排放标准。；建议同步核查01受理公告或公示版、02报批稿或终稿、04批复。 修改说明：②已补充厂界及厂区内污染物达标分析。；修改位置：请见P58-59。,样本链03修改意见/评估意见；样本链01公示版、02报批稿或终稿、04批复；具体标准条款待后续绑定,可通过03专家意见或修改说明核验；报告正文页码、标准条款和终稿修改闭环仍需人工补充,已有专家/评估意见来源；尚未完成报告页码定位、标准条款绑定和终稿修改闭环核查,gold_candidate,,,,,,,,
SC_PC_006,鹏彩科技（佛山市）有限公司新建项目,sample_chain_expert_issue_v1,污染物排放标准适用性审核,07_污染物排放标准审核,123,请结合样本链材料，核查该项目在“污染物排放标准适用性审核”方面是否已回应专家意见：③根据前面修改，完善大气污染物排放标准。,参考答案（专家意见来源）：专家/评估意见指出需“③根据前面修改，完善大气污染物排放标准。”。审核时应核查报告正文是否已补充、修正或说明该问题，并进一步绑定具体标准条款、报告页码和修改闭环。 修改说明记录：③已按照修改意见，全文完善大气污染物排放标准。；修改位置：请见P3，表1-1 项目与顺德科技工业园A区审查意见相符性分析；请见P39；请见P51，表4-12 项目大气污染物自行监测计划一览表；请见P58-59；请见P80。,03_修改意见或评估意见/C2929_鹏彩科技（佛山市）有限公司新建项目\20251105发给大良文件汇总（鹏彩）\修改说明（鹏彩）.docx：③根据前面修改，完善大气污染物排放标准。；建议同步核查01受理公告或公示版、02报批稿或终稿、04批复。 修改说明：③已按照修改意见，全文完善大气污染物排放标准。；修改位置：请见P3，表1-1 项目与顺德科技工业园A区审查意见相符性分析；请见P39；请见P51，表4-12 项目大气污染物自行监测计划一览表；请见P58-59；请见P80。,样本链03修改意见/评估意见；样本链01公示版、02报批稿或终稿、04批复；具体标准条款待后续绑定,可通过03专家意见或修改说明核验；报告正文页码、标准条款和终稿修改闭环仍需人工补充,已有专家/评估意见来源；尚未完成报告页码定位、标准条款绑定和终稿修改闭环核查,gold_candidate,,,,,,,,
SC_QHSJ_005,佛山市全海世家新材料科技有限公司新建项目,sample_chain_expert_issue_v1,废气收集效率与活性炭治理设施参数;环境保护措施可行性,10_废气收集形式审核 / 11_废气设计风量审核,108,请结合佛山市全海世家新材料科技有限公司新建项目样本链，核查“补充绿点现有剩余处理能力”这一专家完善意见是否有报告证据支撑，并说明需要核查的证据位置、可能存在的问题及建议补充内容。,参考答案（专家意见来源）：专家评审意见指出需“补充绿点现有剩余处理能力”。应优先核查：依托治理设施说明;剩余处理能力;治理设施参数。若报告中未充分说明或数据前后不一致，应要求补充说明、完善表格或修正相关参数。该条目前作为样本链金标候选，仍需人工定位报告页码和原文证据。,03_修改意见或评估意见/专家评审评分表/报告表评审意见：补充绿点现有剩余处理能力；建议核查证据：依托治理设施说明;剩余处理能力;治理设施参数；待人工定位：01公示版和02报批稿中的具体章节、页码、表格或图件。,专家评审评分表（2024-06-18，70/100，原则通过）；样本链：01公示版、02报批稿或终稿、03修改意见或评估意见、04批复；具体标准条款待后续绑定,可通过03专家评审意见核验；报告正文页码和标准条款仍需人工补充,已有人类专家评审来源；尚未完成报告页码定位、标准条款绑定和终稿修改闭环核查,gold_candidate,,,,,,,,
SC_QHSJ_006,佛山市全海世家新材料科技有限公司新建项目,sample_chain_expert_issue_v1,废气收集形式与设计风量核算,09_源强定量核算审核,108,请结合佛山市全海世家新材料科技有限公司新建项目样本链，核查“核实排气筒内径，解释两个排气筒风量相差一倍但内径相同的问题”这一专家完善意见是否有报告证据支撑，并说明需要核查的证据位置、可能存在的问题及建议补充内容。,参考答案（专家意见来源）：专家评审意见指出需“核实排气筒内径，解释两个排气筒风量相差一倍但内径相同的问题”。应优先核查：排气筒参数;设计风量;管径或内径;风速核算。若报告中未充分说明或数据前后不一致，应要求补充说明、完善表格或修正相关参数。该条目前作为样本链金标候选，仍需人工定位报告页码和原文证据。,03_修改意见或评估意见/专家评审评分表/报告表评审意见：核实排气筒内径，解释两个排气筒风量相差一倍但内径相同的问题；建议核查证据：排气筒参数;设计风量;管径或内径;风速核算；待人工定位：01公示版和02报批稿中的具体章节、页码、表格或图件。,专家评审评分表（2024-06-18，70/100，原则通过）；样本链：01公示版、02报批稿或终稿、03修改意见或评估意见、04批复；具体标准条款待后续绑定,可通过03专家评审意见核验；报告正文页码和标准条款仍需人工补充,已有人类专家评审来源；尚未完成报告页码定位、标准条款绑定和终稿修改闭环核查,gold_candidate,,,,,,,,
SC_ZCSB_002,佛山市顺德区智成塑包装有限公司新建项目,sample_chain_expert_issue_v1,图件附件完整性审核,99_总审核汇总,108,请结合样本链材料，核查该项目在“图件附件完整性审核”方面是否已回应专家意见：核实照片附件。应该是附件 7,参考答案（专家意见来源）：专家/评估意见指出需“核实照片附件。应该是附件 7”。审核时应核查报告正文是否已补充、修正或说明该问题，并进一步绑定具体标准条款、报告页码和修改闭环。,03_修改意见或评估意见/C2929_佛山市顺德区智成塑包装有限公司新建项目\佛山市顺德区智成塑包装有限公司新建项目专家评审材料\环境影响评价评审评分表（佛山市顺德区智成塑包装有限公司新建项目）.pdf：核实照片附件。应该是附件 7；建议同步核查01受理公告或公示版、02报批稿或终稿、04批复。,样本链03修改意见/评估意见；样本链01公示版、02报批稿或终稿、04批复；具体标准条款待后续绑定,可通过03专家意见或修改说明核验；报告正文页码、标准条款和终稿修改闭环仍需人工补充,已有专家/评估意见来源；尚未完成报告页码定位、标准条款绑定和终稿修改闭环核查,gold_candidate,,,,,,,,
SC_YD_002,广东顺德意达电子薄膜器件有限公司新建项目,sample_chain_assessment_opinion_v1,VOCs总量控制审核,15_VOCs总量控制审核,108,请结合样本链技术评估意见，核查该项目VOCs总量控制指标是否明确区分有组织和无组织排放量。,技术评估意见中总量控制结论为：VOCs排放量0.289t/a，其中有组织排放量0.095t/a，无组织排放量0.194t/a。审核时应进一步核查报告正文源强核算表、总量控制章节和批复是否保持一致。,03_修改意见或评估意见/粤环院科〔2023〕号关于《广东顺德意达电子薄膜器件有限公司新建项目环境影响报告表》的技术评估意见.doc；技术评估意见“三、评估结论（一）总量控制”。,样本链03技术评估意见/环评考核表；样本链01公示版、02报批稿或终稿、04批复；具体报告页码待后续绑定,可通过03技术评估意见或考核表核验；报告页码、标准条款和批复一致性仍需人工补充,该批为技术评估意见/评分表转化题，不等同于逐条修改意见；需人工复核页码、条款和闭环,gold_candidate,,,,,,,,
SC_YD_003,广东顺德意达电子薄膜器件有限公司新建项目,sample_chain_assessment_opinion_v1,废水处理与排放标准审核,07_污染物排放标准审核,108,请结合样本链技术评估意见，核查该项目是否存在生产废水，以及生活污水去向和执行标准是否明确。,技术评估意见认为项目不产生生产废水；生活污水经三级化粪池预处理后排入五沙污水处理厂处理，尾水排入洪奇沥水道。审批建议要求生活污水达到广东省《水污染物排放限值》（DB44/26-2001）第二时段三级标准后排入污水处理厂。该题仍需人工核对报告正文和批复是否一致。,03_修改意见或评估意见/粤环院科〔2023〕号关于《广东顺德意达电子薄膜器件有限公司新建项目环境影响报告表》的技术评估意见.doc；技术评估意见“主要环境影响及环境保护措施（二）地表水环境影响及环境保护措施”“审批建议（二）”。,样本链03技术评估意见/环评考核表；样本链01公示版、02报批稿或终稿、04批复；具体报告页码待后续绑定,可通过03技术评估意见或考核表核验；报告页码、标准条款和批复一致性仍需人工补充,该批为技术评估意见/评分表转化题，不等同于逐条修改意见；需人工复核页码、条款和闭环,gold_candidate,,,,,,,,
SC_YD_004,广东顺德意达电子薄膜器件有限公司新建项目,sample_chain_assessment_opinion_v1,噪声源强与预测审核,07_污染物排放标准审核,108,请结合样本链技术评估意见，核查该项目噪声污染防治措施和厂界噪声执行标准是否明确。,技术评估意见载明，项目噪声主要来自生产设备、风机等，拟采取低噪声设备、合理布局、维护保养、隔声、消音、减振等措施；审批建议要求厂界噪声达到《工业企业厂界环境噪声排放标准》（GB12348-2008）3类标准。该题仍需人工核查噪声预测表和厂界功能区依据。,03_修改意见或评估意见/粤环院科〔2023〕号关于《广东顺德意达电子薄膜器件有限公司新建项目环境影响报告表》的技术评估意见.doc；技术评估意见“主要环境影响及环境保护措施（三）噪声污染防治措施及环境影响”“审批建议（三）”。,样本链03技术评估意见/环评考核表；样本链01公示版、02报批稿或终稿、04批复；具体报告页码待后续绑定,可通过03技术评估意见或考核表核验；报告页码、标准条款和批复一致性仍需人工补充,该批为技术评估意见/评分表转化题，不等同于逐条修改意见；需人工复核页码、条款和闭环,gold_candidate,,,,,,,,
SC_YD_005,广东顺德意达电子薄膜器件有限公司新建项目,sample_chain_assessment_opinion_v1,固废与危险废物识别审核,14_危险废物识别审核,108,请结合样本链技术评估意见，核查该项目一般固废、危险废物类别和暂存处置要求是否完整。,技术评估意见载明，生活垃圾由环卫部门清运，废包装材料交回收单位，彩膜边角料及次品交供应商回收；废机油、废机油桶、废含油抹布、废含油墨抹布、化工原料包装桶罐、废PS版、废活性炭等作为危险废物分类收集，园区危废暂存仓暂存，并委托有资质单位处理。审批建议要求危险废物贮存符合《危险废物贮存污染控制标准》（GB18597-2023）。,03_修改意见或评估意见/粤环院科〔2023〕号关于《广东顺德意达电子薄膜器件有限公司新建项目环境影响报告表》的技术评估意见.doc；技术评估意见“主要环境影响及环境保护措施（四）固体废物污染防治措施及环境影响”“审批建议（四）”。,样本链03技术评估意见/环评考核表；样本链01公示版、02报批稿或终稿、04批复；具体报告页码待后续绑定,可通过03技术评估意见或考核表核验；报告页码、标准条款和批复一致性仍需人工补充,该批为技术评估意见/评分表转化题，不等同于逐条修改意见；需人工复核页码、条款和闭环,gold_candidate,,,,,,,,
SC_ZBHM_005,佛山市祖帮海绵有限公司新建项目,sample_chain_expert_issue_v1,样本链专家意见审核,99_总审核汇总,100,请结合样本链材料，核查该项目在“样本链专家意见审核”方面是否已回应专家意见：根据 2024 年修改单，塑料制品制造的颗粒物无组织排放也不用执行表 9。可以执行广东省地标,参考答案（专家意见来源）：专家/评估意见指出需“根据 2024 年修改单，塑料制品制造的颗粒物无组织排放也不用执行表 9。可以执行广东省地标”。审核时应核查报告正文是否已补充、修正或说明该问题，并进一步绑定具体标准条款、报告页码和修改闭环。,03_修改意见或评估意见/C2924_佛山市祖帮海绵有限公司新建项目\佛山市祖帮海绵有限公司新建项目专家评审材料\环境影响评价评审评分表（佛山市祖帮海绵有限公司新建项目 ）.pdf：根据 2024 年修改单，塑料制品制造的颗粒物无组织排放也不用执行表 9。可以执行广东省地标；建议同步核查01受理公告或公示版、02报批稿或终稿、04批复。,样本链03修改意见/评估意见；样本链01公示版、02报批稿或终稿、04批复；具体标准条款待后续绑定,可通过03专家意见或修改说明核验；报告正文页码、标准条款和终稿修改闭环仍需人工补充,已有专家/评估意见来源；尚未完成报告页码定位、标准条款绑定和终稿修改闭环核查,gold_candidate,,,,,,,,
SC_ZCSB_001,佛山市顺德区智成塑包装有限公司新建项目,sample_chain_expert_issue_v1,样本链专家意见审核,99_总审核汇总,100,请结合样本链材料，核查该项目在“样本链专家意见审核”方面是否已回应专家意见：补充项目建设性质和建设项目申报情形,参考答案（专家意见来源）：专家/评估意见指出需“补充项目建设性质和建设项目申报情形”。审核时应核查报告正文是否已补充、修正或说明该问题，并进一步绑定具体标准条款、报告页码和修改闭环。,03_修改意见或评估意见/C2929_佛山市顺德区智成塑包装有限公司新建项目\佛山市顺德区智成塑包装有限公司新建项目专家评审材料\环境影响评价评审评分表（佛山市顺德区智成塑包装有限公司新建项目）.pdf：补充项目建设性质和建设项目申报情形；建议同步核查01受理公告或公示版、02报批稿或终稿、04批复。,样本链03修改意见/评估意见；样本链01公示版、02报批稿或终稿、04批复；具体标准条款待后续绑定,可通过03专家意见或修改说明核验；报告正文页码、标准条款和终稿修改闭环仍需人工补充,已有专家/评估意见来源；尚未完成报告页码定位、标准条款绑定和终稿修改闭环核查,gold_candidate,,,,,,,,
SC_ZCSB_003,佛山市顺德区智成塑包装有限公司新建项目,sample_chain_expert_issue_v1,样本链专家意见审核,99_总审核汇总,100,请结合样本链材料，核查该项目在“样本链专家意见审核”方面是否已回应专家意见：核实需要印刷的产品数量，上文写的是 560 万个贴标签纸，160 万个 印刷logo,参考答案（专家意见来源）：专家/评估意见指出需“核实需要印刷的产品数量，上文写的是 560 万个贴标签纸，160 万个 印刷logo”。审核时应核查报告正文是否已补充、修正或说明该问题，并进一步绑定具体标准条款、报告页码和修改闭环。,03_修改意见或评估意见/C2929_佛山市顺德区智成塑包装有限公司新建项目\佛山市顺德区智成塑包装有限公司新建项目专家评审材料\环境影响评价评审评分表（佛山市顺德区智成塑包装有限公司新建项目）.pdf：核实需要印刷的产品数量，上文写的是 560 万个贴标签纸，160 万个 印刷logo；建议同步核查01受理公告或公示版、02报批稿或终稿、04批复。,样本链03修改意见/评估意见；样本链01公示版、02报批稿或终稿、04批复；具体标准条款待后续绑定,可通过03专家意见或修改说明核验；报告正文页码、标准条款和终稿修改闭环仍需人工补充,已有专家/评估意见来源；尚未完成报告页码定位、标准条款绑定和终稿修改闭环核查,gold_candidate,,,,,,,,
SC_ZCSB_006,佛山市顺德区智成塑包装有限公司新建项目,sample_chain_expert_issue_v1,样本链专家意见审核,99_总审核汇总,100,请结合样本链材料，核查该项目在“样本链专家意见审核”方面是否已回应专家意见：声明有问题。不是某项目的公开版，是某项目环境影响报告表的公开 版。 报告已按修改意见修改完善,参考答案（专家意见来源）：专家/评估意见指出需“声明有问题。不是某项目的公开版，是某项目环境影响报告表的公开 版。 报告已按修改意见修改完善”。审核时应核查报告正文是否已补充、修正或说明该问题，并进一步绑定具体标准条款、报告页码和修改闭环。,03_修改意见或评估意见/C2929_佛山市顺德区智成塑包装有限公司新建项目\佛山市顺德区智成塑包装有限公司新建项目专家评审材料\环境影响评价评审评分表（佛山市顺德区智成塑包装有限公司新建项目）.pdf：声明有问题。不是某项目的公开版，是某项目环境影响报告表的公开 版。 报告已按修改意见修改完善；建议同步核查01受理公告或公示版、02报批稿或终稿、04批复。,样本链03修改意见/评估意见；样本链01公示版、02报批稿或终稿、04批复；具体标准条款待后续绑定,可通过03专家意见或修改说明核验；报告正文页码、标准条款和终稿修改闭环仍需人工补充,已有专家/评估意见来源；尚未完成报告页码定位、标准条款绑定和终稿修改闭环核查,gold_candidate,,,,,,,,
SC_ZXYP_004,佛山志兴盈包装有限公司新建项目,sample_chain_expert_issue_v1,样本链专家意见审核,99_总审核汇总,100,请结合样本链材料，核查该项目在“样本链专家意见审核”方面是否已回应专家意见：应补充不可替代性论证说明,参考答案（专家意见来源）：专家/评估意见指出需“应补充不可替代性论证说明”。审核时应核查报告正文是否已补充、修正或说明该问题，并进一步绑定具体标准条款、报告页码和修改闭环。,03_修改意见或评估意见/C2923_佛山志兴盈包装有限公司新建项目\佛山志兴盈包装有限公司新建项目专家评审材料\环境影响评价评审评分表（佛山志兴盈包装有限公司新建项目）.pdf：应补充不可替代性论证说明；建议同步核查01受理公告或公示版、02报批稿或终稿、04批复。,样本链03修改意见/评估意见；样本链01公示版、02报批稿或终稿、04批复；具体标准条款待后续绑定,可通过03专家意见或修改说明核验；报告正文页码、标准条款和终稿修改闭环仍需人工补充,已有专家/评估意见来源；尚未完成报告页码定位、标准条款绑定和终稿修改闭环核查,gold_candidate,,,,,,,,
SC_HMHX_001,和默化学（佛山）有限公司新建项目,sample_chain_expert_issue_v1,样本链专家意见审核,99_总审核汇总,100,请结合样本链材料，核查该项目在“样本链专家意见审核”方面是否已回应专家意见：补充说明挥发性有机物的初始排放速率是否大于 2kg/h,参考答案（专家意见来源）：专家/评估意见指出需“补充说明挥发性有机物的初始排放速率是否大于 2kg/h”。审核时应核查报告正文是否已补充、修正或说明该问题，并进一步绑定具体标准条款、报告页码和修改闭环。,03_修改意见或评估意见/C2922_和默化学（佛山）有限公司新建项目\和默化学（佛山）有限公司新建项目专家评审材料\环境影响评价评审评分表（和默化学（佛山）有限公司新建项目）.pdf：补充说明挥发性有机物的初始排放速率是否大于 2kg/h；建议同步核查01受理公告或公示版、02报批稿或终稿、04批复。,样本链03修改意见/评估意见；样本链01公示版、02报批稿或终稿、04批复；具体标准条款待后续绑定,可通过03专家意见或修改说明核验；报告正文页码、标准条款和终稿修改闭环仍需人工补充,已有专家/评估意见来源；尚未完成报告页码定位、标准条款绑定和终稿修改闭环核查,gold_candidate,,,,,,,,
SC_HMHX_005,和默化学（佛山）有限公司新建项目,sample_chain_expert_issue_v1,样本链专家意见审核,99_总审核汇总,100,请结合样本链材料，核查该项目在“样本链专家意见审核”方面是否已回应专家意见：请根据污染防治可行技术指南和排污许可证申请与核发技术规范 判断是否属于可行技术,参考答案（专家意见来源）：专家/评估意见指出需“请根据污染防治可行技术指南和排污许可证申请与核发技术规范 判断是否属于可行技术”。审核时应核查报告正文是否已补充、修正或说明该问题，并进一步绑定具体标准条款、报告页码和修改闭环。,03_修改意见或评估意见/C2922_和默化学（佛山）有限公司新建项目\和默化学（佛山）有限公司新建项目专家评审材料\环境影响评价评审评分表（和默化学（佛山）有限公司新建项目）.pdf：请根据污染防治可行技术指南和排污许可证申请与核发技术规范 判断是否属于可行技术；建议同步核查01受理公告或公示版、02报批稿或终稿、04批复。,样本链03修改意见/评估意见；样本链01公示版、02报批稿或终稿、04批复；具体标准条款待后续绑定,可通过03专家意见或修改说明核验；报告正文页码、标准条款和终稿修改闭环仍需人工补充,已有专家/评估意见来源；尚未完成报告页码定位、标准条款绑定和终稿修改闭环核查,gold_candidate,,,,,,,,
SC_HMHX_008,和默化学（佛山）有限公司新建项目,sample_chain_expert_issue_v1,样本链专家意见审核,99_总审核汇总,100,请结合样本链材料，核查该项目在“样本链专家意见审核”方面是否已回应专家意见：其他意见详见《报告表》批注,参考答案（专家意见来源）：专家/评估意见指出需“其他意见详见《报告表》批注”。审核时应核查报告正文是否已补充、修正或说明该问题，并进一步绑定具体标准条款、报告页码和修改闭环。,03_修改意见或评估意见/C2922_和默化学（佛山）有限公司新建项目\和默化学（佛山）有限公司新建项目专家评审材料\环境影响评价评审评分表（和默化学（佛山）有限公司新建项目）.pdf：其他意见详见《报告表》批注；建议同步核查01受理公告或公示版、02报批稿或终稿、04批复。,样本链03修改意见/评估意见；样本链01公示版、02报批稿或终稿、04批复；具体标准条款待后续绑定,可通过03专家意见或修改说明核验；报告正文页码、标准条款和终稿修改闭环仍需人工补充,已有专家/评估意见来源；尚未完成报告页码定位、标准条款绑定和终稿修改闭环核查,gold_candidate,,,,,,,,
SC_PC_003,鹏彩科技（佛山市）有限公司新建项目,sample_chain_expert_issue_v1,样本链专家意见审核,07_污染物排放标准审核,100,请结合样本链材料，核查该项目在“样本链专家意见审核”方面是否已回应专家意见：②补充厂界及厂区内污染物达标分析,参考答案（专家意见来源）：专家/评估意见指出需“②补充厂界及厂区内污染物达标分析”。审核时应核查报告正文是否已补充、修正或说明该问题，并进一步绑定具体标准条款、报告页码和修改闭环。,03_修改意见或评估意见/C2929_鹏彩科技（佛山市）有限公司新建项目\20251105发给大良文件汇总（鹏彩）\修改说明（鹏彩）.docx：②补充厂界及厂区内污染物达标分析；建议同步核查01受理公告或公示版、02报批稿或终稿、04批复。,样本链03修改意见/评估意见；样本链01公示版、02报批稿或终稿、04批复；具体标准条款待后续绑定,可通过03专家意见或修改说明核验；报告正文页码、标准条款和终稿修改闭环仍需人工补充,已有专家/评估意见来源；尚未完成报告页码定位、标准条款绑定和终稿修改闭环核查,gold_candidate,,,,,,,,
SC_PC_007,鹏彩科技（佛山市）有限公司新建项目,sample_chain_enrichment_v1,污染物排放标准适用性审核,07_污染物排放标准审核,88,请结合样本链材料，核查鹏彩项目是否已完善大气污染物排放标准，避免只列部分标准或遗漏厂界/厂区内控制要求。,参考答案（样本链补强）：该题应核查“核查鹏彩项目是否已完善大气污染物排放标准，避免只列部分标准或遗漏厂界/厂区内控制要求。”。证据来源为：修改说明（鹏彩）.docx：完善大气污染物排放标准，涉及报告P3、P39、P51、P58-59、P80。。该题用于补强样本链评价覆盖，仍需人工确认报告页码、标准条款和修改闭环。,修改说明（鹏彩）.docx：完善大气污染物排放标准，涉及报告P3、P39、P51、P58-59、P80。,样本链03修改意见/技术评估意见/评分表；样本链04批复；必要时回查01公示版和02报批稿或终稿,可通过样本链材料核验；仍需人工补充报告页码、标准条款和闭环判断,用于把样本链QA补至90-100条；不等同于已精校金标,gold_candidate,,,,,,,,
