canonical_project_id,project_name,report_name,题目数量,版本分布,匹配状态,匹配方式,源文件路径,人工核查文件路径,复制文件大小MB,first_question_id
045f2f33-fd28-4157-b742-e0e43694bb05,佛山辰僖塑料有限公司新建项目,佛山辰僖塑料有限公司新建项目完整样本链（公示版-报批稿-专家评审意见-批复）,12,sample_chain_expert_issue_v1:12,已复制,项目名称匹配,E:\华南理工项目\环评文件汇总\03_样本链_按项目整理\样本链_C292近三年精选_20260706\C2926_佛山辰僖塑料有限公司新建项目\02_报批稿或终稿\02_报批稿或终稿_202408021453597434佛山辰僖塑料有限公司新建项目.docx | E:\华南理工项目\环评文件汇总\03_样本链_按项目整理\样本链_C292近三年精选_20260706\C2926_佛山辰僖塑料有限公司新建项目\01_受理公告或公示版\01_受理公告或公示版_202408021454165467佛山辰僖塑料有限公司新建项目.pdf | E:\华南理工项目\环评文件汇总\03_样本链_按项目整理\样本链_C292近三年精选_20260706\C2926_佛山辰僖塑料有限公司新建项目\03_修改意见或评估意见\03_修改意见或评估意见_l5GdNJPYlyU59IcOVjvA.docx | E:\华南理工项目\环评文件汇总\03_样本链_按项目整理\样本链_C292近三年精选_20260706\C2926_佛山辰僖塑料有限公司新建项目\04_批复\04_批复_045f2f33-fd28-4157-b742-e0e43694bb05佛环03环审〔2024〕219号佛山市生态环境局关于佛山辰僖塑料有限公司新建项目建设项目环境影响报告表的批复.pdf,E:\华南理工项目\环评文件汇总\01_GitHub项目与研究文档\eia-openclaw-sync-chen2026\05_QA测试集\人工核查_环评报告出处整理_20260715\环评报告文件\045f2f33-fd28-4157-b742-e0e43694bb05_佛山辰僖塑料有限公司新建项目完整样本链（公示版-报批稿-专家评审意见-批复）_1_02_报批稿或终稿.docx | E:\华南理工项目\环评文件汇总\01_GitHub项目与研究文档\eia-openclaw-sync-chen2026\05_QA测试集\人工核查_环评报告出处整理_20260715\环评报告文件\045f2f33-fd28-4157-b742-e0e43694bb05_佛山辰僖塑料有限公司新建项目完整样本链（公示版-报批稿-专家评审意见-批复）_2_01_受理公告或公示版.pdf | E:\华南理工项目\环评文件汇总\01_GitHub项目与研究文档\eia-openclaw-sync-chen2026\05_QA测试集\人工核查_环评报告出处整理_20260715\环评报告文件\045f2f33-fd28-4157-b742-e0e43694bb05_佛山辰僖塑料有限公司新建项目完整样本链（公示版-报批稿-专家评审意见-批复）_3_03_修改意见或评估意见.docx | E:\华南理工项目\环评文件汇总\01_GitHub项目与研究文档\eia-openclaw-sync-chen2026\05_QA测试集\人工核查_环评报告出处整理_20260715\环评报告文件\045f2f33-fd28-4157-b742-e0e43694bb05_佛山辰僖塑料有限公司新建项目完整样本链（公示版-报批稿-专家评审意见-批复）_4_04_批复.pdf,22.91,SC_CXSL_001
045f2f33-fd28-4157-b742-e0e43694bb05,佛山辰僖塑料有限公司新建项目,佛山辰僖塑料有限公司新建项目完整样本链（公示版-报批稿-修改/评估意见-批复）,1,sample_chain_enrichment_v1:1,已复制,项目名称匹配,E:\华南理工项目\环评文件汇总\03_样本链_按项目整理\样本链_C292近三年精选_20260706\C2926_佛山辰僖塑料有限公司新建项目\02_报批稿或终稿\02_报批稿或终稿_202408021453597434佛山辰僖塑料有限公司新建项目.docx | E:\华南理工项目\环评文件汇总\03_样本链_按项目整理\样本链_C292近三年精选_20260706\C2926_佛山辰僖塑料有限公司新建项目\01_受理公告或公示版\01_受理公告或公示版_202408021454165467佛山辰僖塑料有限公司新建项目.pdf | E:\华南理工项目\环评文件汇总\03_样本链_按项目整理\样本链_C292近三年精选_20260706\C2926_佛山辰僖塑料有限公司新建项目\03_修改意见或评估意见\03_修改意见或评估意见_l5GdNJPYlyU59IcOVjvA.docx | E:\华南理工项目\环评文件汇总\03_样本链_按项目整理\样本链_C292近三年精选_20260706\C2926_佛山辰僖塑料有限公司新建项目\04_批复\04_批复_045f2f33-fd28-4157-b742-e0e43694bb05佛环03环审〔2024〕219号佛山市生态环境局关于佛山辰僖塑料有限公司新建项目建设项目环境影响报告表的批复.pdf,E:\华南理工项目\环评文件汇总\01_GitHub项目与研究文档\eia-openclaw-sync-chen2026\05_QA测试集\人工核查_环评报告出处整理_20260715\环评报告文件\045f2f33-fd28-4157-b742-e0e43694bb05_评估意见-批复）_1_02_报批稿或终稿.docx | E:\华南理工项目\环评文件汇总\01_GitHub项目与研究文档\eia-openclaw-sync-chen2026\05_QA测试集\人工核查_环评报告出处整理_20260715\环评报告文件\045f2f33-fd28-4157-b742-e0e43694bb05_评估意见-批复）_2_01_受理公告或公示版.pdf | E:\华南理工项目\环评文件汇总\01_GitHub项目与研究文档\eia-openclaw-sync-chen2026\05_QA测试集\人工核查_环评报告出处整理_20260715\环评报告文件\045f2f33-fd28-4157-b742-e0e43694bb05_评估意见-批复）_3_03_修改意见或评估意见.docx | E:\华南理工项目\环评文件汇总\01_GitHub项目与研究文档\eia-openclaw-sync-chen2026\05_QA测试集\人工核查_环评报告出处整理_20260715\环评报告文件\045f2f33-fd28-4157-b742-e0e43694bb05_评估意见-批复）_4_04_批复.pdf,22.91,SC_CXSL2_001
4e63f982-5f40-44e2-844a-faed9de9a059,佛山市顺德区智成塑包装有限公司新建项目,佛山市顺德区智成塑包装有限公司新建项目完整样本链（公示版-报批稿-专家评审意见-批复）,6,sample_chain_expert_issue_v1:6,已复制,项目名称匹配,E:\华南理工项目\环评文件汇总\03_样本链_按项目整理\样本链_C292近三年精选_20260706\C2929_佛山市顺德区智成塑包装有限公司新建项目\02_报批稿或终稿\02_报批稿或终稿_202412271552152231020241129佛山市顺德区智成塑包装有限公司新建项目.docx | E:\华南理工项目\环评文件汇总\03_样本链_按项目整理\样本链_C292近三年精选_20260706\C2929_佛山市顺德区智成塑包装有限公司新建项目\01_受理公告或公示版\01_受理公告或公示版_20241227155158855620241129佛山市顺德区智成塑包装有限公司新建项目.pdf | E:\华南理工项目\环评文件汇总\03_样本链_按项目整理\样本链_C292近三年精选_20260706\C2929_佛山市顺德区智成塑包装有限公司新建项目\04_批复\04_批复_4e63f982-5f40-44e2-844a-faed9de9a059佛环03环审〔2024〕417号佛山市生态环境局关于佛山市顺德区智成塑包装有限公司新建项目建设项目环境影响报告表的批复.pdf,E:\华南理工项目\环评文件汇总\01_GitHub项目与研究文档\eia-openclaw-sync-chen2026\05_QA测试集\人工核查_环评报告出处整理_20260715\环评报告文件\4e63f982-5f40-44e2-844a-faed9de9a059_佛山市顺德区智成塑包装有限公司新建项目完整样本链（公示版-报批稿-专家评审意见-批复）_1_02_报批稿或终稿.docx | E:\华南理工项目\环评文件汇总\01_GitHub项目与研究文档\eia-openclaw-sync-chen2026\05_QA测试集\人工核查_环评报告出处整理_20260715\环评报告文件\4e63f982-5f40-44e2-844a-faed9de9a059_佛山市顺德区智成塑包装有限公司新建项目完整样本链（公示版-报批稿-专家评审意见-批复）_2_01_受理公告或公示版.pdf | E:\华南理工项目\环评文件汇总\01_GitHub项目与研究文档\eia-openclaw-sync-chen2026\05_QA测试集\人工核查_环评报告出处整理_20260715\环评报告文件\4e63f982-5f40-44e2-844a-faed9de9a059_佛山市顺德区智成塑包装有限公司新建项目完整样本链（公示版-报批稿-专家评审意见-批复）_3_04_批复.pdf,35.88,SC_ZCSB_001
4e63f982-5f40-44e2-844a-faed9de9a059,佛山市顺德区智成塑包装有限公司新建项目,佛山市顺德区智成塑包装有限公司新建项目完整样本链（公示版-报批稿-修改/评估意见-批复）,1,sample_chain_enrichment_v1:1,已复制,项目名称匹配,E:\华南理工项目\环评文件汇总\03_样本链_按项目整理\样本链_C292近三年精选_20260706\C2929_佛山市顺德区智成塑包装有限公司新建项目\02_报批稿或终稿\02_报批稿或终稿_202412271552152231020241129佛山市顺德区智成塑包装有限公司新建项目.docx | E:\华南理工项目\环评文件汇总\03_样本链_按项目整理\样本链_C292近三年精选_20260706\C2929_佛山市顺德区智成塑包装有限公司新建项目\01_受理公告或公示版\01_受理公告或公示版_20241227155158855620241129佛山市顺德区智成塑包装有限公司新建项目.pdf | E:\华南理工项目\环评文件汇总\03_样本链_按项目整理\样本链_C292近三年精选_20260706\C2929_佛山市顺德区智成塑包装有限公司新建项目\04_批复\04_批复_4e63f982-5f40-44e2-844a-faed9de9a059佛环03环审〔2024〕417号佛山市生态环境局关于佛山市顺德区智成塑包装有限公司新建项目建设项目环境影响报告表的批复.pdf,E:\华南理工项目\环评文件汇总\01_GitHub项目与研究文档\eia-openclaw-sync-chen2026\05_QA测试集\人工核查_环评报告出处整理_20260715\环评报告文件\4e63f982-5f40-44e2-844a-faed9de9a059_评估意见-批复）_1_02_报批稿或终稿.docx | E:\华南理工项目\环评文件汇总\01_GitHub项目与研究文档\eia-openclaw-sync-chen2026\05_QA测试集\人工核查_环评报告出处整理_20260715\环评报告文件\4e63f982-5f40-44e2-844a-faed9de9a059_评估意见-批复）_2_01_受理公告或公示版.pdf | E:\华南理工项目\环评文件汇总\01_GitHub项目与研究文档\eia-openclaw-sync-chen2026\05_QA测试集\人工核查_环评报告出处整理_20260715\环评报告文件\4e63f982-5f40-44e2-844a-faed9de9a059_评估意见-批复）_3_04_批复.pdf,35.88,SC_ZCSB2_001
6fdbbf95-eac7-4c9d-83b1-ef7989bf0bde,广东顺德意达电子薄膜器件有限公司新建项目,广东顺德意达电子薄膜器件有限公司新建项目完整样本链（公示版-报批稿-修改/评估意见-批复）,1,sample_chain_enrichment_v1:1,已复制,项目名称匹配,E:\华南理工项目\环评文件汇总\03_样本链_按项目整理\样本链_C292近三年精选_20260706\C2929_广东顺德意达电子薄膜器件有限公司新建项目\02_报批稿或终稿\02_报批稿或终稿_20240220101930543终稿-广东顺德意达电子薄膜器件有限公司新建项目.doc | E:\华南理工项目\环评文件汇总\03_样本链_按项目整理\样本链_C292近三年精选_20260706\C2929_广东顺德意达电子薄膜器件有限公司新建项目\01_受理公告或公示版\01_受理公告或公示版_202402201021539157终稿-广东顺德意达电子薄膜器件有限公司新建项目.pdf | E:\华南理工项目\环评文件汇总\02_环评原始资料_受理报告批复评估意见\E软件_环评原始数据\顺德区批复\2024_佛环03环审〔2024〕12号佛山市生态环境局关于广东顺德意达电子薄膜器件有限公司新建项目环境影响报告表的批复.pdf,E:\华南理工项目\环评文件汇总\01_GitHub项目与研究文档\eia-openclaw-sync-chen2026\05_QA测试集\人工核查_环评报告出处整理_20260715\环评报告文件\6fdbbf95-eac7-4c9d-83b1-ef7989bf0bde_评估意见-批复）_1_02_报批稿或终稿.doc | E:\华南理工项目\环评文件汇总\01_GitHub项目与研究文档\eia-openclaw-sync-chen2026\05_QA测试集\人工核查_环评报告出处整理_20260715\环评报告文件\6fdbbf95-eac7-4c9d-83b1-ef7989bf0bde_评估意见-批复）_2_01_受理公告或公示版.pdf | E:\华南理工项目\环评文件汇总\01_GitHub项目与研究文档\eia-openclaw-sync-chen2026\05_QA测试集\人工核查_环评报告出处整理_20260715\环评报告文件\6fdbbf95-eac7-4c9d-83b1-ef7989bf0bde_评估意见-批复）_3_顺德区批复.pdf,33.54,SC_YD2_001
6fdbbf95-eac7-4c9d-83b1-ef7989bf0bde,广东顺德意达电子薄膜器件有限公司新建项目,广东顺德意达电子薄膜器件有限公司新建项目完整样本链（公示版-报批稿-技术评估意见-批复）,6,sample_chain_assessment_opinion_v1:6,已复制,项目名称匹配,E:\华南理工项目\环评文件汇总\03_样本链_按项目整理\样本链_C292近三年精选_20260706\C2929_广东顺德意达电子薄膜器件有限公司新建项目\02_报批稿或终稿\02_报批稿或终稿_20240220101930543终稿-广东顺德意达电子薄膜器件有限公司新建项目.doc | E:\华南理工项目\环评文件汇总\03_样本链_按项目整理\样本链_C292近三年精选_20260706\C2929_广东顺德意达电子薄膜器件有限公司新建项目\01_受理公告或公示版\01_受理公告或公示版_202402201021539157终稿-广东顺德意达电子薄膜器件有限公司新建项目.pdf | E:\华南理工项目\环评文件汇总\02_环评原始资料_受理报告批复评估意见\E软件_环评原始数据\顺德区批复\2024_佛环03环审〔2024〕12号佛山市生态环境局关于广东顺德意达电子薄膜器件有限公司新建项目环境影响报告表的批复.pdf,E:\华南理工项目\环评文件汇总\01_GitHub项目与研究文档\eia-openclaw-sync-chen2026\05_QA测试集\人工核查_环评报告出处整理_20260715\环评报告文件\6fdbbf95-eac7-4c9d-83b1-ef7989bf0bde_广东顺德意达电子薄膜器件有限公司新建项目完整样本链（公示版-报批稿-技术评估意见-批复）_1_02_报批稿或终稿.doc | E:\华南理工项目\环评文件汇总\01_GitHub项目与研究文档\eia-openclaw-sync-chen2026\05_QA测试集\人工核查_环评报告出处整理_20260715\环评报告文件\6fdbbf95-eac7-4c9d-83b1-ef7989bf0bde_广东顺德意达电子薄膜器件有限公司新建项目完整样本链（公示版-报批稿-技术评估意见-批复）_2_01_受理公告或公示版.pdf | E:\华南理工项目\环评文件汇总\01_GitHub项目与研究文档\eia-openclaw-sync-chen2026\05_QA测试集\人工核查_环评报告出处整理_20260715\环评报告文件\6fdbbf95-eac7-4c9d-83b1-ef7989bf0bde_广东顺德意达电子薄膜器件有限公司新建项目完整样本链（公示版-报批稿-技术评估意见-批复）_3_顺德区批复.pdf,33.54,SC_YD_001
7f5b7d19-f615-496c-97b2-d7090f575749,佛山市彩川合成材料有限公司新建项目,佛山市彩川合成材料有限公司新建项目完整样本链（公示版-报批稿-专家评审意见-批复）,12,sample_chain_expert_issue_v1:12,已复制,项目名称匹配,E:\华南理工项目\环评文件汇总\06_中期答辩材料\D智慧环评_中期答辩\新建文件夹\C2929_佛山市彩川合成材料有限公司\04_修改意见_ErTyQ2nca16lfH19zIl9\彩川合成材料发给大良的文件汇总\佛山市彩川合成材料有限公司新建项目环评报告表评估报告及考核表格式.docx | E:\华南理工项目\环评文件汇总\01_GitHub项目与研究文档\eia-openclaw-sync-chen2026\05_样本链（按项目组织）\主链精简版_4项目_20260703\C2929_佛山市彩川合成材料有限公司\01_受理公告或公示版\01_佛山市彩川合成材料有限公司新建项目_受理公告或公示版.pdf | E:\华南理工项目\环评文件汇总\03_样本链_按项目整理\样本链_C292近三年精选_20260706\C2929_佛山市彩川合成材料有限公司新建项目\04_批复\04_批复_7f5b7d19-f615-496c-97b2-d7090f575749关于佛山市彩川合成材料有限公司新建项目环境影响报告表的批复.pdf,E:\华南理工项目\环评文件汇总\01_GitHub项目与研究文档\eia-openclaw-sync-chen2026\05_QA测试集\人工核查_环评报告出处整理_20260715\环评报告文件\7f5b7d19-f615-496c-97b2-d7090f575749_佛山市彩川合成材料有限公司新建项目完整样本链（公示版-报批稿-专家评审意见-批复）_1_彩川合成材料发给大良的文件汇总.docx | E:\华南理工项目\环评文件汇总\01_GitHub项目与研究文档\eia-openclaw-sync-chen2026\05_QA测试集\人工核查_环评报告出处整理_20260715\环评报告文件\7f5b7d19-f615-496c-97b2-d7090f575749_佛山市彩川合成材料有限公司新建项目完整样本链（公示版-报批稿-专家评审意见-批复）_2_01_受理公告或公示版.pdf | E:\华南理工项目\环评文件汇总\01_GitHub项目与研究文档\eia-openclaw-sync-chen2026\05_QA测试集\人工核查_环评报告出处整理_20260715\环评报告文件\7f5b7d19-f615-496c-97b2-d7090f575749_佛山市彩川合成材料有限公司新建项目完整样本链（公示版-报批稿-专家评审意见-批复）_3_04_批复.pdf,10.42,SC_CC_001
7f5b7d19-f615-496c-97b2-d7090f575749,佛山市彩川合成材料有限公司新建项目,佛山市彩川合成材料有限公司新建项目完整样本链（公示版-报批稿-修改/评估意见-批复）,4,sample_chain_enrichment_v1:4,已复制,项目名称匹配,E:\华南理工项目\环评文件汇总\06_中期答辩材料\D智慧环评_中期答辩\新建文件夹\C2929_佛山市彩川合成材料有限公司\04_修改意见_ErTyQ2nca16lfH19zIl9\彩川合成材料发给大良的文件汇总\佛山市彩川合成材料有限公司新建项目环评报告表评估报告及考核表格式.docx | E:\华南理工项目\环评文件汇总\01_GitHub项目与研究文档\eia-openclaw-sync-chen2026\05_样本链（按项目组织）\主链精简版_4项目_20260703\C2929_佛山市彩川合成材料有限公司\01_受理公告或公示版\01_佛山市彩川合成材料有限公司新建项目_受理公告或公示版.pdf | E:\华南理工项目\环评文件汇总\03_样本链_按项目整理\样本链_C292近三年精选_20260706\C2929_佛山市彩川合成材料有限公司新建项目\04_批复\04_批复_7f5b7d19-f615-496c-97b2-d7090f575749关于佛山市彩川合成材料有限公司新建项目环境影响报告表的批复.pdf,E:\华南理工项目\环评文件汇总\01_GitHub项目与研究文档\eia-openclaw-sync-chen2026\05_QA测试集\人工核查_环评报告出处整理_20260715\环评报告文件\7f5b7d19-f615-496c-97b2-d7090f575749_评估意见-批复）_1_彩川合成材料发给大良的文件汇总.docx | E:\华南理工项目\环评文件汇总\01_GitHub项目与研究文档\eia-openclaw-sync-chen2026\05_QA测试集\人工核查_环评报告出处整理_20260715\环评报告文件\7f5b7d19-f615-496c-97b2-d7090f575749_评估意见-批复）_2_01_受理公告或公示版.pdf | E:\华南理工项目\环评文件汇总\01_GitHub项目与研究文档\eia-openclaw-sync-chen2026\05_QA测试集\人工核查_环评报告出处整理_20260715\环评报告文件\7f5b7d19-f615-496c-97b2-d7090f575749_评估意见-批复）_3_04_批复.pdf,10.42,SC_CC2_001
80e8be76-7ee1-4091-8dac-ae0c733e39b8,鹏彩科技（佛山市）有限公司新建项目,鹏彩科技（佛山市）有限公司新建项目完整样本链（公示版-报批稿-专家评审意见-批复）,6,sample_chain_expert_issue_v1:6,已复制,项目名称匹配,E:\华南理工项目\环评文件汇总\03_样本链_按项目整理\样本链_C292近三年精选_20260706\C2929_鹏彩科技（佛山市）有限公司新建项目\02_报批稿或终稿\02_报批稿或终稿_202512021724135293鹏彩科技（佛山市）有限公司新建项目.docx | E:\华南理工项目\环评文件汇总\03_样本链_按项目整理\样本链_C292近三年精选_20260706\C2929_鹏彩科技（佛山市）有限公司新建项目\01_受理公告或公示版\01_受理公告或公示版_202512021724358113鹏彩科技（佛山市）有限公司新建项目.pdf | E:\华南理工项目\环评文件汇总\03_样本链_按项目整理\样本链_C292近三年精选_20260706\C2929_鹏彩科技（佛山市）有限公司新建项目\04_批复\04_批复_80e8be76-7ee1-4091-8dac-ae0c733e39b8关于鹏彩科技（佛山市）有限公司新建项目环境影响报告表的批复.pdf,E:\华南理工项目\环评文件汇总\01_GitHub项目与研究文档\eia-openclaw-sync-chen2026\05_QA测试集\人工核查_环评报告出处整理_20260715\环评报告文件\80e8be76-7ee1-4091-8dac-ae0c733e39b8_鹏彩科技（佛山市）有限公司新建项目完整样本链（公示版-报批稿-专家评审意见-批复）_1_02_报批稿或终稿.docx | E:\华南理工项目\环评文件汇总\01_GitHub项目与研究文档\eia-openclaw-sync-chen2026\05_QA测试集\人工核查_环评报告出处整理_20260715\环评报告文件\80e8be76-7ee1-4091-8dac-ae0c733e39b8_鹏彩科技（佛山市）有限公司新建项目完整样本链（公示版-报批稿-专家评审意见-批复）_2_01_受理公告或公示版.pdf | E:\华南理工项目\环评文件汇总\01_GitHub项目与研究文档\eia-openclaw-sync-chen2026\05_QA测试集\人工核查_环评报告出处整理_20260715\环评报告文件\80e8be76-7ee1-4091-8dac-ae0c733e39b8_鹏彩科技（佛山市）有限公司新建项目完整样本链（公示版-报批稿-专家评审意见-批复）_3_04_批复.pdf,39.95,SC_PC_001
80e8be76-7ee1-4091-8dac-ae0c733e39b8,鹏彩科技（佛山市）有限公司新建项目,鹏彩科技（佛山市）有限公司新建项目完整样本链（公示版-报批稿-修改/评估意见-批复）,6,sample_chain_enrichment_v1:6,已复制,项目名称匹配,E:\华南理工项目\环评文件汇总\03_样本链_按项目整理\样本链_C292近三年精选_20260706\C2929_鹏彩科技（佛山市）有限公司新建项目\02_报批稿或终稿\02_报批稿或终稿_202512021724135293鹏彩科技（佛山市）有限公司新建项目.docx | E:\华南理工项目\环评文件汇总\03_样本链_按项目整理\样本链_C292近三年精选_20260706\C2929_鹏彩科技（佛山市）有限公司新建项目\01_受理公告或公示版\01_受理公告或公示版_202512021724358113鹏彩科技（佛山市）有限公司新建项目.pdf | E:\华南理工项目\环评文件汇总\03_样本链_按项目整理\样本链_C292近三年精选_20260706\C2929_鹏彩科技（佛山市）有限公司新建项目\04_批复\04_批复_80e8be76-7ee1-4091-8dac-ae0c733e39b8关于鹏彩科技（佛山市）有限公司新建项目环境影响报告表的批复.pdf,E:\华南理工项目\环评文件汇总\01_GitHub项目与研究文档\eia-openclaw-sync-chen2026\05_QA测试集\人工核查_环评报告出处整理_20260715\环评报告文件\80e8be76-7ee1-4091-8dac-ae0c733e39b8_评估意见-批复）_1_02_报批稿或终稿.docx | E:\华南理工项目\环评文件汇总\01_GitHub项目与研究文档\eia-openclaw-sync-chen2026\05_QA测试集\人工核查_环评报告出处整理_20260715\环评报告文件\80e8be76-7ee1-4091-8dac-ae0c733e39b8_评估意见-批复）_2_01_受理公告或公示版.pdf | E:\华南理工项目\环评文件汇总\01_GitHub项目与研究文档\eia-openclaw-sync-chen2026\05_QA测试集\人工核查_环评报告出处整理_20260715\环评报告文件\80e8be76-7ee1-4091-8dac-ae0c733e39b8_评估意见-批复）_3_04_批复.pdf,39.95,SC_PC_007
PL001,佛山市亮正新材料有限公司新建项目,佛山市亮正新材料有限公司新建项目.docx,10,V01:10,已复制,文件名包含匹配,E:\华南理工项目\环评文件汇总\02_环评原始资料_受理报告批复评估意见\E环评资料汇总_plastic_seed_qa_reports\PL001_亮正新材料\202307051138439441.佛山市亮正新材料有限公司新建项目-修改意见.docx,E:\华南理工项目\环评文件汇总\01_GitHub项目与研究文档\eia-openclaw-sync-chen2026\05_QA测试集\人工核查_环评报告出处整理_20260715\环评报告文件\PL001_佛山市亮正新材料有限公司新建项目_1_PL001_亮正新材料.docx,24.89,PL001_V01_Q01
PL002,佛山市顺德区启卓工程塑料实业有限公司搬迁项目,佛山市顺德区启卓工程塑料实业有限公司搬迁项目.docx,20,V01:10; V02:10,已复制,文件名包含匹配,E:\华南理工项目\环评文件汇总\02_环评原始资料_受理报告批复评估意见\E环评资料汇总_plastic_seed_qa_reports\PL002_启卓工程塑料\20230406116394523佛山市顺德区启卓工程塑料实业有限公司搬迁项目-修改意见.docx,E:\华南理工项目\环评文件汇总\01_GitHub项目与研究文档\eia-openclaw-sync-chen2026\05_QA测试集\人工核查_环评报告出处整理_20260715\环评报告文件\PL002_佛山市顺德区启卓工程塑料实业有限公司搬迁项目_1_PL002_启卓工程塑料.docx,19.66,PL002_V01_Q01
PL003,佛山市顺德区康明新材料厂新建项目,佛山市顺德区康明新材料厂新建项目.docx,10,V01:10,已复制,文件名包含匹配,E:\华南理工项目\环评文件汇总\02_环评原始资料_受理报告批复评估意见\E环评资料汇总_plastic_seed_qa_reports\PL003_康明新材料\202404081435415312佛山市顺德区康明新材料厂新建项目 修改意见.docx,E:\华南理工项目\环评文件汇总\01_GitHub项目与研究文档\eia-openclaw-sync-chen2026\05_QA测试集\人工核查_环评报告出处整理_20260715\环评报告文件\PL003_佛山市顺德区康明新材料厂新建项目_1_PL003_康明新材料.docx,27.69,PL003_V01_Q01
PL004,恒励新材料科技(佛山)有限公司新建项目,恒励新材料科技（佛山）有限公司新建项目.docx,10,V01:10,已复制,文件名包含匹配,E:\华南理工项目\环评文件汇总\02_环评原始资料_受理报告批复评估意见\E环评资料汇总_plastic_seed_qa_reports\PL004_恒励新材料\恒励新材料科技（佛山）有限公司新建项目-修改意见.docx,E:\华南理工项目\环评文件汇总\01_GitHub项目与研究文档\eia-openclaw-sync-chen2026\05_QA测试集\人工核查_环评报告出处整理_20260715\环评报告文件\PL004_恒励新材料科技（佛山）有限公司新建项目_1_PL004_恒励新材料.docx,11.86,PL004_V01_Q01
PL005,佛山市润特龙清洁用品有限公司新建项目,佛山市润特龙清洁用品有限公司新建项目.docx,10,V01:10,已复制,文件名包含匹配,E:\华南理工项目\环评文件汇总\02_环评原始资料_受理报告批复评估意见\E环评资料汇总_plastic_seed_qa_reports\PL005_润特龙清洁用品\佛山市润特龙清洁用品有限公司新建项目（修改意见）.docx,E:\华南理工项目\环评文件汇总\01_GitHub项目与研究文档\eia-openclaw-sync-chen2026\05_QA测试集\人工核查_环评报告出处整理_20260715\环评报告文件\PL005_佛山市润特龙清洁用品有限公司新建项目_1_PL005_润特龙清洁用品.docx,27.25,PL005_V01_Q01
PL006,佛山市顺德区乐鲸科技有限公司年产五金拉手300万个新建项目,202403061513437166乐鲸修改意见.docx,6,V01:6,已复制,文件名包含匹配,E:\华南理工项目\环评文件汇总\10_脚本工具与处理记录\D智慧环评_智能审核\顺德区塑料环评\东瑜塑料\修改意见.docx,E:\华南理工项目\环评文件汇总\01_GitHub项目与研究文档\eia-openclaw-sync-chen2026\05_QA测试集\人工核查_环评报告出处整理_20260715\环评报告文件\PL006_202403061513437166乐鲸修改意见_1_东瑜塑料.docx,0.01,PL006_V01_Q01
PL007,广东云晟新材料有限公司年产水性涂料2400吨新建项目,20230206143628723云晟新材料 修改意见.docx,6,V01:6,已复制,文件名包含匹配,E:\华南理工项目\环评文件汇总\10_脚本工具与处理记录\D智慧环评_智能审核\顺德区塑料环评\东瑜塑料\修改意见.docx,E:\华南理工项目\环评文件汇总\01_GitHub项目与研究文档\eia-openclaw-sync-chen2026\05_QA测试集\人工核查_环评报告出处整理_20260715\环评报告文件\PL007_20230206143628723云晟新材料 修改意见_1_东瑜塑料.docx,0.01,PL007_V01_Q01
PL007,广东云晟新材料有限公司年产水性涂料2400吨新建项目,202303091446684010云晟新材料修改意见.docx,6,V02:6,已复制,文件名包含匹配,E:\华南理工项目\环评文件汇总\10_脚本工具与处理记录\D智慧环评_智能审核\顺德区塑料环评\东瑜塑料\修改意见.docx,E:\华南理工项目\环评文件汇总\01_GitHub项目与研究文档\eia-openclaw-sync-chen2026\05_QA测试集\人工核查_环评报告出处整理_20260715\环评报告文件\PL007_202303091446684010云晟新材料修改意见_1_东瑜塑料.docx,0.01,PL007_V02_Q01
PL008,佛山市顺德区亚马逊涂料有限公司迁扩建项目,（20230603第二次修改版）佛山市顺德区亚马逊涂料有限公司迁扩建项目修改意见.docx,6,V01:6,已复制,文件名精确匹配,E:\华南理工项目\环评文件汇总\02_环评原始资料_受理报告批复评估意见\E环评资料汇总_plastic_new_reports\（20230603第二次修改版）佛山市顺德区亚马逊涂料有限公\（20230603第二次修改版）佛山市顺德区亚马逊涂料有限公司迁扩建项目修改意见.docx,E:\华南理工项目\环评文件汇总\01_GitHub项目与研究文档\eia-openclaw-sync-chen2026\05_QA测试集\人工核查_环评报告出处整理_20260715\环评报告文件\PL008_（20230603第二次修改版）佛山市顺德区亚马逊涂料有限公司迁扩建项目修改意见_1_（20230603第二次修改版）佛山市顺德区亚马逊涂料有限公.docx,23.80,PL008_V01_Q01
PL009,广东威诺高科技股份有限公司搬迁项目,202307319405849广东威诺高科技股份有限公司搬迁项目修改意见.docx,6,V01:6,已复制,文件名包含匹配,E:\华南理工项目\环评文件汇总\10_脚本工具与处理记录\D智慧环评_智能审核\顺德区塑料环评\东瑜塑料\修改意见.docx,E:\华南理工项目\环评文件汇总\01_GitHub项目与研究文档\eia-openclaw-sync-chen2026\05_QA测试集\人工核查_环评报告出处整理_20260715\环评报告文件\PL009_202307319405849广东威诺高科技股份有限公司搬迁项目修改意见_1_东瑜塑料.docx,0.01,PL009_V01_Q01
PL010,悍高集团股份有限公司功能拉篮车间搬迁扩建项目,2023101914551665922.悍高集团股份有限公司功能拉篮车间搬迁扩建项目（修改意见).docx,6,V01:6,已复制,文件名包含匹配,E:\华南理工项目\环评文件汇总\10_脚本工具与处理记录\D智慧环评_智能审核\顺德区塑料环评\东瑜塑料\修改意见.docx,E:\华南理工项目\环评文件汇总\01_GitHub项目与研究文档\eia-openclaw-sync-chen2026\05_QA测试集\人工核查_环评报告出处整理_20260715\环评报告文件\PL010_2023101914551665922.悍高集团股份有限公司功能拉篮车间搬迁扩建项目（修改意见)_1_东瑜塑料.docx,0.01,PL010_V01_Q01
PL011,广东潜龙化工有限公司新建项目,20240327150247848广东潜龙化工有限公司新建项目修改意见.docx,6,V01:6,已复制,文件名包含匹配,E:\华南理工项目\环评文件汇总\10_脚本工具与处理记录\D智慧环评_智能审核\顺德区塑料环评\东瑜塑料\修改意见.docx,E:\华南理工项目\环评文件汇总\01_GitHub项目与研究文档\eia-openclaw-sync-chen2026\05_QA测试集\人工核查_环评报告出处整理_20260715\环评报告文件\PL011_20240327150247848广东潜龙化工有限公司新建项目修改意见_1_东瑜塑料.docx,0.01,PL011_V01_Q01
PL012,佛山市瀚铭新材料有限公司新建项目,20240223佛山市瀚铭新材料有限公司新建项目修改意见.docx,6,V01:6,已复制,文件名包含匹配,E:\华南理工项目\环评文件汇总\10_脚本工具与处理记录\D智慧环评_智能审核\顺德区塑料环评\东瑜塑料\修改意见.docx,E:\华南理工项目\环评文件汇总\01_GitHub项目与研究文档\eia-openclaw-sync-chen2026\05_QA测试集\人工核查_环评报告出处整理_20260715\环评报告文件\PL012_20240223佛山市瀚铭新材料有限公司新建项目修改意见_1_东瑜塑料.docx,0.01,PL012_V01_Q01
PL013,佛山市顺德区百洛电器有限公司迁扩建项目,2023091815484454110佛山市顺德区百洛电器有限公司迁扩建项目（修改意见）.docx,6,V01:6,已复制,文件名包含匹配,E:\华南理工项目\环评文件汇总\10_脚本工具与处理记录\D智慧环评_智能审核\顺德区塑料环评\东瑜塑料\修改意见.docx,E:\华南理工项目\环评文件汇总\01_GitHub项目与研究文档\eia-openclaw-sync-chen2026\05_QA测试集\人工核查_环评报告出处整理_20260715\环评报告文件\PL013_2023091815484454110佛山市顺德区百洛电器有限公司迁扩建项目（修改意见）_1_东瑜塑料.docx,0.01,PL013_V01_Q01
PL014,佛山市顺德区蓝顿涂料有限公司迁建项目,佛山市顺德区蓝顿涂料有限公司迁建项目修改意见.docx,6,V01:6,已复制,文件名精确匹配,E:\华南理工项目\环评文件汇总\02_环评原始资料_受理报告批复评估意见\E环评资料汇总_plastic_new_reports\佛山市顺德区蓝顿涂料有限公司迁建项目\佛山市顺德区蓝顿涂料有限公司迁建项目修改意见.docx,E:\华南理工项目\环评文件汇总\01_GitHub项目与研究文档\eia-openclaw-sync-chen2026\05_QA测试集\人工核查_环评报告出处整理_20260715\环评报告文件\PL014_佛山市顺德区蓝顿涂料有限公司迁建项目修改意见_1_佛山市顺德区蓝顿涂料有限公司迁建项目.docx,14.27,PL014_V01_Q01
PL015,佛山市镪优金属制品有限公司迁扩建项目,20230529101652538佛山市镪优金属制品有限公司修改意见.docx,6,V01:6,已复制,文件名包含匹配,E:\华南理工项目\环评文件汇总\10_脚本工具与处理记录\D智慧环评_智能审核\顺德区塑料环评\东瑜塑料\修改意见.docx,E:\华南理工项目\环评文件汇总\01_GitHub项目与研究文档\eia-openclaw-sync-chen2026\05_QA测试集\人工核查_环评报告出处整理_20260715\环评报告文件\PL015_20230529101652538佛山市镪优金属制品有限公司修改意见_1_东瑜塑料.docx,0.01,PL015_V01_Q01
PL018,广东台塑智能科技有限公司新建项目,年10月10日建设项目环境影响报告书（表）受理公告（佛山市生态环境局顺德分局）_4.pdf,6,V01:6,已复制,文件名精确匹配,E:\华南理工项目\环评文件汇总\02_环评原始资料_受理报告批复评估意见\E环评资料汇总_acceptance_announcements\2024\年10月10日建设项目环境影响报告书（表）受理公告（佛山市生态环境局顺德分局）_4.pdf,E:\华南理工项目\环评文件汇总\01_GitHub项目与研究文档\eia-openclaw-sync-chen2026\05_QA测试集\人工核查_环评报告出处整理_20260715\环评报告文件\PL018_年10月10日建设项目环境影响报告书（表）受理公告（佛山市生态环境局顺德分局）_4_1_2024.pdf,8.07,PL018_V01_Q01
PL019,佛山市智龙科技有限公司迁扩建项目,年10月12日建设项目环境影响报告书（表）受理公告（佛山市生态环境局顺德分局）_1.pdf,6,V01:6,已复制,文件名精确匹配,E:\华南理工项目\环评文件汇总\02_环评原始资料_受理报告批复评估意见\E环评资料汇总_acceptance_announcements\2024\年10月12日建设项目环境影响报告书（表）受理公告（佛山市生态环境局顺德分局）_1.pdf,E:\华南理工项目\环评文件汇总\01_GitHub项目与研究文档\eia-openclaw-sync-chen2026\05_QA测试集\人工核查_环评报告出处整理_20260715\环评报告文件\PL019_年10月12日建设项目环境影响报告书（表）受理公告（佛山市生态环境局顺德分局）_1_1_2024.pdf,6.55,PL019_V01_Q01
PL020,佛山市朗信塑料制品有限公司新建项目,年10月16日建设项目环境影响报告书（表）受理公告（佛山市生态环境局顺德分局）_2.pdf,6,V01:6,已复制,文件名精确匹配,E:\华南理工项目\环评文件汇总\02_环评原始资料_受理报告批复评估意见\E环评资料汇总_acceptance_announcements\2024\年10月16日建设项目环境影响报告书（表）受理公告（佛山市生态环境局顺德分局）_2.pdf,E:\华南理工项目\环评文件汇总\01_GitHub项目与研究文档\eia-openclaw-sync-chen2026\05_QA测试集\人工核查_环评报告出处整理_20260715\环评报告文件\PL020_年10月16日建设项目环境影响报告书（表）受理公告（佛山市生态环境局顺德分局）_2_1_2024.pdf,3.00,PL020_V01_Q01
PL021,佛山市顺德区共诺电子元件厂搬迁项目,年10月16日建设项目环境影响报告受理公告（大良）.pdf,6,V01:6,已复制,文件名精确匹配,E:\华南理工项目\环评文件汇总\02_环评原始资料_受理报告批复评估意见\E环评资料汇总_acceptance_announcements\2024\年10月16日建设项目环境影响报告受理公告（大良）.pdf,E:\华南理工项目\环评文件汇总\01_GitHub项目与研究文档\eia-openclaw-sync-chen2026\05_QA测试集\人工核查_环评报告出处整理_20260715\环评报告文件\PL021_年10月16日建设项目环境影响报告受理公告（大良）_1_2024.pdf,12.27,PL021_V01_Q01
PL022,佛山市锐拓新材料有限公司新建项目,年10月17日建设项目环境影响报告书（表）受理公告（佛山市生态环境局顺德分局）_2.pdf,6,V01:6,已复制,文件名精确匹配,E:\华南理工项目\环评文件汇总\02_环评原始资料_受理报告批复评估意见\E环评资料汇总_acceptance_announcements\2024\年10月17日建设项目环境影响报告书（表）受理公告（佛山市生态环境局顺德分局）_2.pdf,E:\华南理工项目\环评文件汇总\01_GitHub项目与研究文档\eia-openclaw-sync-chen2026\05_QA测试集\人工核查_环评报告出处整理_20260715\环评报告文件\PL022_年10月17日建设项目环境影响报告书（表）受理公告（佛山市生态环境局顺德分局）_2_1_2024.pdf,11.11,PL022_V01_Q01
PL023,佛山市通能达科技有限公司新建项目,年10月17日建设项目环境影响报告书（表）受理公告（佛山市生态环境局顺德分局）_4.pdf,6,V01:6,已复制,文件名精确匹配,E:\华南理工项目\环评文件汇总\02_环评原始资料_受理报告批复评估意见\E环评资料汇总_acceptance_announcements\2024\年10月17日建设项目环境影响报告书（表）受理公告（佛山市生态环境局顺德分局）_4.pdf,E:\华南理工项目\环评文件汇总\01_GitHub项目与研究文档\eia-openclaw-sync-chen2026\05_QA测试集\人工核查_环评报告出处整理_20260715\环评报告文件\PL023_年10月17日建设项目环境影响报告书（表）受理公告（佛山市生态环境局顺德分局）_4_1_2024.pdf,5.26,PL023_V01_Q01
PL025,佛山市巨人电器有限公司新建项目,年10月22日建设项目环境影响报告受理公告（大良）_2.pdf,6,V01:6,已复制,文件名精确匹配,E:\华南理工项目\环评文件汇总\02_环评原始资料_受理报告批复评估意见\E环评资料汇总_acceptance_announcements\2024\年10月22日建设项目环境影响报告受理公告（大良）_2.pdf,E:\华南理工项目\环评文件汇总\01_GitHub项目与研究文档\eia-openclaw-sync-chen2026\05_QA测试集\人工核查_环评报告出处整理_20260715\环评报告文件\PL025_年10月22日建设项目环境影响报告受理公告（大良）_2_1_2024.pdf,10.39,PL025_V01_Q01
PL026,佛山市黑曜电器科技有限公司新建项目,年10月22日建设项目环境影响报告表受理公告（容桂）_2.pdf,6,V01:6,已复制,文件名精确匹配,E:\华南理工项目\环评文件汇总\02_环评原始资料_受理报告批复评估意见\E环评资料汇总_acceptance_announcements\2024\年10月22日建设项目环境影响报告表受理公告（容桂）_2.pdf,E:\华南理工项目\环评文件汇总\01_GitHub项目与研究文档\eia-openclaw-sync-chen2026\05_QA测试集\人工核查_环评报告出处整理_20260715\环评报告文件\PL026_年10月22日建设项目环境影响报告表受理公告（容桂）_2_1_2024.pdf,10.89,PL026_V01_Q01
PL027,佛山市天隆通塑料制品有限公司新建项目,年10月23日建设项目环境影响报告书（表）受理公告（佛山市生态环境局顺德分局）_1.pdf,6,V01:6,已复制,文件名精确匹配,E:\华南理工项目\环评文件汇总\02_环评原始资料_受理报告批复评估意见\E环评资料汇总_acceptance_announcements\2024\年10月23日建设项目环境影响报告书（表）受理公告（佛山市生态环境局顺德分局）_1.pdf,E:\华南理工项目\环评文件汇总\01_GitHub项目与研究文档\eia-openclaw-sync-chen2026\05_QA测试集\人工核查_环评报告出处整理_20260715\环评报告文件\PL027_年10月23日建设项目环境影响报告书（表）受理公告（佛山市生态环境局顺德分局）_1_1_2024.pdf,3.48,PL027_V01_Q01
PL028,佛山市顺德区振峰塑料模具制造有限公司分车间新建项目,年10月24日建设项目环境影响报告书（表）受理公告（均安）_1.pdf,6,V01:6,已复制,文件名精确匹配,E:\华南理工项目\环评文件汇总\02_环评原始资料_受理报告批复评估意见\E环评资料汇总_acceptance_announcements\2024\年10月24日建设项目环境影响报告书（表）受理公告（均安）_1.pdf,E:\华南理工项目\环评文件汇总\01_GitHub项目与研究文档\eia-openclaw-sync-chen2026\05_QA测试集\人工核查_环评报告出处整理_20260715\环评报告文件\PL028_年10月24日建设项目环境影响报告书（表）受理公告（均安）_1_1_2024.pdf,8.59,PL028_V01_Q01
PL029,佛山市茂安耀科技有限公司新建项目,年10月24日建设项目环境影响报告书（表）受理公告（均安）_2.pdf,6,V01:6,已复制,文件名精确匹配,E:\华南理工项目\环评文件汇总\02_环评原始资料_受理报告批复评估意见\E环评资料汇总_acceptance_announcements\2024\年10月24日建设项目环境影响报告书（表）受理公告（均安）_2.pdf,E:\华南理工项目\环评文件汇总\01_GitHub项目与研究文档\eia-openclaw-sync-chen2026\05_QA测试集\人工核查_环评报告出处整理_20260715\环评报告文件\PL029_年10月24日建设项目环境影响报告书（表）受理公告（均安）_2_1_2024.pdf,5.58,PL029_V01_Q01
PL030,佛山市瑞易德塑料五金制品有限公司搬迁项目,年10月25日建设项目环境影响报告书（表）受理公告（佛山市生态环境局顺德分局）_3.pdf,6,V01:6,已复制,文件名精确匹配,E:\华南理工项目\环评文件汇总\02_环评原始资料_受理报告批复评估意见\E环评资料汇总_acceptance_announcements\2024\年10月25日建设项目环境影响报告书（表）受理公告（佛山市生态环境局顺德分局）_3.pdf,E:\华南理工项目\环评文件汇总\01_GitHub项目与研究文档\eia-openclaw-sync-chen2026\05_QA测试集\人工核查_环评报告出处整理_20260715\环评报告文件\PL030_年10月25日建设项目环境影响报告书（表）受理公告（佛山市生态环境局顺德分局）_3_1_2024.pdf,2.93,PL030_V01_Q01
PL031,佛山市浩创时代包装制品有限公司新建项目,年10月28日建设项目环境影响报告书（表）受理公告（佛山市生态环境局顺德分局）_3.pdf,6,V01:6,已复制,文件名精确匹配,E:\华南理工项目\环评文件汇总\02_环评原始资料_受理报告批复评估意见\E环评资料汇总_acceptance_announcements\2024\年10月28日建设项目环境影响报告书（表）受理公告（佛山市生态环境局顺德分局）_3.pdf,E:\华南理工项目\环评文件汇总\01_GitHub项目与研究文档\eia-openclaw-sync-chen2026\05_QA测试集\人工核查_环评报告出处整理_20260715\环评报告文件\PL031_年10月28日建设项目环境影响报告书（表）受理公告（佛山市生态环境局顺德分局）_3_1_2024.pdf,9.00,PL031_V01_Q01
PL032,德旺众新材料科技（佛山）有限公司新建建设项目,年10月28日建设项目环境影响报告书（表）受理公告（佛山市生态环境局顺德分局）_4.pdf,6,V01:6,已复制,文件名精确匹配,E:\华南理工项目\环评文件汇总\02_环评原始资料_受理报告批复评估意见\E环评资料汇总_acceptance_announcements\2024\年10月28日建设项目环境影响报告书（表）受理公告（佛山市生态环境局顺德分局）_4.pdf,E:\华南理工项目\环评文件汇总\01_GitHub项目与研究文档\eia-openclaw-sync-chen2026\05_QA测试集\人工核查_环评报告出处整理_20260715\环评报告文件\PL032_年10月28日建设项目环境影响报告书（表）受理公告（佛山市生态环境局顺德分局）_4_1_2024.pdf,2.29,PL032_V01_Q01
PL033,广东施格纳电气有限公司新建项目,年10月29日建设项目环境影响报告书（表）受理公告（佛山市生态环境局顺德分局）_1.pdf,6,V01:6,已复制,文件名精确匹配,E:\华南理工项目\环评文件汇总\02_环评原始资料_受理报告批复评估意见\E环评资料汇总_acceptance_announcements\2024\年10月29日建设项目环境影响报告书（表）受理公告（佛山市生态环境局顺德分局）_1.pdf,E:\华南理工项目\环评文件汇总\01_GitHub项目与研究文档\eia-openclaw-sync-chen2026\05_QA测试集\人工核查_环评报告出处整理_20260715\环评报告文件\PL033_年10月29日建设项目环境影响报告书（表）受理公告（佛山市生态环境局顺德分局）_1_1_2024.pdf,4.77,PL033_V01_Q01
PL034,佛山市沃丰德电器有限公司扩建项目,年10月29日建设项目环境影响报告书（表）受理公告（佛山市生态环境局顺德分局）_3.pdf,6,V01:6,已复制,文件名精确匹配,E:\华南理工项目\环评文件汇总\02_环评原始资料_受理报告批复评估意见\E环评资料汇总_acceptance_announcements\2024\年10月29日建设项目环境影响报告书（表）受理公告（佛山市生态环境局顺德分局）_3.pdf,E:\华南理工项目\环评文件汇总\01_GitHub项目与研究文档\eia-openclaw-sync-chen2026\05_QA测试集\人工核查_环评报告出处整理_20260715\环评报告文件\PL034_年10月29日建设项目环境影响报告书（表）受理公告（佛山市生态环境局顺德分局）_3_1_2024.pdf,4.23,PL034_V01_Q01
PL035,佛山市顺德区钧锐塑料厂迁建项目,年10月29日建设项目环境影响报告书（表）受理公告（佛山市生态环境局顺德分局）_4.pdf,6,V01:6,已复制,文件名精确匹配,E:\华南理工项目\环评文件汇总\02_环评原始资料_受理报告批复评估意见\E环评资料汇总_acceptance_announcements\2024\年10月29日建设项目环境影响报告书（表）受理公告（佛山市生态环境局顺德分局）_4.pdf,E:\华南理工项目\环评文件汇总\01_GitHub项目与研究文档\eia-openclaw-sync-chen2026\05_QA测试集\人工核查_环评报告出处整理_20260715\环评报告文件\PL035_年10月29日建设项目环境影响报告书（表）受理公告（佛山市生态环境局顺德分局）_4_1_2024.pdf,35.97,PL035_V01_Q01
PL036,广东梅州磁性材料有限公司顺德分公司迁扩建项目,年10月29日建设项目环境影响报告书（表）受理公告（均安）.pdf,6,V01:6,已复制,文件名精确匹配,E:\华南理工项目\环评文件汇总\02_环评原始资料_受理报告批复评估意见\E环评资料汇总_acceptance_announcements\2024\年10月29日建设项目环境影响报告书（表）受理公告（均安）.pdf,E:\华南理工项目\环评文件汇总\01_GitHub项目与研究文档\eia-openclaw-sync-chen2026\05_QA测试集\人工核查_环评报告出处整理_20260715\环评报告文件\PL036_年10月29日建设项目环境影响报告书（表）受理公告（均安）_1_2024.pdf,3.16,PL036_V01_Q01
PL037,佛山麦琪科技有限公司建设项目,年11月13日建设项目环境影响报告受理公告（大良）.pdf,6,V01:6,已复制,文件名精确匹配,E:\华南理工项目\环评文件汇总\02_环评原始资料_受理报告批复评估意见\E环评资料汇总_acceptance_announcements\2024\年11月13日建设项目环境影响报告受理公告（大良）.pdf,E:\华南理工项目\环评文件汇总\01_GitHub项目与研究文档\eia-openclaw-sync-chen2026\05_QA测试集\人工核查_环评报告出处整理_20260715\环评报告文件\PL037_年11月13日建设项目环境影响报告受理公告（大良）_1_2024.pdf,13.68,PL037_V01_Q01
PL038,佛山市顺德区晟昂电子科技有限公司新建项目,年11月13日建设项目环境影响报告表受理公告（伦教）_2.pdf,6,V01:6,已复制,文件名精确匹配,E:\华南理工项目\环评文件汇总\02_环评原始资料_受理报告批复评估意见\E环评资料汇总_acceptance_announcements\2024\年11月13日建设项目环境影响报告表受理公告（伦教）_2.pdf,E:\华南理工项目\环评文件汇总\01_GitHub项目与研究文档\eia-openclaw-sync-chen2026\05_QA测试集\人工核查_环评报告出处整理_20260715\环评报告文件\PL038_年11月13日建设项目环境影响报告表受理公告（伦教）_2_1_2024.pdf,5.54,PL038_V01_Q01
PL039,佛山市锦汇塑料制品有限公司新建项目,年11月14日建设项目环境影响报告受理公告（大良）_1.pdf,6,V01:6,已复制,文件名精确匹配,E:\华南理工项目\环评文件汇总\02_环评原始资料_受理报告批复评估意见\E环评资料汇总_acceptance_announcements\2024\年11月14日建设项目环境影响报告受理公告（大良）_1.pdf,E:\华南理工项目\环评文件汇总\01_GitHub项目与研究文档\eia-openclaw-sync-chen2026\05_QA测试集\人工核查_环评报告出处整理_20260715\环评报告文件\PL039_年11月14日建设项目环境影响报告受理公告（大良）_1_1_2024.pdf,3.04,PL039_V01_Q01
PL040,佛山市海川塑料制品有限公司新建项目,年11月14日建设项目环境影响报告受理公告（大良）_2.pdf,6,V01:6,已复制,文件名精确匹配,E:\华南理工项目\环评文件汇总\02_环评原始资料_受理报告批复评估意见\E环评资料汇总_acceptance_announcements\2024\年11月14日建设项目环境影响报告受理公告（大良）_2.pdf,E:\华南理工项目\环评文件汇总\01_GitHub项目与研究文档\eia-openclaw-sync-chen2026\05_QA测试集\人工核查_环评报告出处整理_20260715\环评报告文件\PL040_年11月14日建设项目环境影响报告受理公告（大良）_2_1_2024.pdf,8.19,PL040_V01_Q01
PL041,佛山市创灏五金塑料有限公司年产塑料制品 1250 万件迁改扩建项目,年11月15日建设项目环境影响报告书（表）受理公告（佛山市生态环境局顺德分局）_4.pdf,6,V01:6,已复制,文件名精确匹配,E:\华南理工项目\环评文件汇总\02_环评原始资料_受理报告批复评估意见\E环评资料汇总_acceptance_announcements\2024\年11月15日建设项目环境影响报告书（表）受理公告（佛山市生态环境局顺德分局）_4.pdf,E:\华南理工项目\环评文件汇总\01_GitHub项目与研究文档\eia-openclaw-sync-chen2026\05_QA测试集\人工核查_环评报告出处整理_20260715\环评报告文件\PL041_年11月15日建设项目环境影响报告书（表）受理公告（佛山市生态环境局顺德分局）_4_1_2024.pdf,19.47,PL041_V01_Q01
PL042,佛山市顺德区夏瑞塑胶有限公司迁扩建项目,年11月19日建设项目环境影响报告书（表）受理公告（佛山市生态环境局顺德分局）_1.pdf,6,V01:6,已复制,文件名精确匹配,E:\华南理工项目\环评文件汇总\02_环评原始资料_受理报告批复评估意见\E环评资料汇总_acceptance_announcements\2024\年11月19日建设项目环境影响报告书（表）受理公告（佛山市生态环境局顺德分局）_1.pdf,E:\华南理工项目\环评文件汇总\01_GitHub项目与研究文档\eia-openclaw-sync-chen2026\05_QA测试集\人工核查_环评报告出处整理_20260715\环评报告文件\PL042_年11月19日建设项目环境影响报告书（表）受理公告（佛山市生态环境局顺德分局）_1_1_2024.pdf,9.78,PL042_V01_Q01
PL043,佛山市益旭电器有限公司新建项目,年11月21日建设项目环境影响报告受理公告（大良）.pdf,6,V01:6,已复制,文件名精确匹配,E:\华南理工项目\环评文件汇总\02_环评原始资料_受理报告批复评估意见\E环评资料汇总_acceptance_announcements\2024\年11月21日建设项目环境影响报告受理公告（大良）.pdf,E:\华南理工项目\环评文件汇总\01_GitHub项目与研究文档\eia-openclaw-sync-chen2026\05_QA测试集\人工核查_环评报告出处整理_20260715\环评报告文件\PL043_年11月21日建设项目环境影响报告受理公告（大良）_1_2024.pdf,14.47,PL043_V01_Q01
PL044,佛山市昇汇包装材料有限公司新建项目,年11月29日建设项目环境影响报告书（表）受理公告（佛山市生态环境局顺德分局）_2.pdf,6,V01:6,已复制,文件名精确匹配,E:\华南理工项目\环评文件汇总\02_环评原始资料_受理报告批复评估意见\E环评资料汇总_acceptance_announcements\2024\年11月29日建设项目环境影响报告书（表）受理公告（佛山市生态环境局顺德分局）_2.pdf,E:\华南理工项目\环评文件汇总\01_GitHub项目与研究文档\eia-openclaw-sync-chen2026\05_QA测试集\人工核查_环评报告出处整理_20260715\环评报告文件\PL044_年11月29日建设项目环境影响报告书（表）受理公告（佛山市生态环境局顺德分局）_2_1_2024.pdf,4.43,PL044_V01_Q01
PL045,佛山市富懿塑料制品有限公司新建项目,年11月8日建设项目环境影响报告表受理公告（容桂）.pdf,6,V01:6,已复制,文件名精确匹配,E:\华南理工项目\环评文件汇总\02_环评原始资料_受理报告批复评估意见\E环评资料汇总_acceptance_announcements\2024\年11月8日建设项目环境影响报告表受理公告（容桂）.pdf,E:\华南理工项目\环评文件汇总\01_GitHub项目与研究文档\eia-openclaw-sync-chen2026\05_QA测试集\人工核查_环评报告出处整理_20260715\环评报告文件\PL045_年11月8日建设项目环境影响报告表受理公告（容桂）_1_2024.pdf,2.89,PL045_V01_Q01
PL046,佛山市圣鑫塑料制品有限公司新建项目,年12月10日建设项目环境影响报告受理公告（大良）_1.pdf,6,V01:6,已复制,文件名精确匹配,E:\华南理工项目\环评文件汇总\02_环评原始资料_受理报告批复评估意见\E环评资料汇总_acceptance_announcements\2024\年12月10日建设项目环境影响报告受理公告（大良）_1.pdf,E:\华南理工项目\环评文件汇总\01_GitHub项目与研究文档\eia-openclaw-sync-chen2026\05_QA测试集\人工核查_环评报告出处整理_20260715\环评报告文件\PL046_年12月10日建设项目环境影响报告受理公告（大良）_1_1_2024.pdf,10.11,PL046_V01_Q01
PL047,佛山智达医疗器械有限公司新建项目,年12月10日建设项目环境影响报告受理公告（大良）_2.pdf,6,V01:6,已复制,文件名精确匹配,E:\华南理工项目\环评文件汇总\02_环评原始资料_受理报告批复评估意见\E环评资料汇总_acceptance_announcements\2024\年12月10日建设项目环境影响报告受理公告（大良）_2.pdf,E:\华南理工项目\环评文件汇总\01_GitHub项目与研究文档\eia-openclaw-sync-chen2026\05_QA测试集\人工核查_环评报告出处整理_20260715\环评报告文件\PL047_年12月10日建设项目环境影响报告受理公告（大良）_2_1_2024.pdf,9.50,PL047_V01_Q01
PL049,佛山市顺德区华祥坤工艺电器有限公司扩建项目,年12月13日建设项目环境影响报告受理公告（大良）.pdf,6,V01:6,已复制,文件名精确匹配,E:\华南理工项目\环评文件汇总\02_环评原始资料_受理报告批复评估意见\E环评资料汇总_acceptance_announcements\2024\年12月13日建设项目环境影响报告受理公告（大良）.pdf,E:\华南理工项目\环评文件汇总\01_GitHub项目与研究文档\eia-openclaw-sync-chen2026\05_QA测试集\人工核查_环评报告出处整理_20260715\环评报告文件\PL049_年12月13日建设项目环境影响报告受理公告（大良）_1_2024.pdf,2.52,PL049_V01_Q01
PL050,广东希睿思汽车零部件有限公司新建项目,年12月20日建设项目环境影响报告书（表）受理公告（佛山市生态环境局顺德分局）_3.pdf,6,V01:6,已复制,文件名精确匹配,E:\华南理工项目\环评文件汇总\02_环评原始资料_受理报告批复评估意见\E环评资料汇总_acceptance_announcements\2024\年12月20日建设项目环境影响报告书（表）受理公告（佛山市生态环境局顺德分局）_3.pdf,E:\华南理工项目\环评文件汇总\01_GitHub项目与研究文档\eia-openclaw-sync-chen2026\05_QA测试集\人工核查_环评报告出处整理_20260715\环评报告文件\PL050_年12月20日建设项目环境影响报告书（表）受理公告（佛山市生态环境局顺德分局）_3_1_2024.pdf,3.05,PL050_V01_Q01
PL052,佛山市顺德区嘉保洁具有限公司迁建项目,年12月24日建设项目环境影响报告表受理公告（容桂）_1.pdf,6,V01:6,已复制,文件名精确匹配,E:\华南理工项目\环评文件汇总\02_环评原始资料_受理报告批复评估意见\E环评资料汇总_acceptance_announcements\2024\年12月24日建设项目环境影响报告表受理公告（容桂）_1.pdf,E:\华南理工项目\环评文件汇总\01_GitHub项目与研究文档\eia-openclaw-sync-chen2026\05_QA测试集\人工核查_环评报告出处整理_20260715\环评报告文件\PL052_年12月24日建设项目环境影响报告表受理公告（容桂）_1_1_2024.pdf,10.97,PL052_V01_Q01
PL053,佛山市力方电器科技有限公司新建项目,年12月24日建设项目环境影响报告表受理公告（容桂）_2.pdf,6,V01:6,已复制,文件名精确匹配,E:\华南理工项目\环评文件汇总\02_环评原始资料_受理报告批复评估意见\E环评资料汇总_acceptance_announcements\2024\年12月24日建设项目环境影响报告表受理公告（容桂）_2.pdf,E:\华南理工项目\环评文件汇总\01_GitHub项目与研究文档\eia-openclaw-sync-chen2026\05_QA测试集\人工核查_环评报告出处整理_20260715\环评报告文件\PL053_年12月24日建设项目环境影响报告表受理公告（容桂）_2_1_2024.pdf,96.06,PL053_V01_Q01
PL054,佛山市顺德区红昇电器有限公司新建项目,年12月30日建设项目环境影响报告受理公告（大良）.pdf,6,V01:6,已复制,文件名精确匹配,E:\华南理工项目\环评文件汇总\02_环评原始资料_受理报告批复评估意见\E环评资料汇总_acceptance_announcements\2024\年12月30日建设项目环境影响报告受理公告（大良）.pdf,E:\华南理工项目\环评文件汇总\01_GitHub项目与研究文档\eia-openclaw-sync-chen2026\05_QA测试集\人工核查_环评报告出处整理_20260715\环评报告文件\PL054_年12月30日建设项目环境影响报告受理公告（大良）_1_2024.pdf,8.75,PL054_V01_Q01
PL055,佛山市力新五金塑胶制品有限公司新建项目,年12月31日建设项目环境影响报告书（表）受理公告（佛山市生态环境局顺德分局）.pdf,6,V01:6,已复制,文件名精确匹配,E:\华南理工项目\环评文件汇总\02_环评原始资料_受理报告批复评估意见\E环评资料汇总_acceptance_announcements\2024\年12月31日建设项目环境影响报告书（表）受理公告（佛山市生态环境局顺德分局）.pdf,E:\华南理工项目\环评文件汇总\01_GitHub项目与研究文档\eia-openclaw-sync-chen2026\05_QA测试集\人工核查_环评报告出处整理_20260715\环评报告文件\PL055_年12月31日建设项目环境影响报告书（表）受理公告（佛山市生态环境局顺德分局）_1_2024.pdf,8.57,PL055_V01_Q01
PL056,佛山市祖帮海绵有限公司新建项目,年12月4日建设项目环境影响报告书（表）受理公告（佛山市生态环境局顺德分局）_1.pdf,6,V01:6,已复制,文件名精确匹配,E:\华南理工项目\环评文件汇总\02_环评原始资料_受理报告批复评估意见\E环评资料汇总_acceptance_announcements\2024\年12月4日建设项目环境影响报告书（表）受理公告（佛山市生态环境局顺德分局）_1.pdf,E:\华南理工项目\环评文件汇总\01_GitHub项目与研究文档\eia-openclaw-sync-chen2026\05_QA测试集\人工核查_环评报告出处整理_20260715\环评报告文件\PL056_年12月4日建设项目环境影响报告书（表）受理公告（佛山市生态环境局顺德分局）_1_1_2024.pdf,18.20,PL056_V01_Q01
PL057,佛山粤友塑料制品有限公司新建项目,年12月4日建设项目环境影响报告受理公告（大良）.pdf,6,V01:6,已复制,文件名精确匹配,E:\华南理工项目\环评文件汇总\02_环评原始资料_受理报告批复评估意见\E环评资料汇总_acceptance_announcements\2024\年12月4日建设项目环境影响报告受理公告（大良）.pdf,E:\华南理工项目\环评文件汇总\01_GitHub项目与研究文档\eia-openclaw-sync-chen2026\05_QA测试集\人工核查_环评报告出处整理_20260715\环评报告文件\PL057_年12月4日建设项目环境影响报告受理公告（大良）_1_2024.pdf,8.69,PL057_V01_Q01
PL058,佛山诗佳格科技有限公司新建项目,年12月6日建设项目环境影响报告受理公告（大良）_1.pdf,6,V01:6,已复制,文件名精确匹配,E:\华南理工项目\环评文件汇总\02_环评原始资料_受理报告批复评估意见\E环评资料汇总_acceptance_announcements\2024\年12月6日建设项目环境影响报告受理公告（大良）_1.pdf,E:\华南理工项目\环评文件汇总\01_GitHub项目与研究文档\eia-openclaw-sync-chen2026\05_QA测试集\人工核查_环评报告出处整理_20260715\环评报告文件\PL058_年12月6日建设项目环境影响报告受理公告（大良）_1_1_2024.pdf,6.82,PL058_V01_Q01
PL059,佛山市乔安电器有限公司迁建项目,年12月6日建设项目环境影响报告受理公告（大良）_2.pdf,6,V01:6,已复制,文件名精确匹配,E:\华南理工项目\环评文件汇总\02_环评原始资料_受理报告批复评估意见\E环评资料汇总_acceptance_announcements\2024\年12月6日建设项目环境影响报告受理公告（大良）_2.pdf,E:\华南理工项目\环评文件汇总\01_GitHub项目与研究文档\eia-openclaw-sync-chen2026\05_QA测试集\人工核查_环评报告出处整理_20260715\环评报告文件\PL059_年12月6日建设项目环境影响报告受理公告（大良）_2_1_2024.pdf,21.06,PL059_V01_Q01
PL060,佛山市顺德区菱昌精密塑料五金实业有限公司新建项目,年12月9日建设项目环境影响报告受理公告（大良）.pdf,6,V01:6,已复制,文件名精确匹配,E:\华南理工项目\环评文件汇总\02_环评原始资料_受理报告批复评估意见\E环评资料汇总_acceptance_announcements\2024\年12月9日建设项目环境影响报告受理公告（大良）.pdf,E:\华南理工项目\环评文件汇总\01_GitHub项目与研究文档\eia-openclaw-sync-chen2026\05_QA测试集\人工核查_环评报告出处整理_20260715\环评报告文件\PL060_年12月9日建设项目环境影响报告受理公告（大良）_1_2024.pdf,15.57,PL060_V01_Q01
PL061,佛山市德田科技有限公司建设项目,年1月15日建设项目环境影响报告受理公告（大良）.pdf,6,V01:6,已复制,文件名精确匹配,E:\华南理工项目\环评文件汇总\02_环评原始资料_受理报告批复评估意见\E环评资料汇总_acceptance_announcements\2024\年1月15日建设项目环境影响报告受理公告（大良）.pdf,E:\华南理工项目\环评文件汇总\01_GitHub项目与研究文档\eia-openclaw-sync-chen2026\05_QA测试集\人工核查_环评报告出处整理_20260715\环评报告文件\PL061_年1月15日建设项目环境影响报告受理公告（大良）_1_2024.pdf,10.36,PL061_V01_Q01
PL062,佛山市车壹套塑料制品有限公司新建项目,年1月19日建设项目环境影响报告受理公告（大良）.pdf,6,V01:6,已复制,文件名精确匹配,E:\华南理工项目\环评文件汇总\02_环评原始资料_受理报告批复评估意见\E环评资料汇总_acceptance_announcements\2024\年1月19日建设项目环境影响报告受理公告（大良）.pdf,E:\华南理工项目\环评文件汇总\01_GitHub项目与研究文档\eia-openclaw-sync-chen2026\05_QA测试集\人工核查_环评报告出处整理_20260715\环评报告文件\PL062_年1月19日建设项目环境影响报告受理公告（大良）_1_2024.pdf,7.78,PL062_V01_Q01
PL063,华硕（广东）新材料股份有限公司新建项目,年1月22日建设项目环境影响报告表受理公告（佛山市生态环境局顺德分局）_1.pdf,6,V01:6,已复制,文件名精确匹配,E:\华南理工项目\环评文件汇总\02_环评原始资料_受理报告批复评估意见\E环评资料汇总_acceptance_announcements\2024\年1月22日建设项目环境影响报告表受理公告（佛山市生态环境局顺德分局）_1.pdf,E:\华南理工项目\环评文件汇总\01_GitHub项目与研究文档\eia-openclaw-sync-chen2026\05_QA测试集\人工核查_环评报告出处整理_20260715\环评报告文件\PL063_年1月22日建设项目环境影响报告表受理公告（佛山市生态环境局顺德分局）_1_1_2024.pdf,7.19,PL063_V01_Q01
PL064,佛山汇诚科技有限公司新建项目,年1月22日建设项目环境影响报告表受理公告（佛山市生态环境局顺德分局）_2.pdf,6,V01:6,已复制,文件名精确匹配,E:\华南理工项目\环评文件汇总\02_环评原始资料_受理报告批复评估意见\E环评资料汇总_acceptance_announcements\2024\年1月22日建设项目环境影响报告表受理公告（佛山市生态环境局顺德分局）_2.pdf,E:\华南理工项目\环评文件汇总\01_GitHub项目与研究文档\eia-openclaw-sync-chen2026\05_QA测试集\人工核查_环评报告出处整理_20260715\环评报告文件\PL064_年1月22日建设项目环境影响报告表受理公告（佛山市生态环境局顺德分局）_2_1_2024.pdf,9.54,PL064_V01_Q01
PL065,佛山市景素科科技有限公司建设项目,年1月23日建设项目环境影响报告受理公告（大良）.pdf,6,V01:6,已复制,文件名精确匹配,E:\华南理工项目\环评文件汇总\02_环评原始资料_受理报告批复评估意见\E环评资料汇总_acceptance_announcements\2024\年1月23日建设项目环境影响报告受理公告（大良）.pdf,E:\华南理工项目\环评文件汇总\01_GitHub项目与研究文档\eia-openclaw-sync-chen2026\05_QA测试集\人工核查_环评报告出处整理_20260715\环评报告文件\PL065_年1月23日建设项目环境影响报告受理公告（大良）_1_2024.pdf,12.45,PL065_V01_Q01
PL066,佛山市智鑫塑胶制品有限公司迁扩建项目,年1月2日建设项目环境影响报告表受理公告（佛山市生态环境局顺德分局）_1.pdf,6,V01:6,已复制,文件名精确匹配,E:\华南理工项目\环评文件汇总\02_环评原始资料_受理报告批复评估意见\E环评资料汇总_acceptance_announcements\2024\年1月2日建设项目环境影响报告表受理公告（佛山市生态环境局顺德分局）_1.pdf,E:\华南理工项目\环评文件汇总\01_GitHub项目与研究文档\eia-openclaw-sync-chen2026\05_QA测试集\人工核查_环评报告出处整理_20260715\环评报告文件\PL066_年1月2日建设项目环境影响报告表受理公告（佛山市生态环境局顺德分局）_1_1_2024.pdf,7.54,PL066_V01_Q01
PL067,佛山市玖心日用品有限公司新建项目,年1月2日建设项目环境影响报告表受理公告（佛山市生态环境局顺德分局）_2.pdf,6,V01:6,已复制,文件名精确匹配,E:\华南理工项目\环评文件汇总\02_环评原始资料_受理报告批复评估意见\E环评资料汇总_acceptance_announcements\2024\年1月2日建设项目环境影响报告表受理公告（佛山市生态环境局顺德分局）_2.pdf,E:\华南理工项目\环评文件汇总\01_GitHub项目与研究文档\eia-openclaw-sync-chen2026\05_QA测试集\人工核查_环评报告出处整理_20260715\环评报告文件\PL067_年1月2日建设项目环境影响报告表受理公告（佛山市生态环境局顺德分局）_2_1_2024.pdf,3.26,PL067_V01_Q01
PL068,佛山市靓禾厨卫用品有限公司新建项目,年1月3日建设项目环境影响报告受理公告（容桂）.pdf,6,V01:6,已复制,文件名精确匹配,E:\华南理工项目\环评文件汇总\02_环评原始资料_受理报告批复评估意见\E环评资料汇总_acceptance_announcements\2024\年1月3日建设项目环境影响报告受理公告（容桂）.pdf,E:\华南理工项目\环评文件汇总\01_GitHub项目与研究文档\eia-openclaw-sync-chen2026\05_QA测试集\人工核查_环评报告出处整理_20260715\环评报告文件\PL068_年1月3日建设项目环境影响报告受理公告（容桂）_1_2024.pdf,5.09,PL068_V01_Q01
PL069,万业诚新材料（佛山）有限公司迁建项目,年1月5日建设项目环境影响报告书（表）受理公告（佛山市生态环境局顺德分局）.pdf,6,V01:6,已复制,文件名精确匹配,E:\华南理工项目\环评文件汇总\02_环评原始资料_受理报告批复评估意见\E环评资料汇总_acceptance_announcements\2024\年1月5日建设项目环境影响报告书（表）受理公告（佛山市生态环境局顺德分局）.pdf,E:\华南理工项目\环评文件汇总\01_GitHub项目与研究文档\eia-openclaw-sync-chen2026\05_QA测试集\人工核查_环评报告出处整理_20260715\环评报告文件\PL069_年1月5日建设项目环境影响报告书（表）受理公告（佛山市生态环境局顺德分局）_1_2024.pdf,23.78,PL069_V01_Q01
PL070,广东顺德顺炎新材料股份有限公司年产改性塑料粒 6 万吨迁扩建项目,年2月22日建设项目环境影响报告表受理公告（佛山市生态环境局顺德分局）_2.pdf,6,V01:6,已复制,文件名精确匹配,E:\华南理工项目\环评文件汇总\02_环评原始资料_受理报告批复评估意见\E环评资料汇总_acceptance_announcements\2024\年2月22日建设项目环境影响报告表受理公告（佛山市生态环境局顺德分局）_2.pdf,E:\华南理工项目\环评文件汇总\01_GitHub项目与研究文档\eia-openclaw-sync-chen2026\05_QA测试集\人工核查_环评报告出处整理_20260715\环评报告文件\PL070_年2月22日建设项目环境影响报告表受理公告（佛山市生态环境局顺德分局）_2_1_2024.pdf,6.45,PL070_V01_Q01
PL071,佛山市顺德区耀顺欣模具厂新建项目,年2月27日建设项目环境影响报告受理公告（容桂）.pdf,6,V01:6,已复制,文件名精确匹配,E:\华南理工项目\环评文件汇总\02_环评原始资料_受理报告批复评估意见\E环评资料汇总_acceptance_announcements\2024\年2月27日建设项目环境影响报告受理公告（容桂）.pdf,E:\华南理工项目\环评文件汇总\01_GitHub项目与研究文档\eia-openclaw-sync-chen2026\05_QA测试集\人工核查_环评报告出处整理_20260715\环评报告文件\PL071_年2月27日建设项目环境影响报告受理公告（容桂）_1_2024.pdf,3.35,PL071_V01_Q01
PL072,佛山市至贤科技有限公司新建项目,年3月15日建设项目环境影响报告受理公告（大良）.pdf,6,V01:6,已复制,文件名精确匹配,E:\华南理工项目\环评文件汇总\02_环评原始资料_受理报告批复评估意见\E环评资料汇总_acceptance_announcements\2024\年3月15日建设项目环境影响报告受理公告（大良）.pdf,E:\华南理工项目\环评文件汇总\01_GitHub项目与研究文档\eia-openclaw-sync-chen2026\05_QA测试集\人工核查_环评报告出处整理_20260715\环评报告文件\PL072_年3月15日建设项目环境影响报告受理公告（大良）_1_2024.pdf,3.46,PL072_V01_Q01
PL073,佛山市安邵塑胶制品有限公司新建项目,年3月19日建设项目环境影响报告表受理公告（佛山市生态环境局顺德分局）_1.pdf,6,V01:6,已复制,文件名精确匹配,E:\华南理工项目\环评文件汇总\02_环评原始资料_受理报告批复评估意见\E环评资料汇总_acceptance_announcements\2024\年3月19日建设项目环境影响报告表受理公告（佛山市生态环境局顺德分局）_1.pdf,E:\华南理工项目\环评文件汇总\01_GitHub项目与研究文档\eia-openclaw-sync-chen2026\05_QA测试集\人工核查_环评报告出处整理_20260715\环评报告文件\PL073_年3月19日建设项目环境影响报告表受理公告（佛山市生态环境局顺德分局）_1_1_2024.pdf,3.63,PL073_V01_Q01
PL074,佛山市思莱拓科技有限公司新建项目,年3月5日建设项目环境影响报告受理公告（大良）.pdf,6,V01:6,已复制,文件名精确匹配,E:\华南理工项目\环评文件汇总\02_环评原始资料_受理报告批复评估意见\E环评资料汇总_acceptance_announcements\2024\年3月5日建设项目环境影响报告受理公告（大良）.pdf,E:\华南理工项目\环评文件汇总\01_GitHub项目与研究文档\eia-openclaw-sync-chen2026\05_QA测试集\人工核查_环评报告出处整理_20260715\环评报告文件\PL074_年3月5日建设项目环境影响报告受理公告（大良）_1_2024.pdf,6.24,PL074_V01_Q01
PL075,佛山市昊芸照明有限公司新建项目,年4月17日建设项目环境影响报告书（表）受理公告（均安）.pdf,6,V01:6,已复制,文件名精确匹配,E:\华南理工项目\环评文件汇总\02_环评原始资料_受理报告批复评估意见\E环评资料汇总_acceptance_announcements\2024\年4月17日建设项目环境影响报告书（表）受理公告（均安）.pdf,E:\华南理工项目\环评文件汇总\01_GitHub项目与研究文档\eia-openclaw-sync-chen2026\05_QA测试集\人工核查_环评报告出处整理_20260715\环评报告文件\PL075_年4月17日建设项目环境影响报告书（表）受理公告（均安）_1_2024.pdf,2.99,PL075_V01_Q01
PL076,佛山市友帝塑料制品有限公司扩建项目,年4月29日建设项目环境影响报告受理公告（大良）_1.pdf,6,V01:6,已复制,文件名精确匹配,E:\华南理工项目\环评文件汇总\02_环评原始资料_受理报告批复评估意见\E环评资料汇总_acceptance_announcements\2024\年4月29日建设项目环境影响报告受理公告（大良）_1.pdf,E:\华南理工项目\环评文件汇总\01_GitHub项目与研究文档\eia-openclaw-sync-chen2026\05_QA测试集\人工核查_环评报告出处整理_20260715\环评报告文件\PL076_年4月29日建设项目环境影响报告受理公告（大良）_1_1_2024.pdf,8.32,PL076_V01_Q01
PL077,佛山市优塑包装科技有限公司新建项目,年4月29日建设项目环境影响报告受理公告（大良）_2.pdf,6,V01:6,已复制,文件名精确匹配,E:\华南理工项目\环评文件汇总\02_环评原始资料_受理报告批复评估意见\E环评资料汇总_acceptance_announcements\2024\年4月29日建设项目环境影响报告受理公告（大良）_2.pdf,E:\华南理工项目\环评文件汇总\01_GitHub项目与研究文档\eia-openclaw-sync-chen2026\05_QA测试集\人工核查_环评报告出处整理_20260715\环评报告文件\PL077_年4月29日建设项目环境影响报告受理公告（大良）_2_1_2024.pdf,7.45,PL077_V01_Q01
PL078,佛山市顺德区德盈誉智能制造有限公司新建项目,年5月29日建设项目环境影响报告受理公告（大良）.pdf,6,V01:6,已复制,文件名精确匹配,E:\华南理工项目\环评文件汇总\02_环评原始资料_受理报告批复评估意见\E环评资料汇总_acceptance_announcements\2024\年5月29日建设项目环境影响报告受理公告（大良）.pdf,E:\华南理工项目\环评文件汇总\01_GitHub项目与研究文档\eia-openclaw-sync-chen2026\05_QA测试集\人工核查_环评报告出处整理_20260715\环评报告文件\PL078_年5月29日建设项目环境影响报告受理公告（大良）_1_2024.pdf,9.73,PL078_V01_Q01
PL079,广东圣鑫机电股份有限公司扩建项目,年6月18日建设项目环境影响报告书（表）受理公告（佛山市生态环境局顺德分局）.pdf,6,V01:6,已复制,文件名精确匹配,E:\华南理工项目\环评文件汇总\02_环评原始资料_受理报告批复评估意见\E环评资料汇总_acceptance_announcements\2024\年6月18日建设项目环境影响报告书（表）受理公告（佛山市生态环境局顺德分局）.pdf,E:\华南理工项目\环评文件汇总\01_GitHub项目与研究文档\eia-openclaw-sync-chen2026\05_QA测试集\人工核查_环评报告出处整理_20260715\环评报告文件\PL079_年6月18日建设项目环境影响报告书（表）受理公告（佛山市生态环境局顺德分局）_1_2024.pdf,13.94,PL079_V01_Q01
PL081,佛山市顺德区保塑管业有限公司迁扩建项目,年6月19日建设项目环境影响报告书（表）受理公告（佛山市生态环境局顺德分局）_2.pdf,6,V01:6,已复制,文件名精确匹配,E:\华南理工项目\环评文件汇总\02_环评原始资料_受理报告批复评估意见\E环评资料汇总_acceptance_announcements\2024\年6月19日建设项目环境影响报告书（表）受理公告（佛山市生态环境局顺德分局）_2.pdf,E:\华南理工项目\环评文件汇总\01_GitHub项目与研究文档\eia-openclaw-sync-chen2026\05_QA测试集\人工核查_环评报告出处整理_20260715\环评报告文件\PL081_年6月19日建设项目环境影响报告书（表）受理公告（佛山市生态环境局顺德分局）_2_1_2024.pdf,4.45,PL081_V01_Q01
PL083,佛山市顺德区康明新材料厂新建项目,年6月19日建设项目环境影响报告书（表）受理公告（佛山市生态环境局顺德分局）_5.pdf,6,V01:6,已复制,文件名精确匹配,E:\华南理工项目\环评文件汇总\02_环评原始资料_受理报告批复评估意见\E环评资料汇总_acceptance_announcements\2024\年6月19日建设项目环境影响报告书（表）受理公告（佛山市生态环境局顺德分局）_5.pdf,E:\华南理工项目\环评文件汇总\01_GitHub项目与研究文档\eia-openclaw-sync-chen2026\05_QA测试集\人工核查_环评报告出处整理_20260715\环评报告文件\PL083_年6月19日建设项目环境影响报告书（表）受理公告（佛山市生态环境局顺德分局）_5_1_2024.pdf,12.17,PL083_V01_Q01
PL084,佛山市顺德区中润基誉新材料科技有限公司新建项目,年6月19日建设项目环境影响报告书（表）受理公告（佛山市生态环境局顺德分局）_7.pdf,6,V01:6,已复制,文件名精确匹配,E:\华南理工项目\环评文件汇总\02_环评原始资料_受理报告批复评估意见\E环评资料汇总_acceptance_announcements\2024\年6月19日建设项目环境影响报告书（表）受理公告（佛山市生态环境局顺德分局）_7.pdf,E:\华南理工项目\环评文件汇总\01_GitHub项目与研究文档\eia-openclaw-sync-chen2026\05_QA测试集\人工核查_环评报告出处整理_20260715\环评报告文件\PL084_年6月19日建设项目环境影响报告书（表）受理公告（佛山市生态环境局顺德分局）_7_1_2024.pdf,8.84,PL084_V01_Q01
PL085,广东周杨科电器有限公司迁扩建项目,年6月20日建设项目环境影响报告书（表）受理公告（佛山市生态环境局顺德分局）_1.pdf,6,V01:6,已复制,文件名精确匹配,E:\华南理工项目\环评文件汇总\02_环评原始资料_受理报告批复评估意见\E环评资料汇总_acceptance_announcements\2024\年6月20日建设项目环境影响报告书（表）受理公告（佛山市生态环境局顺德分局）_1.pdf,E:\华南理工项目\环评文件汇总\01_GitHub项目与研究文档\eia-openclaw-sync-chen2026\05_QA测试集\人工核查_环评报告出处整理_20260715\环评报告文件\PL085_年6月20日建设项目环境影响报告书（表）受理公告（佛山市生态环境局顺德分局）_1_1_2024.pdf,2.56,PL085_V01_Q01
PL086,佛山市科镁电器科技有限公司新建项目,年6月20日建设项目环境影响报告书（表）受理公告（佛山市生态环境局顺德分局）_2.pdf,6,V01:6,已复制,文件名精确匹配,E:\华南理工项目\环评文件汇总\02_环评原始资料_受理报告批复评估意见\E环评资料汇总_acceptance_announcements\2024\年6月20日建设项目环境影响报告书（表）受理公告（佛山市生态环境局顺德分局）_2.pdf,E:\华南理工项目\环评文件汇总\01_GitHub项目与研究文档\eia-openclaw-sync-chen2026\05_QA测试集\人工核查_环评报告出处整理_20260715\环评报告文件\PL086_年6月20日建设项目环境影响报告书（表）受理公告（佛山市生态环境局顺德分局）_2_1_2024.pdf,23.54,PL086_V01_Q01
PL087,佛山市安邵塑胶制品有限公司新建项目,年6月20日建设项目环境影响报告书（表）受理公告（佛山市生态环境局顺德分局）_3.pdf,6,V01:6,已复制,文件名精确匹配,E:\华南理工项目\环评文件汇总\02_环评原始资料_受理报告批复评估意见\E环评资料汇总_acceptance_announcements\2024\年6月20日建设项目环境影响报告书（表）受理公告（佛山市生态环境局顺德分局）_3.pdf,E:\华南理工项目\环评文件汇总\01_GitHub项目与研究文档\eia-openclaw-sync-chen2026\05_QA测试集\人工核查_环评报告出处整理_20260715\环评报告文件\PL087_年6月20日建设项目环境影响报告书（表）受理公告（佛山市生态环境局顺德分局）_3_1_2024.pdf,3.76,PL087_V01_Q01
PL088,佛山市优力塑电器有限公司新建项目,年6月24日建设项目环境影响报告表受理公告（容桂）_4.pdf,6,V01:6,已复制,文件名精确匹配,E:\华南理工项目\环评文件汇总\02_环评原始资料_受理报告批复评估意见\E环评资料汇总_acceptance_announcements\2024\年6月24日建设项目环境影响报告表受理公告（容桂）_4.pdf,E:\华南理工项目\环评文件汇总\01_GitHub项目与研究文档\eia-openclaw-sync-chen2026\05_QA测试集\人工核查_环评报告出处整理_20260715\环评报告文件\PL088_年6月24日建设项目环境影响报告表受理公告（容桂）_4_1_2024.pdf,7.44,PL088_V01_Q01
PL089,佛山市永佳奕科技有限公司扩建项目,年6月3日建设项目环境影响报告受理公告（大良）_1.pdf,6,V01:6,已复制,文件名精确匹配,E:\华南理工项目\环评文件汇总\02_环评原始资料_受理报告批复评估意见\E环评资料汇总_acceptance_announcements\2024\年6月3日建设项目环境影响报告受理公告（大良）_1.pdf,E:\华南理工项目\环评文件汇总\01_GitHub项目与研究文档\eia-openclaw-sync-chen2026\05_QA测试集\人工核查_环评报告出处整理_20260715\环评报告文件\PL089_年6月3日建设项目环境影响报告受理公告（大良）_1_1_2024.pdf,8.66,PL089_V01_Q01
PL090,佛山市凌锴源模具科技有限公司迁扩建项目,年6月3日建设项目环境影响报告受理公告（大良）_2.pdf,6,V01:6,已复制,文件名精确匹配,E:\华南理工项目\环评文件汇总\02_环评原始资料_受理报告批复评估意见\E环评资料汇总_acceptance_announcements\2024\年6月3日建设项目环境影响报告受理公告（大良）_2.pdf,E:\华南理工项目\环评文件汇总\01_GitHub项目与研究文档\eia-openclaw-sync-chen2026\05_QA测试集\人工核查_环评报告出处整理_20260715\环评报告文件\PL090_年6月3日建设项目环境影响报告受理公告（大良）_2_1_2024.pdf,6.79,PL090_V01_Q01
PL091,佛山市集北龙华海绵制造股份有限公司搬迁扩建项目,年6月7日建设项目环境影响报告书（表）受理公告（佛山市生态环境局顺德分局）_2.pdf,6,V01:6,已复制,文件名精确匹配,E:\华南理工项目\环评文件汇总\02_环评原始资料_受理报告批复评估意见\E环评资料汇总_acceptance_announcements\2024\年6月7日建设项目环境影响报告书（表）受理公告（佛山市生态环境局顺德分局）_2.pdf,E:\华南理工项目\环评文件汇总\01_GitHub项目与研究文档\eia-openclaw-sync-chen2026\05_QA测试集\人工核查_环评报告出处整理_20260715\环评报告文件\PL091_年6月7日建设项目环境影响报告书（表）受理公告（佛山市生态环境局顺德分局）_2_1_2024.pdf,28.75,PL091_V01_Q01
PL092,佛山市新得雅科技有限责任公司新建项目,年6月7日建设项目环境影响报告书（表）受理公告（佛山市生态环境局顺德分局）_4.pdf,6,V01:6,已复制,文件名精确匹配,E:\华南理工项目\环评文件汇总\02_环评原始资料_受理报告批复评估意见\E环评资料汇总_acceptance_announcements\2024\年6月7日建设项目环境影响报告书（表）受理公告（佛山市生态环境局顺德分局）_4.pdf,E:\华南理工项目\环评文件汇总\01_GitHub项目与研究文档\eia-openclaw-sync-chen2026\05_QA测试集\人工核查_环评报告出处整理_20260715\环评报告文件\PL092_年6月7日建设项目环境影响报告书（表）受理公告（佛山市生态环境局顺德分局）_4_1_2024.pdf,11.36,PL092_V01_Q01
PL094,佛山市丰友享家具配件实业有限公司迁扩建项目,年7月10日建设项目环境影响报告书（表）受理公告（均安）_3.pdf,6,V01:6,已复制,文件名精确匹配,E:\华南理工项目\环评文件汇总\02_环评原始资料_受理报告批复评估意见\E环评资料汇总_acceptance_announcements\2024\年7月10日建设项目环境影响报告书（表）受理公告（均安）_3.pdf,E:\华南理工项目\环评文件汇总\01_GitHub项目与研究文档\eia-openclaw-sync-chen2026\05_QA测试集\人工核查_环评报告出处整理_20260715\环评报告文件\PL094_年7月10日建设项目环境影响报告书（表）受理公告（均安）_3_1_2024.pdf,8.01,PL094_V01_Q01
PL095,佛山市京耘科技有限公司新建项目,年7月10日建设项目环境影响报告受理公告（大良）_1.pdf,6,V01:6,已复制,文件名精确匹配,E:\华南理工项目\环评文件汇总\02_环评原始资料_受理报告批复评估意见\E环评资料汇总_acceptance_announcements\2024\年7月10日建设项目环境影响报告受理公告（大良）_1.pdf,E:\华南理工项目\环评文件汇总\01_GitHub项目与研究文档\eia-openclaw-sync-chen2026\05_QA测试集\人工核查_环评报告出处整理_20260715\环评报告文件\PL095_年7月10日建设项目环境影响报告受理公告（大良）_1_1_2024.pdf,13.32,PL095_V01_Q01
PL096,高晖（佛山）新材料科技有限公司新建项目,年7月10日建设项目环境影响报告受理公告（大良）_2.pdf,6,V01:6,已复制,文件名精确匹配,E:\华南理工项目\环评文件汇总\02_环评原始资料_受理报告批复评估意见\E环评资料汇总_acceptance_announcements\2024\年7月10日建设项目环境影响报告受理公告（大良）_2.pdf,E:\华南理工项目\环评文件汇总\01_GitHub项目与研究文档\eia-openclaw-sync-chen2026\05_QA测试集\人工核查_环评报告出处整理_20260715\环评报告文件\PL096_年7月10日建设项目环境影响报告受理公告（大良）_2_1_2024.pdf,11.23,PL096_V01_Q01
PL098,佛山市顺德区共诺电子元件厂搬迁项目,年7月12日建设项目环境影响报告受理公告（大良）.pdf,6,V01:6,已复制,文件名精确匹配,E:\华南理工项目\环评文件汇总\02_环评原始资料_受理报告批复评估意见\E环评资料汇总_acceptance_announcements\2024\年7月12日建设项目环境影响报告受理公告（大良）.pdf,E:\华南理工项目\环评文件汇总\01_GitHub项目与研究文档\eia-openclaw-sync-chen2026\05_QA测试集\人工核查_环评报告出处整理_20260715\环评报告文件\PL098_年7月12日建设项目环境影响报告受理公告（大良）_1_2024.pdf,6.00,PL098_V01_Q01
PL099,佛山市顺佳利智能科技有限公司扩建项目（重新报批）,年7月12日建设项目环境影响报告表受理公告（伦教）_1.pdf,6,V01:6,已复制,文件名精确匹配,E:\华南理工项目\环评文件汇总\02_环评原始资料_受理报告批复评估意见\E环评资料汇总_acceptance_announcements\2024\年7月12日建设项目环境影响报告表受理公告（伦教）_1.pdf,E:\华南理工项目\环评文件汇总\01_GitHub项目与研究文档\eia-openclaw-sync-chen2026\05_QA测试集\人工核查_环评报告出处整理_20260715\环评报告文件\PL099_年7月12日建设项目环境影响报告表受理公告（伦教）_1_1_2024.pdf,8.38,PL099_V01_Q01
PL100,佛山市天日塑料科技有限公司迁扩建项目,年7月12日建设项目环境影响报告表受理公告（伦教）_2.pdf,6,V01:6,已复制,文件名精确匹配,E:\华南理工项目\环评文件汇总\02_环评原始资料_受理报告批复评估意见\E环评资料汇总_acceptance_announcements\2024\年7月12日建设项目环境影响报告表受理公告（伦教）_2.pdf,E:\华南理工项目\环评文件汇总\01_GitHub项目与研究文档\eia-openclaw-sync-chen2026\05_QA测试集\人工核查_环评报告出处整理_20260715\环评报告文件\PL100_年7月12日建设项目环境影响报告表受理公告（伦教）_2_1_2024.pdf,12.15,PL100_V01_Q01
PL102,佛山市顺德区福晟鑫塑料制品有限公司迁扩建项目,年7月18日建设项目环境影响报告书（表）受理公告（佛山市生态环境局顺德分局）_1.pdf,6,V01:6,已复制,文件名精确匹配,E:\华南理工项目\环评文件汇总\02_环评原始资料_受理报告批复评估意见\E环评资料汇总_acceptance_announcements\2024\年7月18日建设项目环境影响报告书（表）受理公告（佛山市生态环境局顺德分局）_1.pdf,E:\华南理工项目\环评文件汇总\01_GitHub项目与研究文档\eia-openclaw-sync-chen2026\05_QA测试集\人工核查_环评报告出处整理_20260715\环评报告文件\PL102_年7月18日建设项目环境影响报告书（表）受理公告（佛山市生态环境局顺德分局）_1_1_2024.pdf,3.72,PL102_V01_Q01
PL103,佛山市顺德区谦和丰塑料制品厂新建项目,年7月18日建设项目环境影响报告书（表）受理公告（佛山市生态环境局顺德分局）_11.pdf,6,V01:6,已复制,文件名精确匹配,E:\华南理工项目\环评文件汇总\02_环评原始资料_受理报告批复评估意见\E环评资料汇总_acceptance_announcements\2024\年7月18日建设项目环境影响报告书（表）受理公告（佛山市生态环境局顺德分局）_11.pdf,E:\华南理工项目\环评文件汇总\01_GitHub项目与研究文档\eia-openclaw-sync-chen2026\05_QA测试集\人工核查_环评报告出处整理_20260715\环评报告文件\PL103_年7月18日建设项目环境影响报告书（表）受理公告（佛山市生态环境局顺德分局）_11_1_2024.pdf,3.47,PL103_V01_Q01
PL104,华硕（广东）新材料股份有限公司建设项目,年7月18日建设项目环境影响报告书（表）受理公告（佛山市生态环境局顺德分局）_3.pdf,6,V01:6,已复制,文件名精确匹配,E:\华南理工项目\环评文件汇总\02_环评原始资料_受理报告批复评估意见\E环评资料汇总_acceptance_announcements\2024\年7月18日建设项目环境影响报告书（表）受理公告（佛山市生态环境局顺德分局）_3.pdf,E:\华南理工项目\环评文件汇总\01_GitHub项目与研究文档\eia-openclaw-sync-chen2026\05_QA测试集\人工核查_环评报告出处整理_20260715\环评报告文件\PL104_年7月18日建设项目环境影响报告书（表）受理公告（佛山市生态环境局顺德分局）_3_1_2024.pdf,7.60,PL104_V01_Q01
PL106,佛山市顺德区谦迅盛塑料制品厂新建项目,年7月18日建设项目环境影响报告书（表）受理公告（佛山市生态环境局顺德分局）_9.pdf,6,V01:6,已复制,文件名精确匹配,E:\华南理工项目\环评文件汇总\02_环评原始资料_受理报告批复评估意见\E环评资料汇总_acceptance_announcements\2024\年7月18日建设项目环境影响报告书（表）受理公告（佛山市生态环境局顺德分局）_9.pdf,E:\华南理工项目\环评文件汇总\01_GitHub项目与研究文档\eia-openclaw-sync-chen2026\05_QA测试集\人工核查_环评报告出处整理_20260715\环评报告文件\PL106_年7月18日建设项目环境影响报告书（表）受理公告（佛山市生态环境局顺德分局）_9_1_2024.pdf,3.38,PL106_V01_Q01
PL107,佛山赫昶塑胶制品有限公司新建项目,年7月1日建设项目环境影响报告表受理公告（容桂）_1.pdf,6,V01:6,已复制,文件名精确匹配,E:\华南理工项目\环评文件汇总\02_环评原始资料_受理报告批复评估意见\E环评资料汇总_acceptance_announcements\2024\年7月1日建设项目环境影响报告表受理公告（容桂）_1.pdf,E:\华南理工项目\环评文件汇总\01_GitHub项目与研究文档\eia-openclaw-sync-chen2026\05_QA测试集\人工核查_环评报告出处整理_20260715\环评报告文件\PL107_年7月1日建设项目环境影响报告表受理公告（容桂）_1_1_2024.pdf,3.35,PL107_V01_Q01
PL108,佛山市东来晟塑料制品有限公司新建项目,年7月1日建设项目环境影响报告表受理公告（容桂）_2.pdf,6,V01:6,已复制,文件名精确匹配,E:\华南理工项目\环评文件汇总\02_环评原始资料_受理报告批复评估意见\E环评资料汇总_acceptance_announcements\2024\年7月1日建设项目环境影响报告表受理公告（容桂）_2.pdf,E:\华南理工项目\环评文件汇总\01_GitHub项目与研究文档\eia-openclaw-sync-chen2026\05_QA测试集\人工核查_环评报告出处整理_20260715\环评报告文件\PL108_年7月1日建设项目环境影响报告表受理公告（容桂）_2_1_2024.pdf,6.64,PL108_V01_Q01
PL110,佛山市宇纳电器科技有限公司迁扩建项目,年7月22日建设项目环境影响报告书（表）受理公告（佛山市生态环境局顺德分局）_2.pdf,6,V01:6,已复制,文件名精确匹配,E:\华南理工项目\环评文件汇总\02_环评原始资料_受理报告批复评估意见\E环评资料汇总_acceptance_announcements\2024\年7月22日建设项目环境影响报告书（表）受理公告（佛山市生态环境局顺德分局）_2.pdf,E:\华南理工项目\环评文件汇总\01_GitHub项目与研究文档\eia-openclaw-sync-chen2026\05_QA测试集\人工核查_环评报告出处整理_20260715\环评报告文件\PL110_年7月22日建设项目环境影响报告书（表）受理公告（佛山市生态环境局顺德分局）_2_1_2024.pdf,3.01,PL110_V01_Q01
PL111,佛山市承帆新材料科技有限公司新建项目,年7月22日建设项目环境影响报告书（表）受理公告（佛山市生态环境局顺德分局）_3.pdf,6,V01:6,已复制,文件名精确匹配,E:\华南理工项目\环评文件汇总\02_环评原始资料_受理报告批复评估意见\E环评资料汇总_acceptance_announcements\2024\年7月22日建设项目环境影响报告书（表）受理公告（佛山市生态环境局顺德分局）_3.pdf,E:\华南理工项目\环评文件汇总\01_GitHub项目与研究文档\eia-openclaw-sync-chen2026\05_QA测试集\人工核查_环评报告出处整理_20260715\环评报告文件\PL111_年7月22日建设项目环境影响报告书（表）受理公告（佛山市生态环境局顺德分局）_3_1_2024.pdf,4.50,PL111_V01_Q01
PL112,广东顺德铁夫汽车配件有限公司迁扩建项目,年7月24日建设项目环境影响报告书（表）受理公告（均安）_1.pdf,6,V01:6,已复制,文件名精确匹配,E:\华南理工项目\环评文件汇总\02_环评原始资料_受理报告批复评估意见\E环评资料汇总_acceptance_announcements\2024\年7月24日建设项目环境影响报告书（表）受理公告（均安）_1.pdf,E:\华南理工项目\环评文件汇总\01_GitHub项目与研究文档\eia-openclaw-sync-chen2026\05_QA测试集\人工核查_环评报告出处整理_20260715\环评报告文件\PL112_年7月24日建设项目环境影响报告书（表）受理公告（均安）_1_1_2024.pdf,1.94,PL112_V01_Q01
PL113,佛山市顺腾丰家具配件有限公司新建项目,年7月24日建设项目环境影响报告书（表）受理公告（均安）_4.pdf,6,V01:6,已复制,文件名精确匹配,E:\华南理工项目\环评文件汇总\02_环评原始资料_受理报告批复评估意见\E环评资料汇总_acceptance_announcements\2024\年7月24日建设项目环境影响报告书（表）受理公告（均安）_4.pdf,E:\华南理工项目\环评文件汇总\01_GitHub项目与研究文档\eia-openclaw-sync-chen2026\05_QA测试集\人工核查_环评报告出处整理_20260715\环评报告文件\PL113_年7月24日建设项目环境影响报告书（表）受理公告（均安）_4_1_2024.pdf,3.41,PL113_V01_Q01
PL114,广东顺德优线三维科技有限公司迁扩建项目,年7月24日建设项目环境影响报告受理公告（大良）.pdf,6,V01:6,已复制,文件名精确匹配,E:\华南理工项目\环评文件汇总\02_环评原始资料_受理报告批复评估意见\E环评资料汇总_acceptance_announcements\2024\年7月24日建设项目环境影响报告受理公告（大良）.pdf,E:\华南理工项目\环评文件汇总\01_GitHub项目与研究文档\eia-openclaw-sync-chen2026\05_QA测试集\人工核查_环评报告出处整理_20260715\环评报告文件\PL114_年7月24日建设项目环境影响报告受理公告（大良）_1_2024.pdf,13.28,PL114_V01_Q01
PL115,佛山市邦博恩智能科技有限公司新建项目,年7月24日建设项目环境影响报告表受理公告（容桂）_2.pdf,6,V01:6,已复制,文件名精确匹配,E:\华南理工项目\环评文件汇总\02_环评原始资料_受理报告批复评估意见\E环评资料汇总_acceptance_announcements\2024\年7月24日建设项目环境影响报告表受理公告（容桂）_2.pdf,E:\华南理工项目\环评文件汇总\01_GitHub项目与研究文档\eia-openclaw-sync-chen2026\05_QA测试集\人工核查_环评报告出处整理_20260715\环评报告文件\PL115_年7月24日建设项目环境影响报告表受理公告（容桂）_2_1_2024.pdf,6.62,PL115_V01_Q01
PL116,佛山市加合新材料有限公司新建项目,年7月24日建设项目环境影响报告表受理公告（容桂）_5.pdf,6,V01:6,已复制,文件名精确匹配,E:\华南理工项目\环评文件汇总\02_环评原始资料_受理报告批复评估意见\E环评资料汇总_acceptance_announcements\2024\年7月24日建设项目环境影响报告表受理公告（容桂）_5.pdf,E:\华南理工项目\环评文件汇总\01_GitHub项目与研究文档\eia-openclaw-sync-chen2026\05_QA测试集\人工核查_环评报告出处整理_20260715\环评报告文件\PL116_年7月24日建设项目环境影响报告表受理公告（容桂）_5_1_2024.pdf,3.62,PL116_V01_Q01
PL117,思邦自行车配件（佛山）有限公司改扩建项目,年7月25日建设项目环境影响报告受理公告（大良）_3.pdf,6,V01:6,已复制,文件名精确匹配,E:\华南理工项目\环评文件汇总\02_环评原始资料_受理报告批复评估意见\E环评资料汇总_acceptance_announcements\2024\年7月25日建设项目环境影响报告受理公告（大良）_3.pdf,E:\华南理工项目\环评文件汇总\01_GitHub项目与研究文档\eia-openclaw-sync-chen2026\05_QA测试集\人工核查_环评报告出处整理_20260715\环评报告文件\PL117_年7月25日建设项目环境影响报告受理公告（大良）_3_1_2024.pdf,7.10,PL117_V01_Q01
PL118,佛山市顺德区凯和电器有限公司迁扩建项目,年7月26日建设项目环境影响报告书（表）受理公告（佛山市生态环境局顺德分局）_4.pdf,6,V01:6,已复制,文件名精确匹配,E:\华南理工项目\环评文件汇总\02_环评原始资料_受理报告批复评估意见\E环评资料汇总_acceptance_announcements\2024\年7月26日建设项目环境影响报告书（表）受理公告（佛山市生态环境局顺德分局）_4.pdf,E:\华南理工项目\环评文件汇总\01_GitHub项目与研究文档\eia-openclaw-sync-chen2026\05_QA测试集\人工核查_环评报告出处整理_20260715\环评报告文件\PL118_年7月26日建设项目环境影响报告书（表）受理公告（佛山市生态环境局顺德分局）_4_1_2024.pdf,5.86,PL118_V01_Q01
PL119,佛山志兴盈包装有限公司新建项目,年7月26日建设项目环境影响报告书（表）受理公告（佛山市生态环境局顺德分局）_5.pdf,6,V01:6,已复制,文件名精确匹配,E:\华南理工项目\环评文件汇总\02_环评原始资料_受理报告批复评估意见\E环评资料汇总_acceptance_announcements\2024\年7月26日建设项目环境影响报告书（表）受理公告（佛山市生态环境局顺德分局）_5.pdf,E:\华南理工项目\环评文件汇总\01_GitHub项目与研究文档\eia-openclaw-sync-chen2026\05_QA测试集\人工核查_环评报告出处整理_20260715\环评报告文件\PL119_年7月26日建设项目环境影响报告书（表）受理公告（佛山市生态环境局顺德分局）_5_1_2024.pdf,4.79,PL119_V01_Q01
PL120,佛山市顺德区昶新塑料制品有限公司搬迁、扩建项目,年7月2日建设项目环境影响报告书（表）受理公告（佛山市生态环境局顺德分局）_3.pdf,6,V01:6,已复制,文件名精确匹配,E:\华南理工项目\环评文件汇总\02_环评原始资料_受理报告批复评估意见\E环评资料汇总_acceptance_announcements\2024\年7月2日建设项目环境影响报告书（表）受理公告（佛山市生态环境局顺德分局）_3.pdf,E:\华南理工项目\环评文件汇总\01_GitHub项目与研究文档\eia-openclaw-sync-chen2026\05_QA测试集\人工核查_环评报告出处整理_20260715\环评报告文件\PL120_年7月2日建设项目环境影响报告书（表）受理公告（佛山市生态环境局顺德分局）_3_1_2024.pdf,16.72,PL120_V01_Q01
PL121,佛山市宇象汇科技有限公司建设项目,年7月2日建设项目环境影响报告书（表）受理公告（佛山市生态环境局顺德分局）_4.pdf,6,V01:6,已复制,文件名精确匹配,E:\华南理工项目\环评文件汇总\02_环评原始资料_受理报告批复评估意见\E环评资料汇总_acceptance_announcements\2024\年7月2日建设项目环境影响报告书（表）受理公告（佛山市生态环境局顺德分局）_4.pdf,E:\华南理工项目\环评文件汇总\01_GitHub项目与研究文档\eia-openclaw-sync-chen2026\05_QA测试集\人工核查_环评报告出处整理_20260715\环评报告文件\PL121_年7月2日建设项目环境影响报告书（表）受理公告（佛山市生态环境局顺德分局）_4_1_2024.pdf,19.34,PL121_V01_Q01
PL122,广东创卓电器有限公司迁扩建项目,年7月2日建设项目环境影响报告书（表）受理公告（佛山市生态环境局顺德分局）_7.pdf,6,V01:6,已复制,文件名精确匹配,E:\华南理工项目\环评文件汇总\02_环评原始资料_受理报告批复评估意见\E环评资料汇总_acceptance_announcements\2024\年7月2日建设项目环境影响报告书（表）受理公告（佛山市生态环境局顺德分局）_7.pdf,E:\华南理工项目\环评文件汇总\01_GitHub项目与研究文档\eia-openclaw-sync-chen2026\05_QA测试集\人工核查_环评报告出处整理_20260715\环评报告文件\PL122_年7月2日建设项目环境影响报告书（表）受理公告（佛山市生态环境局顺德分局）_7_1_2024.pdf,13.44,PL122_V01_Q01
PL123,佛山市顺德区湛宏塑料制品有限公司改扩建项目,年7月4日建设项目环境影响报告书（表）受理公告（佛山市生态环境局顺德分局）_1.pdf,6,V01:6,已复制,文件名精确匹配,E:\华南理工项目\环评文件汇总\02_环评原始资料_受理报告批复评估意见\E环评资料汇总_acceptance_announcements\2024\年7月4日建设项目环境影响报告书（表）受理公告（佛山市生态环境局顺德分局）_1.pdf,E:\华南理工项目\环评文件汇总\01_GitHub项目与研究文档\eia-openclaw-sync-chen2026\05_QA测试集\人工核查_环评报告出处整理_20260715\环评报告文件\PL123_年7月4日建设项目环境影响报告书（表）受理公告（佛山市生态环境局顺德分局）_1_1_2024.pdf,20.62,PL123_V01_Q01
PL124,佛山市智枞电器制造有限公司扩建项目,年7月4日建设项目环境影响报告书（表）受理公告（佛山市生态环境局顺德分局）_2.pdf,6,V01:6,已复制,文件名精确匹配,E:\华南理工项目\环评文件汇总\02_环评原始资料_受理报告批复评估意见\E环评资料汇总_acceptance_announcements\2024\年7月4日建设项目环境影响报告书（表）受理公告（佛山市生态环境局顺德分局）_2.pdf,E:\华南理工项目\环评文件汇总\01_GitHub项目与研究文档\eia-openclaw-sync-chen2026\05_QA测试集\人工核查_环评报告出处整理_20260715\环评报告文件\PL124_年7月4日建设项目环境影响报告书（表）受理公告（佛山市生态环境局顺德分局）_2_1_2024.pdf,8.85,PL124_V01_Q01
PL125,佛山创顺塑胶有限公司建设项目,年7月4日建设项目环境影响报告受理公告（大良）_2.pdf,6,V01:6,已复制,文件名精确匹配,E:\华南理工项目\环评文件汇总\02_环评原始资料_受理报告批复评估意见\E环评资料汇总_acceptance_announcements\2024\年7月4日建设项目环境影响报告受理公告（大良）_2.pdf,E:\华南理工项目\环评文件汇总\01_GitHub项目与研究文档\eia-openclaw-sync-chen2026\05_QA测试集\人工核查_环评报告出处整理_20260715\环评报告文件\PL125_年7月4日建设项目环境影响报告受理公告（大良）_2_1_2024.pdf,13.17,PL125_V01_Q01
PL126,佛山市顺德区天玛仕电子有限公司改扩建项目,年7月9日建设项目环境影响报告受理公告（大良）_2.pdf,6,V01:6,已复制,文件名精确匹配,E:\华南理工项目\环评文件汇总\02_环评原始资料_受理报告批复评估意见\E环评资料汇总_acceptance_announcements\2024\年7月9日建设项目环境影响报告受理公告（大良）_2.pdf,E:\华南理工项目\环评文件汇总\01_GitHub项目与研究文档\eia-openclaw-sync-chen2026\05_QA测试集\人工核查_环评报告出处整理_20260715\环评报告文件\PL126_年7月9日建设项目环境影响报告受理公告（大良）_2_1_2024.pdf,9.65,PL126_V01_Q01
PL127,佛山市昇汇包装材料有限公司新建项目,年8月12日建设项目环境影响报告书（表）受理公告（佛山市生态环境局顺德分局）_1.pdf,6,V01:6,已复制,文件名精确匹配,E:\华南理工项目\环评文件汇总\02_环评原始资料_受理报告批复评估意见\E环评资料汇总_acceptance_announcements\2024\年8月12日建设项目环境影响报告书（表）受理公告（佛山市生态环境局顺德分局）_1.pdf,E:\华南理工项目\环评文件汇总\01_GitHub项目与研究文档\eia-openclaw-sync-chen2026\05_QA测试集\人工核查_环评报告出处整理_20260715\环评报告文件\PL127_年8月12日建设项目环境影响报告书（表）受理公告（佛山市生态环境局顺德分局）_1_1_2024.pdf,4.23,PL127_V01_Q01
PL128,佛山市洲友尚包装材料有限公司新建项目,年8月12日建设项目环境影响报告书（表）受理公告（佛山市生态环境局顺德分局）_3.pdf,6,V01:6,已复制,文件名精确匹配,E:\华南理工项目\环评文件汇总\02_环评原始资料_受理报告批复评估意见\E环评资料汇总_acceptance_announcements\2024\年8月12日建设项目环境影响报告书（表）受理公告（佛山市生态环境局顺德分局）_3.pdf,E:\华南理工项目\环评文件汇总\01_GitHub项目与研究文档\eia-openclaw-sync-chen2026\05_QA测试集\人工核查_环评报告出处整理_20260715\环评报告文件\PL128_年8月12日建设项目环境影响报告书（表）受理公告（佛山市生态环境局顺德分局）_3_1_2024.pdf,6.82,PL128_V01_Q01
PL130,佛山万美塑料制品有限公司迁扩建项目,年8月14日建设项目环境影响报告受理公告（大良）_2.pdf,6,V01:6,已复制,文件名精确匹配,E:\华南理工项目\环评文件汇总\02_环评原始资料_受理报告批复评估意见\E环评资料汇总_acceptance_announcements\2024\年8月14日建设项目环境影响报告受理公告（大良）_2.pdf,E:\华南理工项目\环评文件汇总\01_GitHub项目与研究文档\eia-openclaw-sync-chen2026\05_QA测试集\人工核查_环评报告出处整理_20260715\环评报告文件\PL130_年8月14日建设项目环境影响报告受理公告（大良）_2_1_2024.pdf,11.79,PL130_V01_Q01
PL131,佛山市顺德区凯锦电器有限公司新建项目,年8月15日建设项目环境影响报告书（表）受理公告（佛山市生态环境局顺德分局）_1.pdf,6,V01:6,已复制,文件名精确匹配,E:\华南理工项目\环评文件汇总\02_环评原始资料_受理报告批复评估意见\E环评资料汇总_acceptance_announcements\2024\年8月15日建设项目环境影响报告书（表）受理公告（佛山市生态环境局顺德分局）_1.pdf,E:\华南理工项目\环评文件汇总\01_GitHub项目与研究文档\eia-openclaw-sync-chen2026\05_QA测试集\人工核查_环评报告出处整理_20260715\环评报告文件\PL131_年8月15日建设项目环境影响报告书（表）受理公告（佛山市生态环境局顺德分局）_1_1_2024.pdf,4.62,PL131_V01_Q01
PL132,佛山市龙广塑料制品有限公司新建项目,年8月15日建设项目环境影响报告受理公告（大良）_1.pdf,6,V01:6,已复制,文件名精确匹配,E:\华南理工项目\环评文件汇总\02_环评原始资料_受理报告批复评估意见\E环评资料汇总_acceptance_announcements\2024\年8月15日建设项目环境影响报告受理公告（大良）_1.pdf,E:\华南理工项目\环评文件汇总\01_GitHub项目与研究文档\eia-openclaw-sync-chen2026\05_QA测试集\人工核查_环评报告出处整理_20260715\环评报告文件\PL132_年8月15日建设项目环境影响报告受理公告（大良）_1_1_2024.pdf,5.38,PL132_V01_Q01
PL133,佛山市特美仕电器有限公司迁扩建项目,年8月15日建设项目环境影响报告表受理公告（伦教）_2.pdf,6,V01:6,已复制,文件名精确匹配,E:\华南理工项目\环评文件汇总\02_环评原始资料_受理报告批复评估意见\E环评资料汇总_acceptance_announcements\2024\年8月15日建设项目环境影响报告表受理公告（伦教）_2.pdf,E:\华南理工项目\环评文件汇总\01_GitHub项目与研究文档\eia-openclaw-sync-chen2026\05_QA测试集\人工核查_环评报告出处整理_20260715\环评报告文件\PL133_年8月15日建设项目环境影响报告表受理公告（伦教）_2_1_2024.pdf,7.55,PL133_V01_Q01
PL134,佛山市广优顺品日用品有限公司新建项目,年8月15日建设项目环境影响报告表受理公告（伦教）_5.pdf,6,V01:6,已复制,文件名精确匹配,E:\华南理工项目\环评文件汇总\02_环评原始资料_受理报告批复评估意见\E环评资料汇总_acceptance_announcements\2024\年8月15日建设项目环境影响报告表受理公告（伦教）_5.pdf,E:\华南理工项目\环评文件汇总\01_GitHub项目与研究文档\eia-openclaw-sync-chen2026\05_QA测试集\人工核查_环评报告出处整理_20260715\环评报告文件\PL134_年8月15日建设项目环境影响报告表受理公告（伦教）_5_1_2024.pdf,12.31,PL134_V01_Q01
PL135,佛山市邸怡居家居有限公司新建项目,年8月23日建设项目环境影响报告书（表）受理公告（佛山市生态环境局顺德分局）_1.pdf,6,V01:6,已复制,文件名精确匹配,E:\华南理工项目\环评文件汇总\02_环评原始资料_受理报告批复评估意见\E环评资料汇总_acceptance_announcements\2024\年8月23日建设项目环境影响报告书（表）受理公告（佛山市生态环境局顺德分局）_1.pdf,E:\华南理工项目\环评文件汇总\01_GitHub项目与研究文档\eia-openclaw-sync-chen2026\05_QA测试集\人工核查_环评报告出处整理_20260715\环评报告文件\PL135_年8月23日建设项目环境影响报告书（表）受理公告（佛山市生态环境局顺德分局）_1_1_2024.pdf,5.34,PL135_V01_Q01
PL136,佛山市创灏五金塑料有限公司年产塑料制品 1250 万件迁改扩建项目,年8月26日建设项目环境影响报告书（表）受理公告（佛山市生态环境局顺德分局）_1.pdf,6,V01:6,已复制,文件名精确匹配,E:\华南理工项目\环评文件汇总\02_环评原始资料_受理报告批复评估意见\E环评资料汇总_acceptance_announcements\2024\年8月26日建设项目环境影响报告书（表）受理公告（佛山市生态环境局顺德分局）_1.pdf,E:\华南理工项目\环评文件汇总\01_GitHub项目与研究文档\eia-openclaw-sync-chen2026\05_QA测试集\人工核查_环评报告出处整理_20260715\环评报告文件\PL136_年8月26日建设项目环境影响报告书（表）受理公告（佛山市生态环境局顺德分局）_1_1_2024.pdf,8.79,PL136_V01_Q01
PL137,佛山市顺德区谦和丰塑料制品厂新建项目,年8月26日建设项目环境影响报告书（表）受理公告（佛山市生态环境局顺德分局）_2.pdf,6,V01:6,已复制,文件名精确匹配,E:\华南理工项目\环评文件汇总\02_环评原始资料_受理报告批复评估意见\E环评资料汇总_acceptance_announcements\2024\年8月26日建设项目环境影响报告书（表）受理公告（佛山市生态环境局顺德分局）_2.pdf,E:\华南理工项目\环评文件汇总\01_GitHub项目与研究文档\eia-openclaw-sync-chen2026\05_QA测试集\人工核查_环评报告出处整理_20260715\环评报告文件\PL137_年8月26日建设项目环境影响报告书（表）受理公告（佛山市生态环境局顺德分局）_2_1_2024.pdf,5.57,PL137_V01_Q01
PL138,佛山市顺德区谦迅盛塑料制品厂新建项目,年8月26日建设项目环境影响报告书（表）受理公告（佛山市生态环境局顺德分局）_5.pdf,6,V01:6,已复制,文件名精确匹配,E:\华南理工项目\环评文件汇总\02_环评原始资料_受理报告批复评估意见\E环评资料汇总_acceptance_announcements\2024\年8月26日建设项目环境影响报告书（表）受理公告（佛山市生态环境局顺德分局）_5.pdf,E:\华南理工项目\环评文件汇总\01_GitHub项目与研究文档\eia-openclaw-sync-chen2026\05_QA测试集\人工核查_环评报告出处整理_20260715\环评报告文件\PL138_年8月26日建设项目环境影响报告书（表）受理公告（佛山市生态环境局顺德分局）_5_1_2024.pdf,5.60,PL138_V01_Q01
PL140,广东顺德意达电子薄膜器件有限公司扩建项目,年8月30日建设项目环境影响报告书（表）受理公告（佛山市生态环境局顺德分局）_1.pdf,6,V01:6,已复制,文件名精确匹配,E:\华南理工项目\环评文件汇总\02_环评原始资料_受理报告批复评估意见\E环评资料汇总_acceptance_announcements\2024\年8月30日建设项目环境影响报告书（表）受理公告（佛山市生态环境局顺德分局）_1.pdf,E:\华南理工项目\环评文件汇总\01_GitHub项目与研究文档\eia-openclaw-sync-chen2026\05_QA测试集\人工核查_环评报告出处整理_20260715\环评报告文件\PL140_年8月30日建设项目环境影响报告书（表）受理公告（佛山市生态环境局顺德分局）_1_1_2024.pdf,7.17,PL140_V01_Q01
PL141,佛山市加耐安塑料制品有限公司新建项目,年8月30日建设项目环境影响报告书（表）受理公告（佛山市生态环境局顺德分局）_3.pdf,6,V01:6,已复制,文件名精确匹配,E:\华南理工项目\环评文件汇总\02_环评原始资料_受理报告批复评估意见\E环评资料汇总_acceptance_announcements\2024\年8月30日建设项目环境影响报告书（表）受理公告（佛山市生态环境局顺德分局）_3.pdf,E:\华南理工项目\环评文件汇总\01_GitHub项目与研究文档\eia-openclaw-sync-chen2026\05_QA测试集\人工核查_环评报告出处整理_20260715\环评报告文件\PL141_年8月30日建设项目环境影响报告书（表）受理公告（佛山市生态环境局顺德分局）_3_1_2024.pdf,7.08,PL141_V01_Q01
PL142,佛山市京耘科技有限公司新建项目,年8月30日建设项目环境影响报告受理公告（大良）.pdf,6,V01:6,已复制,文件名精确匹配,E:\华南理工项目\环评文件汇总\02_环评原始资料_受理报告批复评估意见\E环评资料汇总_acceptance_announcements\2023\年8月30日建设项目环境影响报告受理公告（大良）.pdf,E:\华南理工项目\环评文件汇总\01_GitHub项目与研究文档\eia-openclaw-sync-chen2026\05_QA测试集\人工核查_环评报告出处整理_20260715\环评报告文件\PL142_年8月30日建设项目环境影响报告受理公告（大良）_1_2023.pdf,6.80,PL142_V01_Q01
PL143,佛山市汇铭臻新材料科技有限公司新建项目,年8月8日建设项目环境影响报告书（表）受理公告（佛山市生态环境局顺德分局）_2.pdf,6,V01:6,已复制,文件名精确匹配,E:\华南理工项目\环评文件汇总\02_环评原始资料_受理报告批复评估意见\E环评资料汇总_acceptance_announcements\2024\年8月8日建设项目环境影响报告书（表）受理公告（佛山市生态环境局顺德分局）_2.pdf,E:\华南理工项目\环评文件汇总\01_GitHub项目与研究文档\eia-openclaw-sync-chen2026\05_QA测试集\人工核查_环评报告出处整理_20260715\环评报告文件\PL143_年8月8日建设项目环境影响报告书（表）受理公告（佛山市生态环境局顺德分局）_2_1_2024.pdf,8.80,PL143_V01_Q01
PL144,佛山市千紫珏科技有限公司新建项目,年8月9日建设项目环境影响报告书（表）受理公告（佛山市生态环境局顺德分局）_2.pdf,6,V01:6,已复制,文件名精确匹配,E:\华南理工项目\环评文件汇总\02_环评原始资料_受理报告批复评估意见\E环评资料汇总_acceptance_announcements\2024\年8月9日建设项目环境影响报告书（表）受理公告（佛山市生态环境局顺德分局）_2.pdf,E:\华南理工项目\环评文件汇总\01_GitHub项目与研究文档\eia-openclaw-sync-chen2026\05_QA测试集\人工核查_环评报告出处整理_20260715\环评报告文件\PL144_年8月9日建设项目环境影响报告书（表）受理公告（佛山市生态环境局顺德分局）_2_1_2024.pdf,17.39,PL144_V01_Q01
PL145,佛山市万朗磁塑制品有限公司顺德分公司新建项目,年8月9日建设项目环境影响报告表受理公告（容桂）_1.pdf,6,V01:6,已复制,文件名精确匹配,E:\华南理工项目\环评文件汇总\02_环评原始资料_受理报告批复评估意见\E环评资料汇总_acceptance_announcements\2024\年8月9日建设项目环境影响报告表受理公告（容桂）_1.pdf,E:\华南理工项目\环评文件汇总\01_GitHub项目与研究文档\eia-openclaw-sync-chen2026\05_QA测试集\人工核查_环评报告出处整理_20260715\环评报告文件\PL145_年8月9日建设项目环境影响报告表受理公告（容桂）_1_1_2024.pdf,6.70,PL145_V01_Q01
PL146,佛山市顺德区全华工艺饰品有限公司新建项目,年8月9日建设项目环境影响报告表受理公告（容桂）_2.pdf,6,V01:6,已复制,文件名精确匹配,E:\华南理工项目\环评文件汇总\02_环评原始资料_受理报告批复评估意见\E环评资料汇总_acceptance_announcements\2024\年8月9日建设项目环境影响报告表受理公告（容桂）_2.pdf,E:\华南理工项目\环评文件汇总\01_GitHub项目与研究文档\eia-openclaw-sync-chen2026\05_QA测试集\人工核查_环评报告出处整理_20260715\环评报告文件\PL146_年8月9日建设项目环境影响报告表受理公告（容桂）_2_1_2024.pdf,6.41,PL146_V01_Q01
PL147,佛山市顺德区大亚湾五金塑料有限公司新建项目,年9月10日建设项目环境影响报告书（表）受理公告（佛山市生态环境局顺德分局）_3.pdf,6,V01:6,已复制,文件名精确匹配,E:\华南理工项目\环评文件汇总\02_环评原始资料_受理报告批复评估意见\E环评资料汇总_acceptance_announcements\2024\年9月10日建设项目环境影响报告书（表）受理公告（佛山市生态环境局顺德分局）_3.pdf,E:\华南理工项目\环评文件汇总\01_GitHub项目与研究文档\eia-openclaw-sync-chen2026\05_QA测试集\人工核查_环评报告出处整理_20260715\环评报告文件\PL147_年9月10日建设项目环境影响报告书（表）受理公告（佛山市生态环境局顺德分局）_3_1_2024.pdf,3.69,PL147_V01_Q01
PL148,佛山市浩创时代包装制品有限公司新建项目,年9月10日建设项目环境影响报告书（表）受理公告（佛山市生态环境局顺德分局）_6.pdf,6,V01:6,已复制,文件名精确匹配,E:\华南理工项目\环评文件汇总\02_环评原始资料_受理报告批复评估意见\E环评资料汇总_acceptance_announcements\2024\年9月10日建设项目环境影响报告书（表）受理公告（佛山市生态环境局顺德分局）_6.pdf,E:\华南理工项目\环评文件汇总\01_GitHub项目与研究文档\eia-openclaw-sync-chen2026\05_QA测试集\人工核查_环评报告出处整理_20260715\环评报告文件\PL148_年9月10日建设项目环境影响报告书（表）受理公告（佛山市生态环境局顺德分局）_6_1_2024.pdf,9.51,PL148_V01_Q01
PL149,佛山江福英智能设备制造有限公司新建项目,年9月10日建设项目环境影响报告受理公告（大良）.pdf,6,V01:6,已复制,文件名精确匹配,E:\华南理工项目\环评文件汇总\02_环评原始资料_受理报告批复评估意见\E环评资料汇总_acceptance_announcements\2024\年9月10日建设项目环境影响报告受理公告（大良）.pdf,E:\华南理工项目\环评文件汇总\01_GitHub项目与研究文档\eia-openclaw-sync-chen2026\05_QA测试集\人工核查_环评报告出处整理_20260715\环评报告文件\PL149_年9月10日建设项目环境影响报告受理公告（大良）_1_2024.pdf,6.23,PL149_V01_Q01
PL151,佛山市顺德区德毅塑料有限公司新建项目,年9月12日建设项目环境影响报告书（表）受理公告（佛山市生态环境局顺德分局）_2.pdf,6,V01:6,已复制,文件名精确匹配,E:\华南理工项目\环评文件汇总\02_环评原始资料_受理报告批复评估意见\E环评资料汇总_acceptance_announcements\2024\年9月12日建设项目环境影响报告书（表）受理公告（佛山市生态环境局顺德分局）_2.pdf,E:\华南理工项目\环评文件汇总\01_GitHub项目与研究文档\eia-openclaw-sync-chen2026\05_QA测试集\人工核查_环评报告出处整理_20260715\环评报告文件\PL151_年9月12日建设项目环境影响报告书（表）受理公告（佛山市生态环境局顺德分局）_2_1_2024.pdf,5.03,PL151_V01_Q01
PL152,佛山市顺德区派信誉塑料有限公司新建项目,年9月12日建设项目环境影响报告书（表）受理公告（佛山市生态环境局顺德分局）_8.pdf,6,V01:6,已复制,文件名精确匹配,E:\华南理工项目\环评文件汇总\02_环评原始资料_受理报告批复评估意见\E环评资料汇总_acceptance_announcements\2024\年9月12日建设项目环境影响报告书（表）受理公告（佛山市生态环境局顺德分局）_8.pdf,E:\华南理工项目\环评文件汇总\01_GitHub项目与研究文档\eia-openclaw-sync-chen2026\05_QA测试集\人工核查_环评报告出处整理_20260715\环评报告文件\PL152_年9月12日建设项目环境影响报告书（表）受理公告（佛山市生态环境局顺德分局）_8_1_2024.pdf,10.43,PL152_V01_Q01
PL153,佛山市诗佳格科技有限公司新建项目,年9月12日建设项目环境影响报告受理公告（大良）_1.pdf,6,V01:6,已复制,文件名精确匹配,E:\华南理工项目\环评文件汇总\02_环评原始资料_受理报告批复评估意见\E环评资料汇总_acceptance_announcements\2024\年9月12日建设项目环境影响报告受理公告（大良）_1.pdf,E:\华南理工项目\环评文件汇总\01_GitHub项目与研究文档\eia-openclaw-sync-chen2026\05_QA测试集\人工核查_环评报告出处整理_20260715\环评报告文件\PL153_年9月12日建设项目环境影响报告受理公告（大良）_1_1_2024.pdf,6.04,PL153_V01_Q01
PL154,佛山市华泷彩科技有限公司新建项目,年9月12日建设项目环境影响报告受理公告（大良）_2.pdf,6,V01:6,已复制,文件名精确匹配,E:\华南理工项目\环评文件汇总\02_环评原始资料_受理报告批复评估意见\E环评资料汇总_acceptance_announcements\2024\年9月12日建设项目环境影响报告受理公告（大良）_2.pdf,E:\华南理工项目\环评文件汇总\01_GitHub项目与研究文档\eia-openclaw-sync-chen2026\05_QA测试集\人工核查_环评报告出处整理_20260715\环评报告文件\PL154_年9月12日建设项目环境影响报告受理公告（大良）_2_1_2024.pdf,5.81,PL154_V01_Q01
PL155,佛山市洲友尚包装材料有限公司新建项目,年9月14日建设项目环境影响报告书（表）受理公告（佛山市生态环境局顺德分局）_5.pdf,6,V01:6,已复制,文件名精确匹配,E:\华南理工项目\环评文件汇总\02_环评原始资料_受理报告批复评估意见\E环评资料汇总_acceptance_announcements\2024\年9月14日建设项目环境影响报告书（表）受理公告（佛山市生态环境局顺德分局）_5.pdf,E:\华南理工项目\环评文件汇总\01_GitHub项目与研究文档\eia-openclaw-sync-chen2026\05_QA测试集\人工核查_环评报告出处整理_20260715\环评报告文件\PL155_年9月14日建设项目环境影响报告书（表）受理公告（佛山市生态环境局顺德分局）_5_1_2024.pdf,7.46,PL155_V01_Q01
PL156,佛山市坤琪玲塑料制品有限公司新建项目,年9月19日建设项目环境影响报告书（表）受理公告（佛山市生态环境局顺德分局）_1.pdf,6,V01:6,已复制,文件名精确匹配,E:\华南理工项目\环评文件汇总\02_环评原始资料_受理报告批复评估意见\E环评资料汇总_acceptance_announcements\2024\年9月19日建设项目环境影响报告书（表）受理公告（佛山市生态环境局顺德分局）_1.pdf,E:\华南理工项目\环评文件汇总\01_GitHub项目与研究文档\eia-openclaw-sync-chen2026\05_QA测试集\人工核查_环评报告出处整理_20260715\环评报告文件\PL156_年9月19日建设项目环境影响报告书（表）受理公告（佛山市生态环境局顺德分局）_1_1_2024.pdf,2.79,PL156_V01_Q01
PL157,佛山市顺德区兴致盛塑料制品有限公司重新报批项目,年9月19日建设项目环境影响报告书（表）受理公告（佛山市生态环境局顺德分局）_4.pdf,6,V01:6,已复制,文件名精确匹配,E:\华南理工项目\环评文件汇总\02_环评原始资料_受理报告批复评估意见\E环评资料汇总_acceptance_announcements\2024\年9月19日建设项目环境影响报告书（表）受理公告（佛山市生态环境局顺德分局）_4.pdf,E:\华南理工项目\环评文件汇总\01_GitHub项目与研究文档\eia-openclaw-sync-chen2026\05_QA测试集\人工核查_环评报告出处整理_20260715\环评报告文件\PL157_年9月19日建设项目环境影响报告书（表）受理公告（佛山市生态环境局顺德分局）_4_1_2024.pdf,6.02,PL157_V01_Q01
PL158,佛山市顺德区壹德包装印刷有限公司迁扩建项目,年9月20日建设项目环境影响报告书（表）受理公告（佛山市生态环境局顺德分局）_3.pdf,6,V01:6,已复制,文件名精确匹配,E:\华南理工项目\环评文件汇总\02_环评原始资料_受理报告批复评估意见\E环评资料汇总_acceptance_announcements\2024\年9月20日建设项目环境影响报告书（表）受理公告（佛山市生态环境局顺德分局）_3.pdf,E:\华南理工项目\环评文件汇总\01_GitHub项目与研究文档\eia-openclaw-sync-chen2026\05_QA测试集\人工核查_环评报告出处整理_20260715\环评报告文件\PL158_年9月20日建设项目环境影响报告书（表）受理公告（佛山市生态环境局顺德分局）_3_1_2024.pdf,11.03,PL158_V01_Q01
PL159,广东东梓数码新材料有限公司建设项目,年9月25日建设项目环境影响报告书（表）受理公告（佛山市生态环境局顺德分局）.pdf,6,V01:6,已复制,文件名精确匹配,E:\华南理工项目\环评文件汇总\02_环评原始资料_受理报告批复评估意见\E环评资料汇总_acceptance_announcements\2024\年9月25日建设项目环境影响报告书（表）受理公告（佛山市生态环境局顺德分局）.pdf,E:\华南理工项目\环评文件汇总\01_GitHub项目与研究文档\eia-openclaw-sync-chen2026\05_QA测试集\人工核查_环评报告出处整理_20260715\环评报告文件\PL159_年9月25日建设项目环境影响报告书（表）受理公告（佛山市生态环境局顺德分局）_1_2024.pdf,4.47,PL159_V01_Q01
PL160,佛山市顺德区德盈誉智能制造有限公司新建项目,年9月25日建设项目环境影响报告受理公告（大良）_1.pdf,6,V01:6,已复制,文件名精确匹配,E:\华南理工项目\环评文件汇总\02_环评原始资料_受理报告批复评估意见\E环评资料汇总_acceptance_announcements\2023\年9月25日建设项目环境影响报告受理公告（大良）_1.pdf,E:\华南理工项目\环评文件汇总\01_GitHub项目与研究文档\eia-openclaw-sync-chen2026\05_QA测试集\人工核查_环评报告出处整理_20260715\环评报告文件\PL160_年9月25日建设项目环境影响报告受理公告（大良）_1_1_2023.pdf,6.56,PL160_V01_Q01
PL161,佛山市顺德区菱昌精密塑料五金实业有限公司新建项目,年9月25日建设项目环境影响报告受理公告（大良）_2.pdf,6,V01:6,已复制,文件名精确匹配,E:\华南理工项目\环评文件汇总\02_环评原始资料_受理报告批复评估意见\E环评资料汇总_acceptance_announcements\2024\年9月25日建设项目环境影响报告受理公告（大良）_2.pdf,E:\华南理工项目\环评文件汇总\01_GitHub项目与研究文档\eia-openclaw-sync-chen2026\05_QA测试集\人工核查_环评报告出处整理_20260715\环评报告文件\PL161_年9月25日建设项目环境影响报告受理公告（大良）_2_1_2024.pdf,15.81,PL161_V01_Q01
PL162,广东创卓电器有限公司迁扩建项目,年9月3日建设项目环境影响报告书（表）受理公告（佛山市生态环境局顺德分局）_1.pdf,6,V01:6,已复制,文件名精确匹配,E:\华南理工项目\环评文件汇总\02_环评原始资料_受理报告批复评估意见\E环评资料汇总_acceptance_announcements\2024\年9月3日建设项目环境影响报告书（表）受理公告（佛山市生态环境局顺德分局）_1.pdf,E:\华南理工项目\环评文件汇总\01_GitHub项目与研究文档\eia-openclaw-sync-chen2026\05_QA测试集\人工核查_环评报告出处整理_20260715\环评报告文件\PL162_年9月3日建设项目环境影响报告书（表）受理公告（佛山市生态环境局顺德分局）_1_1_2024.pdf,13.19,PL162_V01_Q01
PL164,佛山市顺德区建德包装实业有限公司搬迁扩建项目,年9月4日建设项目环境影响报告书（表）受理公告（佛山市生态环境局顺德分局）_1.pdf,6,V01:6,已复制,文件名精确匹配,E:\华南理工项目\环评文件汇总\02_环评原始资料_受理报告批复评估意见\E环评资料汇总_acceptance_announcements\2024\年9月4日建设项目环境影响报告书（表）受理公告（佛山市生态环境局顺德分局）_1.pdf,E:\华南理工项目\环评文件汇总\01_GitHub项目与研究文档\eia-openclaw-sync-chen2026\05_QA测试集\人工核查_环评报告出处整理_20260715\环评报告文件\PL164_年9月4日建设项目环境影响报告书（表）受理公告（佛山市生态环境局顺德分局）_1_1_2024.pdf,11.20,PL164_V01_Q01
PL165,浙江宏昌电器科技股份有限公司佛山分公司新建项目,年9月4日建设项目环境影响报告书（表）受理公告（佛山市生态环境局顺德分局）_2.pdf,6,V01:6,已复制,文件名精确匹配,E:\华南理工项目\环评文件汇总\02_环评原始资料_受理报告批复评估意见\E环评资料汇总_acceptance_announcements\2024\年9月4日建设项目环境影响报告书（表）受理公告（佛山市生态环境局顺德分局）_2.pdf,E:\华南理工项目\环评文件汇总\01_GitHub项目与研究文档\eia-openclaw-sync-chen2026\05_QA测试集\人工核查_环评报告出处整理_20260715\环评报告文件\PL165_年9月4日建设项目环境影响报告书（表）受理公告（佛山市生态环境局顺德分局）_2_1_2024.pdf,7.04,PL165_V01_Q01
PL166,佛山市智枞电器制造有限公司扩建项目,年9月4日建设项目环境影响报告书（表）受理公告（佛山市生态环境局顺德分局）_4.pdf,6,V01:6,已复制,文件名精确匹配,E:\华南理工项目\环评文件汇总\02_环评原始资料_受理报告批复评估意见\E环评资料汇总_acceptance_announcements\2024\年9月4日建设项目环境影响报告书（表）受理公告（佛山市生态环境局顺德分局）_4.pdf,E:\华南理工项目\环评文件汇总\01_GitHub项目与研究文档\eia-openclaw-sync-chen2026\05_QA测试集\人工核查_环评报告出处整理_20260715\环评报告文件\PL166_年9月4日建设项目环境影响报告书（表）受理公告（佛山市生态环境局顺德分局）_4_1_2024.pdf,9.10,PL166_V01_Q01
PL167,广东图特精密五金科技股份有限公司智能制造基地建设项目重新报,年9月6日建设项目环境影响报告书（表）受理公告（佛山市生态环境局顺德分局）_2.pdf,6,V01:6,已复制,文件名精确匹配,E:\华南理工项目\环评文件汇总\02_环评原始资料_受理报告批复评估意见\E环评资料汇总_acceptance_announcements\2024\年9月6日建设项目环境影响报告书（表）受理公告（佛山市生态环境局顺德分局）_2.pdf,E:\华南理工项目\环评文件汇总\01_GitHub项目与研究文档\eia-openclaw-sync-chen2026\05_QA测试集\人工核查_环评报告出处整理_20260715\环评报告文件\PL167_年9月6日建设项目环境影响报告书（表）受理公告（佛山市生态环境局顺德分局）_2_1_2024.pdf,5.02,PL167_V01_Q01
b569edda-ed64-4887-91ee-78a14091cf80,佛山气盾新材料有限公司新建项目,佛山气盾新材料有限公司新建项目完整样本链（公示版-报批稿-修改/评估意见-批复）,2,sample_chain_enrichment_v1:2,已复制,项目名称匹配,E:\华南理工项目\环评文件汇总\03_样本链_按项目整理\样本链_C292近三年精选_20260706\C2921_佛山气盾新材料有限公司新建项目\02_报批稿或终稿\02_报批稿或终稿_202506261030888310终稿-佛山气盾新材料有限公司新建项目.docx | E:\华南理工项目\环评文件汇总\03_样本链_按项目整理\样本链_C292近三年精选_20260706\C2921_佛山气盾新材料有限公司新建项目\01_受理公告或公示版\01_受理公告或公示版_20250701912529682终稿-佛山气盾新材料有限公司新建项目.pdf | E:\华南理工项目\环评文件汇总\03_样本链_按项目整理\样本链_C292近三年精选_20260706\C2921_佛山气盾新材料有限公司新建项目\04_批复\04_批复_b569edda-ed64-4887-91ee-78a14091cf80佛环03环审〔2025〕146号佛山市生态环境局关于佛山气盾新材料有限公司新建项目建设项目环境影响报告表的批复.pdf,E:\华南理工项目\环评文件汇总\01_GitHub项目与研究文档\eia-openclaw-sync-chen2026\05_QA测试集\人工核查_环评报告出处整理_20260715\环评报告文件\b569edda-ed64-4887-91ee-78a14091cf80_评估意见-批复）_1_02_报批稿或终稿.docx | E:\华南理工项目\环评文件汇总\01_GitHub项目与研究文档\eia-openclaw-sync-chen2026\05_QA测试集\人工核查_环评报告出处整理_20260715\环评报告文件\b569edda-ed64-4887-91ee-78a14091cf80_评估意见-批复）_2_01_受理公告或公示版.pdf | E:\华南理工项目\环评文件汇总\01_GitHub项目与研究文档\eia-openclaw-sync-chen2026\05_QA测试集\人工核查_环评报告出处整理_20260715\环评报告文件\b569edda-ed64-4887-91ee-78a14091cf80_评估意见-批复）_3_04_批复.pdf,32.95,SC_QD_001
c55e8e40-0234-4f15-b60c-f1532b9edef4,佛山市祖帮海绵有限公司新建项目,佛山市祖帮海绵有限公司新建项目完整样本链（公示版-报批稿-专家评审意见-批复）,6,sample_chain_expert_issue_v1:6,已复制,项目名称匹配,E:\华南理工项目\环评文件汇总\03_样本链_按项目整理\样本链_C292近三年精选_20260706\C2924_佛山市祖帮海绵有限公司新建项目\02_报批稿或终稿\02_报批稿或终稿_20241008854491079佛山市祖帮海绵有限公司新建项目（环评初稿）(1).docx | E:\华南理工项目\环评文件汇总\03_样本链_按项目整理\样本链_C292近三年精选_20260706\C2924_佛山市祖帮海绵有限公司新建项目\01_受理公告或公示版\01_受理公告或公示版_20241008855112259佛山市祖帮海绵有限公司新建项目公示版.pdf | E:\华南理工项目\环评文件汇总\03_样本链_按项目整理\样本链_C292近三年精选_20260706\C2924_佛山市祖帮海绵有限公司新建项目\04_批复\04_批复_c55e8e40-0234-4f15-b60c-f1532b9edef4佛环03环审〔2024〕421号佛山市生态环境局关于佛山市祖帮海绵有限公司新建项目建设项目环境影响报告表的批复.pdf,E:\华南理工项目\环评文件汇总\01_GitHub项目与研究文档\eia-openclaw-sync-chen2026\05_QA测试集\人工核查_环评报告出处整理_20260715\环评报告文件\c55e8e40-0234-4f15-b60c-f1532b9edef4_佛山市祖帮海绵有限公司新建项目完整样本链（公示版-报批稿-专家评审意见-批复）_1_02_报批稿或终稿.docx | E:\华南理工项目\环评文件汇总\01_GitHub项目与研究文档\eia-openclaw-sync-chen2026\05_QA测试集\人工核查_环评报告出处整理_20260715\环评报告文件\c55e8e40-0234-4f15-b60c-f1532b9edef4_佛山市祖帮海绵有限公司新建项目完整样本链（公示版-报批稿-专家评审意见-批复）_2_01_受理公告或公示版.pdf | E:\华南理工项目\环评文件汇总\01_GitHub项目与研究文档\eia-openclaw-sync-chen2026\05_QA测试集\人工核查_环评报告出处整理_20260715\环评报告文件\c55e8e40-0234-4f15-b60c-f1532b9edef4_佛山市祖帮海绵有限公司新建项目完整样本链（公示版-报批稿-专家评审意见-批复）_3_04_批复.pdf,80.32,SC_ZBHM_001
c55e8e40-0234-4f15-b60c-f1532b9edef4,佛山市祖帮海绵有限公司新建项目,佛山市祖帮海绵有限公司新建项目完整样本链（公示版-报批稿-修改/评估意见-批复）,2,sample_chain_enrichment_v1:2,已复制,项目名称匹配,E:\华南理工项目\环评文件汇总\03_样本链_按项目整理\样本链_C292近三年精选_20260706\C2924_佛山市祖帮海绵有限公司新建项目\02_报批稿或终稿\02_报批稿或终稿_20241008854491079佛山市祖帮海绵有限公司新建项目（环评初稿）(1).docx | E:\华南理工项目\环评文件汇总\03_样本链_按项目整理\样本链_C292近三年精选_20260706\C2924_佛山市祖帮海绵有限公司新建项目\01_受理公告或公示版\01_受理公告或公示版_20241008855112259佛山市祖帮海绵有限公司新建项目公示版.pdf | E:\华南理工项目\环评文件汇总\03_样本链_按项目整理\样本链_C292近三年精选_20260706\C2924_佛山市祖帮海绵有限公司新建项目\04_批复\04_批复_c55e8e40-0234-4f15-b60c-f1532b9edef4佛环03环审〔2024〕421号佛山市生态环境局关于佛山市祖帮海绵有限公司新建项目建设项目环境影响报告表的批复.pdf,E:\华南理工项目\环评文件汇总\01_GitHub项目与研究文档\eia-openclaw-sync-chen2026\05_QA测试集\人工核查_环评报告出处整理_20260715\环评报告文件\c55e8e40-0234-4f15-b60c-f1532b9edef4_评估意见-批复）_1_02_报批稿或终稿.docx | E:\华南理工项目\环评文件汇总\01_GitHub项目与研究文档\eia-openclaw-sync-chen2026\05_QA测试集\人工核查_环评报告出处整理_20260715\环评报告文件\c55e8e40-0234-4f15-b60c-f1532b9edef4_评估意见-批复）_2_01_受理公告或公示版.pdf | E:\华南理工项目\环评文件汇总\01_GitHub项目与研究文档\eia-openclaw-sync-chen2026\05_QA测试集\人工核查_环评报告出处整理_20260715\环评报告文件\c55e8e40-0234-4f15-b60c-f1532b9edef4_评估意见-批复）_3_04_批复.pdf,80.32,SC_ZBHM_007
e42f2b4a-fb5b-4f51-954b-80c68a5caf21,和默化学（佛山）有限公司新建项目,和默化学（佛山）有限公司新建项目完整样本链（公示版-报批稿-专家评审意见-批复）,8,sample_chain_expert_issue_v1:8,已复制,项目名称匹配,E:\华南理工项目\环评文件汇总\03_样本链_按项目整理\样本链_C292近三年精选_20260706\C2922_和默化学（佛山）有限公司新建项目\02_报批稿或终稿\02_报批稿或终稿_202407301832588342和默化学（佛山）有限公司新建项目.docx | E:\华南理工项目\环评文件汇总\03_样本链_按项目整理\样本链_C292近三年精选_20260706\C2922_和默化学（佛山）有限公司新建项目\01_受理公告或公示版\01_受理公告或公示版_2024073018341854910和默化学（佛山）有限公司新建项目.pdf | E:\华南理工项目\环评文件汇总\03_样本链_按项目整理\样本链_C292近三年精选_20260706\C2922_和默化学（佛山）有限公司新建项目\04_批复\04_批复_e42f2b4a-fb5b-4f51-954b-80c68a5caf21佛环03环审〔2024〕198号佛山市生态环境局关于和默化学（佛山）有限公司新建项目建设项目环境影响报告表的批复.pdf,E:\华南理工项目\环评文件汇总\01_GitHub项目与研究文档\eia-openclaw-sync-chen2026\05_QA测试集\人工核查_环评报告出处整理_20260715\环评报告文件\e42f2b4a-fb5b-4f51-954b-80c68a5caf21_和默化学（佛山）有限公司新建项目完整样本链（公示版-报批稿-专家评审意见-批复）_1_02_报批稿或终稿.docx | E:\华南理工项目\环评文件汇总\01_GitHub项目与研究文档\eia-openclaw-sync-chen2026\05_QA测试集\人工核查_环评报告出处整理_20260715\环评报告文件\e42f2b4a-fb5b-4f51-954b-80c68a5caf21_和默化学（佛山）有限公司新建项目完整样本链（公示版-报批稿-专家评审意见-批复）_2_01_受理公告或公示版.pdf | E:\华南理工项目\环评文件汇总\01_GitHub项目与研究文档\eia-openclaw-sync-chen2026\05_QA测试集\人工核查_环评报告出处整理_20260715\环评报告文件\e42f2b4a-fb5b-4f51-954b-80c68a5caf21_和默化学（佛山）有限公司新建项目完整样本链（公示版-报批稿-专家评审意见-批复）_3_04_批复.pdf,35.99,SC_HMHX_001
e42f2b4a-fb5b-4f51-954b-80c68a5caf21,和默化学（佛山）有限公司新建项目,和默化学（佛山）有限公司新建项目完整样本链（公示版-报批稿-修改/评估意见-批复）,3,sample_chain_enrichment_v1:3,已复制,项目名称匹配,E:\华南理工项目\环评文件汇总\03_样本链_按项目整理\样本链_C292近三年精选_20260706\C2922_和默化学（佛山）有限公司新建项目\02_报批稿或终稿\02_报批稿或终稿_202407301832588342和默化学（佛山）有限公司新建项目.docx | E:\华南理工项目\环评文件汇总\03_样本链_按项目整理\样本链_C292近三年精选_20260706\C2922_和默化学（佛山）有限公司新建项目\01_受理公告或公示版\01_受理公告或公示版_2024073018341854910和默化学（佛山）有限公司新建项目.pdf | E:\华南理工项目\环评文件汇总\03_样本链_按项目整理\样本链_C292近三年精选_20260706\C2922_和默化学（佛山）有限公司新建项目\04_批复\04_批复_e42f2b4a-fb5b-4f51-954b-80c68a5caf21佛环03环审〔2024〕198号佛山市生态环境局关于和默化学（佛山）有限公司新建项目建设项目环境影响报告表的批复.pdf,E:\华南理工项目\环评文件汇总\01_GitHub项目与研究文档\eia-openclaw-sync-chen2026\05_QA测试集\人工核查_环评报告出处整理_20260715\环评报告文件\e42f2b4a-fb5b-4f51-954b-80c68a5caf21_评估意见-批复）_1_02_报批稿或终稿.docx | E:\华南理工项目\环评文件汇总\01_GitHub项目与研究文档\eia-openclaw-sync-chen2026\05_QA测试集\人工核查_环评报告出处整理_20260715\环评报告文件\e42f2b4a-fb5b-4f51-954b-80c68a5caf21_评估意见-批复）_2_01_受理公告或公示版.pdf | E:\华南理工项目\环评文件汇总\01_GitHub项目与研究文档\eia-openclaw-sync-chen2026\05_QA测试集\人工核查_环评报告出处整理_20260715\环评报告文件\e42f2b4a-fb5b-4f51-954b-80c68a5caf21_评估意见-批复）_3_04_批复.pdf,35.99,SC_HMHX2_001
f12b0759-6b76-4154-a630-c7366ced8eac,佛山市全海世家新材料科技有限公司新建项目,佛山市全海世家新材料科技有限公司完整样本链（公示版-报批稿-专家评审意见-批复）,7,sample_chain_expert_issue_v1:7,已复制,项目名称匹配,E:\华南理工项目\环评文件汇总\01_GitHub项目与研究文档\eia-openclaw-sync-chen2026\05_样本链（按项目组织）\C2929_佛山市全海世家新材料科技有限公司新建项目_完整样本链_20260706\02_报批稿或终稿\02_报批稿或终稿.docx | E:\华南理工项目\环评文件汇总\03_样本链_按项目整理\样本链_C292近三年精选_20260706\C2929_佛山市全海世家新材料科技有限公司新建项目\01_受理公告或公示版\01_受理公告或公示版_20240919172122899佛山市全海世家新材料科技有限公司240910-全本.pdf | E:\华南理工项目\环评文件汇总\03_样本链_按项目整理\样本链_C292近三年精选_20260706\C2929_佛山市全海世家新材料科技有限公司新建项目\04_批复\04_批复_f12b0759-6b76-4154-a630-c7366ced8eac佛环03环审〔2024〕264号佛山市生态环境局关于佛山市全海世家新材料科技有限公司新建项目建设项目环境影响报告表的批复.pdf,E:\华南理工项目\环评文件汇总\01_GitHub项目与研究文档\eia-openclaw-sync-chen2026\05_QA测试集\人工核查_环评报告出处整理_20260715\环评报告文件\f12b0759-6b76-4154-a630-c7366ced8eac_佛山市全海世家新材料科技有限公司完整样本链（公示版-报批稿-专家评审意见-批复）_1_02_报批稿或终稿.docx | E:\华南理工项目\环评文件汇总\01_GitHub项目与研究文档\eia-openclaw-sync-chen2026\05_QA测试集\人工核查_环评报告出处整理_20260715\环评报告文件\f12b0759-6b76-4154-a630-c7366ced8eac_佛山市全海世家新材料科技有限公司完整样本链（公示版-报批稿-专家评审意见-批复）_2_01_受理公告或公示版.pdf | E:\华南理工项目\环评文件汇总\01_GitHub项目与研究文档\eia-openclaw-sync-chen2026\05_QA测试集\人工核查_环评报告出处整理_20260715\环评报告文件\f12b0759-6b76-4154-a630-c7366ced8eac_佛山市全海世家新材料科技有限公司完整样本链（公示版-报批稿-专家评审意见-批复）_3_04_批复.pdf,34.17,SC_QHSJ_001
f12b0759-6b76-4154-a630-c7366ced8eac,佛山市全海世家新材料科技有限公司新建项目,佛山市全海世家新材料科技有限公司新建项目完整样本链（公示版-报批稿-修改/评估意见-批复）,1,sample_chain_enrichment_v1:1,已复制,项目名称匹配,E:\华南理工项目\环评文件汇总\01_GitHub项目与研究文档\eia-openclaw-sync-chen2026\05_样本链（按项目组织）\C2929_佛山市全海世家新材料科技有限公司新建项目_完整样本链_20260706\02_报批稿或终稿\02_报批稿或终稿.docx | E:\华南理工项目\环评文件汇总\03_样本链_按项目整理\样本链_C292近三年精选_20260706\C2929_佛山市全海世家新材料科技有限公司新建项目\01_受理公告或公示版\01_受理公告或公示版_20240919172122899佛山市全海世家新材料科技有限公司240910-全本.pdf | E:\华南理工项目\环评文件汇总\03_样本链_按项目整理\样本链_C292近三年精选_20260706\C2929_佛山市全海世家新材料科技有限公司新建项目\04_批复\04_批复_f12b0759-6b76-4154-a630-c7366ced8eac佛环03环审〔2024〕264号佛山市生态环境局关于佛山市全海世家新材料科技有限公司新建项目建设项目环境影响报告表的批复.pdf,E:\华南理工项目\环评文件汇总\01_GitHub项目与研究文档\eia-openclaw-sync-chen2026\05_QA测试集\人工核查_环评报告出处整理_20260715\环评报告文件\f12b0759-6b76-4154-a630-c7366ced8eac_评估意见-批复）_1_02_报批稿或终稿.docx | E:\华南理工项目\环评文件汇总\01_GitHub项目与研究文档\eia-openclaw-sync-chen2026\05_QA测试集\人工核查_环评报告出处整理_20260715\环评报告文件\f12b0759-6b76-4154-a630-c7366ced8eac_评估意见-批复）_2_01_受理公告或公示版.pdf | E:\华南理工项目\环评文件汇总\01_GitHub项目与研究文档\eia-openclaw-sync-chen2026\05_QA测试集\人工核查_环评报告出处整理_20260715\环评报告文件\f12b0759-6b76-4154-a630-c7366ced8eac_评估意见-批复）_3_04_批复.pdf,34.17,SC_QHSJ2_001
f97458a0-0e46-4d24-af34-971545ac7550,佛山志兴盈包装有限公司新建项目,佛山志兴盈包装有限公司新建项目完整样本链（公示版-报批稿-专家评审意见-批复）,8,sample_chain_expert_issue_v1:8,已复制,项目名称匹配,E:\华南理工项目\环评文件汇总\03_样本链_按项目整理\样本链_C292近三年精选_20260706\C2923_佛山志兴盈包装有限公司新建项目\02_报批稿或终稿\02_报批稿或终稿_202410121729208032佛山志兴盈包装有限公司新建项目（终稿）.docx | E:\华南理工项目\环评文件汇总\03_样本链_按项目整理\样本链_C292近三年精选_20260706\C2923_佛山志兴盈包装有限公司新建项目\01_受理公告或公示版\01_受理公告或公示版_202410121729543494佛山志兴盈包装有限公司新建项目（终稿）.pdf | E:\华南理工项目\环评文件汇总\03_样本链_按项目整理\样本链_C292近三年精选_20260706\C2923_佛山志兴盈包装有限公司新建项目\04_批复\04_批复_f97458a0-0e46-4d24-af34-971545ac7550佛环03环审〔2024〕279号佛山市生态环境局关于佛山志兴盈包装有限公司新建项目建设项目环境影响报告表的批复.pdf,E:\华南理工项目\环评文件汇总\01_GitHub项目与研究文档\eia-openclaw-sync-chen2026\05_QA测试集\人工核查_环评报告出处整理_20260715\环评报告文件\f97458a0-0e46-4d24-af34-971545ac7550_佛山志兴盈包装有限公司新建项目完整样本链（公示版-报批稿-专家评审意见-批复）_1_02_报批稿或终稿.docx | E:\华南理工项目\环评文件汇总\01_GitHub项目与研究文档\eia-openclaw-sync-chen2026\05_QA测试集\人工核查_环评报告出处整理_20260715\环评报告文件\f97458a0-0e46-4d24-af34-971545ac7550_佛山志兴盈包装有限公司新建项目完整样本链（公示版-报批稿-专家评审意见-批复）_2_01_受理公告或公示版.pdf | E:\华南理工项目\环评文件汇总\01_GitHub项目与研究文档\eia-openclaw-sync-chen2026\05_QA测试集\人工核查_环评报告出处整理_20260715\环评报告文件\f97458a0-0e46-4d24-af34-971545ac7550_佛山志兴盈包装有限公司新建项目完整样本链（公示版-报批稿-专家评审意见-批复）_3_04_批复.pdf,35.02,SC_ZXYP_001
f97458a0-0e46-4d24-af34-971545ac7550,佛山志兴盈包装有限公司新建项目,佛山志兴盈包装有限公司新建项目完整样本链（公示版-报批稿-修改/评估意见-批复）,3,sample_chain_enrichment_v1:3,已复制,项目名称匹配,E:\华南理工项目\环评文件汇总\03_样本链_按项目整理\样本链_C292近三年精选_20260706\C2923_佛山志兴盈包装有限公司新建项目\02_报批稿或终稿\02_报批稿或终稿_202410121729208032佛山志兴盈包装有限公司新建项目（终稿）.docx | E:\华南理工项目\环评文件汇总\03_样本链_按项目整理\样本链_C292近三年精选_20260706\C2923_佛山志兴盈包装有限公司新建项目\01_受理公告或公示版\01_受理公告或公示版_202410121729543494佛山志兴盈包装有限公司新建项目（终稿）.pdf | E:\华南理工项目\环评文件汇总\03_样本链_按项目整理\样本链_C292近三年精选_20260706\C2923_佛山志兴盈包装有限公司新建项目\04_批复\04_批复_f97458a0-0e46-4d24-af34-971545ac7550佛环03环审〔2024〕279号佛山市生态环境局关于佛山志兴盈包装有限公司新建项目建设项目环境影响报告表的批复.pdf,E:\华南理工项目\环评文件汇总\01_GitHub项目与研究文档\eia-openclaw-sync-chen2026\05_QA测试集\人工核查_环评报告出处整理_20260715\环评报告文件\f97458a0-0e46-4d24-af34-971545ac7550_评估意见-批复）_1_02_报批稿或终稿.docx | E:\华南理工项目\环评文件汇总\01_GitHub项目与研究文档\eia-openclaw-sync-chen2026\05_QA测试集\人工核查_环评报告出处整理_20260715\环评报告文件\f97458a0-0e46-4d24-af34-971545ac7550_评估意见-批复）_2_01_受理公告或公示版.pdf | E:\华南理工项目\环评文件汇总\01_GitHub项目与研究文档\eia-openclaw-sync-chen2026\05_QA测试集\人工核查_环评报告出处整理_20260715\环评报告文件\f97458a0-0e46-4d24-af34-971545ac7550_评估意见-批复）_3_04_批复.pdf,35.02,SC_ZXYP_009
