阅读顺序,阶段顺序,canonical_project_id,project_name,report_name,first_question_id,excel_first_row,题目数量,材料类型,原文件路径,有序文件名,有序文件路径
154,01,045f2f33-fd28-4157-b742-e0e43694bb05,佛山辰僖塑料有限公司新建项目,佛山辰僖塑料有限公司新建项目完整样本链（公示版-报批稿-专家评审意见-批复）,SC_CXSL_001,951,12,报批稿或报告表,E:\华南理工项目\环评文件汇总\01_GitHub项目与研究文档\eia-openclaw-sync-chen2026\05_QA测试集\人工核查_环评报告出处整理_20260715\环评报告文件\045f2f33-fd28-4157-b742-e0e43694bb05_佛山辰僖塑料有限公司新建项目完整样本链（公示版-报批稿-专家评审意见-批复）_1_02_报批稿或终稿.docx,154_佛山辰僖塑料有限公司新建项目_01_报批稿或报告表.docx,E:\华南理工项目\环评文件汇总\01_GitHub项目与研究文档\eia-openclaw-sync-chen2026\05_QA测试集\人工核查_环评报告出处整理_20260715\环评报告文件_按问答顺序\154_佛山辰僖塑料有限公司新建项目_01_报批稿或报告表.docx
154,02,045f2f33-fd28-4157-b742-e0e43694bb05,佛山辰僖塑料有限公司新建项目,佛山辰僖塑料有限公司新建项目完整样本链（公示版-报批稿-专家评审意见-批复）,SC_CXSL_001,951,12,报批稿或报告表,E:\华南理工项目\环评文件汇总\01_GitHub项目与研究文档\eia-openclaw-sync-chen2026\05_QA测试集\人工核查_环评报告出处整理_20260715\环评报告文件\045f2f33-fd28-4157-b742-e0e43694bb05_佛山辰僖塑料有限公司新建项目完整样本链（公示版-报批稿-专家评审意见-批复）_2_01_受理公告或公示版.pdf,154_佛山辰僖塑料有限公司新建项目_02_报批稿或报告表.pdf,E:\华南理工项目\环评文件汇总\01_GitHub项目与研究文档\eia-openclaw-sync-chen2026\05_QA测试集\人工核查_环评报告出处整理_20260715\环评报告文件_按问答顺序\154_佛山辰僖塑料有限公司新建项目_02_报批稿或报告表.pdf
154,03,045f2f33-fd28-4157-b742-e0e43694bb05,佛山辰僖塑料有限公司新建项目,佛山辰僖塑料有限公司新建项目完整样本链（公示版-报批稿-专家评审意见-批复）,SC_CXSL_001,951,12,报批稿或报告表,E:\华南理工项目\环评文件汇总\01_GitHub项目与研究文档\eia-openclaw-sync-chen2026\05_QA测试集\人工核查_环评报告出处整理_20260715\环评报告文件\045f2f33-fd28-4157-b742-e0e43694bb05_佛山辰僖塑料有限公司新建项目完整样本链（公示版-报批稿-专家评审意见-批复）_3_03_修改意见或评估意见.docx,154_佛山辰僖塑料有限公司新建项目_03_报批稿或报告表.docx,E:\华南理工项目\环评文件汇总\01_GitHub项目与研究文档\eia-openclaw-sync-chen2026\05_QA测试集\人工核查_环评报告出处整理_20260715\环评报告文件_按问答顺序\154_佛山辰僖塑料有限公司新建项目_03_报批稿或报告表.docx
154,04,045f2f33-fd28-4157-b742-e0e43694bb05,佛山辰僖塑料有限公司新建项目,佛山辰僖塑料有限公司新建项目完整样本链（公示版-报批稿-专家评审意见-批复）,SC_CXSL_001,951,12,报批稿或报告表,E:\华南理工项目\环评文件汇总\01_GitHub项目与研究文档\eia-openclaw-sync-chen2026\05_QA测试集\人工核查_环评报告出处整理_20260715\环评报告文件\045f2f33-fd28-4157-b742-e0e43694bb05_佛山辰僖塑料有限公司新建项目完整样本链（公示版-报批稿-专家评审意见-批复）_4_04_批复.pdf,154_佛山辰僖塑料有限公司新建项目_04_报批稿或报告表.pdf,E:\华南理工项目\环评文件汇总\01_GitHub项目与研究文档\eia-openclaw-sync-chen2026\05_QA测试集\人工核查_环评报告出处整理_20260715\环评报告文件_按问答顺序\154_佛山辰僖塑料有限公司新建项目_04_报批稿或报告表.pdf
171,01,045f2f33-fd28-4157-b742-e0e43694bb05,佛山辰僖塑料有限公司新建项目,佛山辰僖塑料有限公司新建项目完整样本链（公示版-报批稿-修改/评估意见-批复）,SC_CXSL2_001,1036,1,报批稿或报告表,E:\华南理工项目\环评文件汇总\01_GitHub项目与研究文档\eia-openclaw-sync-chen2026\05_QA测试集\人工核查_环评报告出处整理_20260715\环评报告文件\045f2f33-fd28-4157-b742-e0e43694bb05_评估意见-批复）_1_02_报批稿或终稿.docx,171_佛山辰僖塑料有限公司新建项目_01_报批稿或报告表.docx,E:\华南理工项目\环评文件汇总\01_GitHub项目与研究文档\eia-openclaw-sync-chen2026\05_QA测试集\人工核查_环评报告出处整理_20260715\环评报告文件_按问答顺序\171_佛山辰僖塑料有限公司新建项目_01_报批稿或报告表.docx
171,02,045f2f33-fd28-4157-b742-e0e43694bb05,佛山辰僖塑料有限公司新建项目,佛山辰僖塑料有限公司新建项目完整样本链（公示版-报批稿-修改/评估意见-批复）,SC_CXSL2_001,1036,1,受理公告或公示版,E:\华南理工项目\环评文件汇总\01_GitHub项目与研究文档\eia-openclaw-sync-chen2026\05_QA测试集\人工核查_环评报告出处整理_20260715\环评报告文件\045f2f33-fd28-4157-b742-e0e43694bb05_评估意见-批复）_2_01_受理公告或公示版.pdf,171_佛山辰僖塑料有限公司新建项目_02_受理公告或公示版.pdf,E:\华南理工项目\环评文件汇总\01_GitHub项目与研究文档\eia-openclaw-sync-chen2026\05_QA测试集\人工核查_环评报告出处整理_20260715\环评报告文件_按问答顺序\171_佛山辰僖塑料有限公司新建项目_02_受理公告或公示版.pdf
171,03,045f2f33-fd28-4157-b742-e0e43694bb05,佛山辰僖塑料有限公司新建项目,佛山辰僖塑料有限公司新建项目完整样本链（公示版-报批稿-修改/评估意见-批复）,SC_CXSL2_001,1036,1,修改评估意见,E:\华南理工项目\环评文件汇总\01_GitHub项目与研究文档\eia-openclaw-sync-chen2026\05_QA测试集\人工核查_环评报告出处整理_20260715\环评报告文件\045f2f33-fd28-4157-b742-e0e43694bb05_评估意见-批复）_3_03_修改意见或评估意见.docx,171_佛山辰僖塑料有限公司新建项目_03_修改评估意见.docx,E:\华南理工项目\环评文件汇总\01_GitHub项目与研究文档\eia-openclaw-sync-chen2026\05_QA测试集\人工核查_环评报告出处整理_20260715\环评报告文件_按问答顺序\171_佛山辰僖塑料有限公司新建项目_03_修改评估意见.docx
171,04,045f2f33-fd28-4157-b742-e0e43694bb05,佛山辰僖塑料有限公司新建项目,佛山辰僖塑料有限公司新建项目完整样本链（公示版-报批稿-修改/评估意见-批复）,SC_CXSL2_001,1036,1,修改评估意见,E:\华南理工项目\环评文件汇总\01_GitHub项目与研究文档\eia-openclaw-sync-chen2026\05_QA测试集\人工核查_环评报告出处整理_20260715\环评报告文件\045f2f33-fd28-4157-b742-e0e43694bb05_评估意见-批复）_4_04_批复.pdf,171_佛山辰僖塑料有限公司新建项目_04_修改评估意见.pdf,E:\华南理工项目\环评文件汇总\01_GitHub项目与研究文档\eia-openclaw-sync-chen2026\05_QA测试集\人工核查_环评报告出处整理_20260715\环评报告文件_按问答顺序\171_佛山辰僖塑料有限公司新建项目_04_修改评估意见.pdf
159,01,4e63f982-5f40-44e2-844a-faed9de9a059,佛山市顺德区智成塑包装有限公司新建项目,佛山市顺德区智成塑包装有限公司新建项目完整样本链（公示版-报批稿-专家评审意见-批复）,SC_ZCSB_001,997,6,报批稿或报告表,E:\华南理工项目\环评文件汇总\01_GitHub项目与研究文档\eia-openclaw-sync-chen2026\05_QA测试集\人工核查_环评报告出处整理_20260715\环评报告文件\4e63f982-5f40-44e2-844a-faed9de9a059_佛山市顺德区智成塑包装有限公司新建项目完整样本链（公示版-报批稿-专家评审意见-批复）_1_02_报批稿或终稿.docx,159_佛山市顺德区智成塑包装有限公司新建项目_01_报批稿或报告表.docx,E:\华南理工项目\环评文件汇总\01_GitHub项目与研究文档\eia-openclaw-sync-chen2026\05_QA测试集\人工核查_环评报告出处整理_20260715\环评报告文件_按问答顺序\159_佛山市顺德区智成塑包装有限公司新建项目_01_报批稿或报告表.docx
159,02,4e63f982-5f40-44e2-844a-faed9de9a059,佛山市顺德区智成塑包装有限公司新建项目,佛山市顺德区智成塑包装有限公司新建项目完整样本链（公示版-报批稿-专家评审意见-批复）,SC_ZCSB_001,997,6,报批稿或报告表,E:\华南理工项目\环评文件汇总\01_GitHub项目与研究文档\eia-openclaw-sync-chen2026\05_QA测试集\人工核查_环评报告出处整理_20260715\环评报告文件\4e63f982-5f40-44e2-844a-faed9de9a059_佛山市顺德区智成塑包装有限公司新建项目完整样本链（公示版-报批稿-专家评审意见-批复）_2_01_受理公告或公示版.pdf,159_佛山市顺德区智成塑包装有限公司新建项目_02_报批稿或报告表.pdf,E:\华南理工项目\环评文件汇总\01_GitHub项目与研究文档\eia-openclaw-sync-chen2026\05_QA测试集\人工核查_环评报告出处整理_20260715\环评报告文件_按问答顺序\159_佛山市顺德区智成塑包装有限公司新建项目_02_报批稿或报告表.pdf
159,03,4e63f982-5f40-44e2-844a-faed9de9a059,佛山市顺德区智成塑包装有限公司新建项目,佛山市顺德区智成塑包装有限公司新建项目完整样本链（公示版-报批稿-专家评审意见-批复）,SC_ZCSB_001,997,6,报批稿或报告表,E:\华南理工项目\环评文件汇总\01_GitHub项目与研究文档\eia-openclaw-sync-chen2026\05_QA测试集\人工核查_环评报告出处整理_20260715\环评报告文件\4e63f982-5f40-44e2-844a-faed9de9a059_佛山市顺德区智成塑包装有限公司新建项目完整样本链（公示版-报批稿-专家评审意见-批复）_3_04_批复.pdf,159_佛山市顺德区智成塑包装有限公司新建项目_03_报批稿或报告表.pdf,E:\华南理工项目\环评文件汇总\01_GitHub项目与研究文档\eia-openclaw-sync-chen2026\05_QA测试集\人工核查_环评报告出处整理_20260715\环评报告文件_按问答顺序\159_佛山市顺德区智成塑包装有限公司新建项目_03_报批稿或报告表.pdf
170,01,4e63f982-5f40-44e2-844a-faed9de9a059,佛山市顺德区智成塑包装有限公司新建项目,佛山市顺德区智成塑包装有限公司新建项目完整样本链（公示版-报批稿-修改/评估意见-批复）,SC_ZCSB2_001,1035,1,报批稿或报告表,E:\华南理工项目\环评文件汇总\01_GitHub项目与研究文档\eia-openclaw-sync-chen2026\05_QA测试集\人工核查_环评报告出处整理_20260715\环评报告文件\4e63f982-5f40-44e2-844a-faed9de9a059_评估意见-批复）_1_02_报批稿或终稿.docx,170_佛山市顺德区智成塑包装有限公司新建项目_01_报批稿或报告表.docx,E:\华南理工项目\环评文件汇总\01_GitHub项目与研究文档\eia-openclaw-sync-chen2026\05_QA测试集\人工核查_环评报告出处整理_20260715\环评报告文件_按问答顺序\170_佛山市顺德区智成塑包装有限公司新建项目_01_报批稿或报告表.docx
170,02,4e63f982-5f40-44e2-844a-faed9de9a059,佛山市顺德区智成塑包装有限公司新建项目,佛山市顺德区智成塑包装有限公司新建项目完整样本链（公示版-报批稿-修改/评估意见-批复）,SC_ZCSB2_001,1035,1,受理公告或公示版,E:\华南理工项目\环评文件汇总\01_GitHub项目与研究文档\eia-openclaw-sync-chen2026\05_QA测试集\人工核查_环评报告出处整理_20260715\环评报告文件\4e63f982-5f40-44e2-844a-faed9de9a059_评估意见-批复）_2_01_受理公告或公示版.pdf,170_佛山市顺德区智成塑包装有限公司新建项目_02_受理公告或公示版.pdf,E:\华南理工项目\环评文件汇总\01_GitHub项目与研究文档\eia-openclaw-sync-chen2026\05_QA测试集\人工核查_环评报告出处整理_20260715\环评报告文件_按问答顺序\170_佛山市顺德区智成塑包装有限公司新建项目_02_受理公告或公示版.pdf
170,03,4e63f982-5f40-44e2-844a-faed9de9a059,佛山市顺德区智成塑包装有限公司新建项目,佛山市顺德区智成塑包装有限公司新建项目完整样本链（公示版-报批稿-修改/评估意见-批复）,SC_ZCSB2_001,1035,1,修改评估意见,E:\华南理工项目\环评文件汇总\01_GitHub项目与研究文档\eia-openclaw-sync-chen2026\05_QA测试集\人工核查_环评报告出处整理_20260715\环评报告文件\4e63f982-5f40-44e2-844a-faed9de9a059_评估意见-批复）_3_04_批复.pdf,170_佛山市顺德区智成塑包装有限公司新建项目_03_修改评估意见.pdf,E:\华南理工项目\环评文件汇总\01_GitHub项目与研究文档\eia-openclaw-sync-chen2026\05_QA测试集\人工核查_环评报告出处整理_20260715\环评报告文件_按问答顺序\170_佛山市顺德区智成塑包装有限公司新建项目_03_修改评估意见.pdf
168,01,6fdbbf95-eac7-4c9d-83b1-ef7989bf0bde,广东顺德意达电子薄膜器件有限公司新建项目,广东顺德意达电子薄膜器件有限公司新建项目完整样本链（公示版-报批稿-修改/评估意见-批复）,SC_YD2_001,1033,1,报批稿或报告表,E:\华南理工项目\环评文件汇总\01_GitHub项目与研究文档\eia-openclaw-sync-chen2026\05_QA测试集\人工核查_环评报告出处整理_20260715\环评报告文件\6fdbbf95-eac7-4c9d-83b1-ef7989bf0bde_评估意见-批复）_1_02_报批稿或终稿.doc,168_广东顺德意达电子薄膜器件有限公司新建项目_01_报批稿或报告表.doc,E:\华南理工项目\环评文件汇总\01_GitHub项目与研究文档\eia-openclaw-sync-chen2026\05_QA测试集\人工核查_环评报告出处整理_20260715\环评报告文件_按问答顺序\168_广东顺德意达电子薄膜器件有限公司新建项目_01_报批稿或报告表.doc
168,02,6fdbbf95-eac7-4c9d-83b1-ef7989bf0bde,广东顺德意达电子薄膜器件有限公司新建项目,广东顺德意达电子薄膜器件有限公司新建项目完整样本链（公示版-报批稿-修改/评估意见-批复）,SC_YD2_001,1033,1,受理公告或公示版,E:\华南理工项目\环评文件汇总\01_GitHub项目与研究文档\eia-openclaw-sync-chen2026\05_QA测试集\人工核查_环评报告出处整理_20260715\环评报告文件\6fdbbf95-eac7-4c9d-83b1-ef7989bf0bde_评估意见-批复）_2_01_受理公告或公示版.pdf,168_广东顺德意达电子薄膜器件有限公司新建项目_02_受理公告或公示版.pdf,E:\华南理工项目\环评文件汇总\01_GitHub项目与研究文档\eia-openclaw-sync-chen2026\05_QA测试集\人工核查_环评报告出处整理_20260715\环评报告文件_按问答顺序\168_广东顺德意达电子薄膜器件有限公司新建项目_02_受理公告或公示版.pdf
168,03,6fdbbf95-eac7-4c9d-83b1-ef7989bf0bde,广东顺德意达电子薄膜器件有限公司新建项目,广东顺德意达电子薄膜器件有限公司新建项目完整样本链（公示版-报批稿-修改/评估意见-批复）,SC_YD2_001,1033,1,修改评估意见,E:\华南理工项目\环评文件汇总\01_GitHub项目与研究文档\eia-openclaw-sync-chen2026\05_QA测试集\人工核查_环评报告出处整理_20260715\环评报告文件\6fdbbf95-eac7-4c9d-83b1-ef7989bf0bde_评估意见-批复）_3_顺德区批复.pdf,168_广东顺德意达电子薄膜器件有限公司新建项目_03_修改评估意见.pdf,E:\华南理工项目\环评文件汇总\01_GitHub项目与研究文档\eia-openclaw-sync-chen2026\05_QA测试集\人工核查_环评报告出处整理_20260715\环评报告文件_按问答顺序\168_广东顺德意达电子薄膜器件有限公司新建项目_03_修改评估意见.pdf
161,01,6fdbbf95-eac7-4c9d-83b1-ef7989bf0bde,广东顺德意达电子薄膜器件有限公司新建项目,广东顺德意达电子薄膜器件有限公司新建项目完整样本链（公示版-报批稿-技术评估意见-批复）,SC_YD_001,1009,6,报批稿或报告表,E:\华南理工项目\环评文件汇总\01_GitHub项目与研究文档\eia-openclaw-sync-chen2026\05_QA测试集\人工核查_环评报告出处整理_20260715\环评报告文件\6fdbbf95-eac7-4c9d-83b1-ef7989bf0bde_广东顺德意达电子薄膜器件有限公司新建项目完整样本链（公示版-报批稿-技术评估意见-批复）_1_02_报批稿或终稿.doc,161_广东顺德意达电子薄膜器件有限公司新建项目_01_报批稿或报告表.doc,E:\华南理工项目\环评文件汇总\01_GitHub项目与研究文档\eia-openclaw-sync-chen2026\05_QA测试集\人工核查_环评报告出处整理_20260715\环评报告文件_按问答顺序\161_广东顺德意达电子薄膜器件有限公司新建项目_01_报批稿或报告表.doc
161,02,6fdbbf95-eac7-4c9d-83b1-ef7989bf0bde,广东顺德意达电子薄膜器件有限公司新建项目,广东顺德意达电子薄膜器件有限公司新建项目完整样本链（公示版-报批稿-技术评估意见-批复）,SC_YD_001,1009,6,报批稿或报告表,E:\华南理工项目\环评文件汇总\01_GitHub项目与研究文档\eia-openclaw-sync-chen2026\05_QA测试集\人工核查_环评报告出处整理_20260715\环评报告文件\6fdbbf95-eac7-4c9d-83b1-ef7989bf0bde_广东顺德意达电子薄膜器件有限公司新建项目完整样本链（公示版-报批稿-技术评估意见-批复）_2_01_受理公告或公示版.pdf,161_广东顺德意达电子薄膜器件有限公司新建项目_02_报批稿或报告表.pdf,E:\华南理工项目\环评文件汇总\01_GitHub项目与研究文档\eia-openclaw-sync-chen2026\05_QA测试集\人工核查_环评报告出处整理_20260715\环评报告文件_按问答顺序\161_广东顺德意达电子薄膜器件有限公司新建项目_02_报批稿或报告表.pdf
161,03,6fdbbf95-eac7-4c9d-83b1-ef7989bf0bde,广东顺德意达电子薄膜器件有限公司新建项目,广东顺德意达电子薄膜器件有限公司新建项目完整样本链（公示版-报批稿-技术评估意见-批复）,SC_YD_001,1009,6,报批稿或报告表,E:\华南理工项目\环评文件汇总\01_GitHub项目与研究文档\eia-openclaw-sync-chen2026\05_QA测试集\人工核查_环评报告出处整理_20260715\环评报告文件\6fdbbf95-eac7-4c9d-83b1-ef7989bf0bde_广东顺德意达电子薄膜器件有限公司新建项目完整样本链（公示版-报批稿-技术评估意见-批复）_3_顺德区批复.pdf,161_广东顺德意达电子薄膜器件有限公司新建项目_03_报批稿或报告表.pdf,E:\华南理工项目\环评文件汇总\01_GitHub项目与研究文档\eia-openclaw-sync-chen2026\05_QA测试集\人工核查_环评报告出处整理_20260715\环评报告文件_按问答顺序\161_广东顺德意达电子薄膜器件有限公司新建项目_03_报批稿或报告表.pdf
158,01,7f5b7d19-f615-496c-97b2-d7090f575749,佛山市彩川合成材料有限公司新建项目,佛山市彩川合成材料有限公司新建项目完整样本链（公示版-报批稿-专家评审意见-批复）,SC_CC_001,985,12,报批稿或报告表,E:\华南理工项目\环评文件汇总\01_GitHub项目与研究文档\eia-openclaw-sync-chen2026\05_QA测试集\人工核查_环评报告出处整理_20260715\环评报告文件\7f5b7d19-f615-496c-97b2-d7090f575749_佛山市彩川合成材料有限公司新建项目完整样本链（公示版-报批稿-专家评审意见-批复）_1_彩川合成材料发给大良的文件汇总.docx,158_佛山市彩川合成材料有限公司新建项目_01_报批稿或报告表.docx,E:\华南理工项目\环评文件汇总\01_GitHub项目与研究文档\eia-openclaw-sync-chen2026\05_QA测试集\人工核查_环评报告出处整理_20260715\环评报告文件_按问答顺序\158_佛山市彩川合成材料有限公司新建项目_01_报批稿或报告表.docx
158,02,7f5b7d19-f615-496c-97b2-d7090f575749,佛山市彩川合成材料有限公司新建项目,佛山市彩川合成材料有限公司新建项目完整样本链（公示版-报批稿-专家评审意见-批复）,SC_CC_001,985,12,报批稿或报告表,E:\华南理工项目\环评文件汇总\01_GitHub项目与研究文档\eia-openclaw-sync-chen2026\05_QA测试集\人工核查_环评报告出处整理_20260715\环评报告文件\7f5b7d19-f615-496c-97b2-d7090f575749_佛山市彩川合成材料有限公司新建项目完整样本链（公示版-报批稿-专家评审意见-批复）_2_01_受理公告或公示版.pdf,158_佛山市彩川合成材料有限公司新建项目_02_报批稿或报告表.pdf,E:\华南理工项目\环评文件汇总\01_GitHub项目与研究文档\eia-openclaw-sync-chen2026\05_QA测试集\人工核查_环评报告出处整理_20260715\环评报告文件_按问答顺序\158_佛山市彩川合成材料有限公司新建项目_02_报批稿或报告表.pdf
158,03,7f5b7d19-f615-496c-97b2-d7090f575749,佛山市彩川合成材料有限公司新建项目,佛山市彩川合成材料有限公司新建项目完整样本链（公示版-报批稿-专家评审意见-批复）,SC_CC_001,985,12,报批稿或报告表,E:\华南理工项目\环评文件汇总\01_GitHub项目与研究文档\eia-openclaw-sync-chen2026\05_QA测试集\人工核查_环评报告出处整理_20260715\环评报告文件\7f5b7d19-f615-496c-97b2-d7090f575749_佛山市彩川合成材料有限公司新建项目完整样本链（公示版-报批稿-专家评审意见-批复）_3_04_批复.pdf,158_佛山市彩川合成材料有限公司新建项目_03_报批稿或报告表.pdf,E:\华南理工项目\环评文件汇总\01_GitHub项目与研究文档\eia-openclaw-sync-chen2026\05_QA测试集\人工核查_环评报告出处整理_20260715\环评报告文件_按问答顺序\158_佛山市彩川合成材料有限公司新建项目_03_报批稿或报告表.pdf
167,01,7f5b7d19-f615-496c-97b2-d7090f575749,佛山市彩川合成材料有限公司新建项目,佛山市彩川合成材料有限公司新建项目完整样本链（公示版-报批稿-修改/评估意见-批复）,SC_CC2_001,1029,4,受理公告或公示版,E:\华南理工项目\环评文件汇总\01_GitHub项目与研究文档\eia-openclaw-sync-chen2026\05_QA测试集\人工核查_环评报告出处整理_20260715\环评报告文件\7f5b7d19-f615-496c-97b2-d7090f575749_评估意见-批复）_2_01_受理公告或公示版.pdf,167_佛山市彩川合成材料有限公司新建项目_01_受理公告或公示版.pdf,E:\华南理工项目\环评文件汇总\01_GitHub项目与研究文档\eia-openclaw-sync-chen2026\05_QA测试集\人工核查_环评报告出处整理_20260715\环评报告文件_按问答顺序\167_佛山市彩川合成材料有限公司新建项目_01_受理公告或公示版.pdf
167,02,7f5b7d19-f615-496c-97b2-d7090f575749,佛山市彩川合成材料有限公司新建项目,佛山市彩川合成材料有限公司新建项目完整样本链（公示版-报批稿-修改/评估意见-批复）,SC_CC2_001,1029,4,修改评估意见,E:\华南理工项目\环评文件汇总\01_GitHub项目与研究文档\eia-openclaw-sync-chen2026\05_QA测试集\人工核查_环评报告出处整理_20260715\环评报告文件\7f5b7d19-f615-496c-97b2-d7090f575749_评估意见-批复）_1_彩川合成材料发给大良的文件汇总.docx,167_佛山市彩川合成材料有限公司新建项目_02_修改评估意见.docx,E:\华南理工项目\环评文件汇总\01_GitHub项目与研究文档\eia-openclaw-sync-chen2026\05_QA测试集\人工核查_环评报告出处整理_20260715\环评报告文件_按问答顺序\167_佛山市彩川合成材料有限公司新建项目_02_修改评估意见.docx
167,03,7f5b7d19-f615-496c-97b2-d7090f575749,佛山市彩川合成材料有限公司新建项目,佛山市彩川合成材料有限公司新建项目完整样本链（公示版-报批稿-修改/评估意见-批复）,SC_CC2_001,1029,4,修改评估意见,E:\华南理工项目\环评文件汇总\01_GitHub项目与研究文档\eia-openclaw-sync-chen2026\05_QA测试集\人工核查_环评报告出处整理_20260715\环评报告文件\7f5b7d19-f615-496c-97b2-d7090f575749_评估意见-批复）_3_04_批复.pdf,167_佛山市彩川合成材料有限公司新建项目_03_修改评估意见.pdf,E:\华南理工项目\环评文件汇总\01_GitHub项目与研究文档\eia-openclaw-sync-chen2026\05_QA测试集\人工核查_环评报告出处整理_20260715\环评报告文件_按问答顺序\167_佛山市彩川合成材料有限公司新建项目_03_修改评估意见.pdf
160,01,80e8be76-7ee1-4091-8dac-ae0c733e39b8,鹏彩科技（佛山市）有限公司新建项目,鹏彩科技（佛山市）有限公司新建项目完整样本链（公示版-报批稿-专家评审意见-批复）,SC_PC_001,1003,6,报批稿或报告表,E:\华南理工项目\环评文件汇总\01_GitHub项目与研究文档\eia-openclaw-sync-chen2026\05_QA测试集\人工核查_环评报告出处整理_20260715\环评报告文件\80e8be76-7ee1-4091-8dac-ae0c733e39b8_鹏彩科技（佛山市）有限公司新建项目完整样本链（公示版-报批稿-专家评审意见-批复）_1_02_报批稿或终稿.docx,160_鹏彩科技（佛山市）有限公司新建项目_01_报批稿或报告表.docx,E:\华南理工项目\环评文件汇总\01_GitHub项目与研究文档\eia-openclaw-sync-chen2026\05_QA测试集\人工核查_环评报告出处整理_20260715\环评报告文件_按问答顺序\160_鹏彩科技（佛山市）有限公司新建项目_01_报批稿或报告表.docx
160,02,80e8be76-7ee1-4091-8dac-ae0c733e39b8,鹏彩科技（佛山市）有限公司新建项目,鹏彩科技（佛山市）有限公司新建项目完整样本链（公示版-报批稿-专家评审意见-批复）,SC_PC_001,1003,6,报批稿或报告表,E:\华南理工项目\环评文件汇总\01_GitHub项目与研究文档\eia-openclaw-sync-chen2026\05_QA测试集\人工核查_环评报告出处整理_20260715\环评报告文件\80e8be76-7ee1-4091-8dac-ae0c733e39b8_鹏彩科技（佛山市）有限公司新建项目完整样本链（公示版-报批稿-专家评审意见-批复）_2_01_受理公告或公示版.pdf,160_鹏彩科技（佛山市）有限公司新建项目_02_报批稿或报告表.pdf,E:\华南理工项目\环评文件汇总\01_GitHub项目与研究文档\eia-openclaw-sync-chen2026\05_QA测试集\人工核查_环评报告出处整理_20260715\环评报告文件_按问答顺序\160_鹏彩科技（佛山市）有限公司新建项目_02_报批稿或报告表.pdf
160,03,80e8be76-7ee1-4091-8dac-ae0c733e39b8,鹏彩科技（佛山市）有限公司新建项目,鹏彩科技（佛山市）有限公司新建项目完整样本链（公示版-报批稿-专家评审意见-批复）,SC_PC_001,1003,6,报批稿或报告表,E:\华南理工项目\环评文件汇总\01_GitHub项目与研究文档\eia-openclaw-sync-chen2026\05_QA测试集\人工核查_环评报告出处整理_20260715\环评报告文件\80e8be76-7ee1-4091-8dac-ae0c733e39b8_鹏彩科技（佛山市）有限公司新建项目完整样本链（公示版-报批稿-专家评审意见-批复）_3_04_批复.pdf,160_鹏彩科技（佛山市）有限公司新建项目_03_报批稿或报告表.pdf,E:\华南理工项目\环评文件汇总\01_GitHub项目与研究文档\eia-openclaw-sync-chen2026\05_QA测试集\人工核查_环评报告出处整理_20260715\环评报告文件_按问答顺序\160_鹏彩科技（佛山市）有限公司新建项目_03_报批稿或报告表.pdf
162,01,80e8be76-7ee1-4091-8dac-ae0c733e39b8,鹏彩科技（佛山市）有限公司新建项目,鹏彩科技（佛山市）有限公司新建项目完整样本链（公示版-报批稿-修改/评估意见-批复）,SC_PC_007,1015,6,报批稿或报告表,E:\华南理工项目\环评文件汇总\01_GitHub项目与研究文档\eia-openclaw-sync-chen2026\05_QA测试集\人工核查_环评报告出处整理_20260715\环评报告文件\80e8be76-7ee1-4091-8dac-ae0c733e39b8_评估意见-批复）_1_02_报批稿或终稿.docx,162_鹏彩科技（佛山市）有限公司新建项目_01_报批稿或报告表.docx,E:\华南理工项目\环评文件汇总\01_GitHub项目与研究文档\eia-openclaw-sync-chen2026\05_QA测试集\人工核查_环评报告出处整理_20260715\环评报告文件_按问答顺序\162_鹏彩科技（佛山市）有限公司新建项目_01_报批稿或报告表.docx
162,02,80e8be76-7ee1-4091-8dac-ae0c733e39b8,鹏彩科技（佛山市）有限公司新建项目,鹏彩科技（佛山市）有限公司新建项目完整样本链（公示版-报批稿-修改/评估意见-批复）,SC_PC_007,1015,6,受理公告或公示版,E:\华南理工项目\环评文件汇总\01_GitHub项目与研究文档\eia-openclaw-sync-chen2026\05_QA测试集\人工核查_环评报告出处整理_20260715\环评报告文件\80e8be76-7ee1-4091-8dac-ae0c733e39b8_评估意见-批复）_2_01_受理公告或公示版.pdf,162_鹏彩科技（佛山市）有限公司新建项目_02_受理公告或公示版.pdf,E:\华南理工项目\环评文件汇总\01_GitHub项目与研究文档\eia-openclaw-sync-chen2026\05_QA测试集\人工核查_环评报告出处整理_20260715\环评报告文件_按问答顺序\162_鹏彩科技（佛山市）有限公司新建项目_02_受理公告或公示版.pdf
162,03,80e8be76-7ee1-4091-8dac-ae0c733e39b8,鹏彩科技（佛山市）有限公司新建项目,鹏彩科技（佛山市）有限公司新建项目完整样本链（公示版-报批稿-修改/评估意见-批复）,SC_PC_007,1015,6,修改评估意见,E:\华南理工项目\环评文件汇总\01_GitHub项目与研究文档\eia-openclaw-sync-chen2026\05_QA测试集\人工核查_环评报告出处整理_20260715\环评报告文件\80e8be76-7ee1-4091-8dac-ae0c733e39b8_评估意见-批复）_3_04_批复.pdf,162_鹏彩科技（佛山市）有限公司新建项目_03_修改评估意见.pdf,E:\华南理工项目\环评文件汇总\01_GitHub项目与研究文档\eia-openclaw-sync-chen2026\05_QA测试集\人工核查_环评报告出处整理_20260715\环评报告文件_按问答顺序\162_鹏彩科技（佛山市）有限公司新建项目_03_修改评估意见.pdf
001,01,PL001,佛山市亮正新材料有限公司新建项目,佛山市亮正新材料有限公司新建项目.docx,PL001_V01_Q01,2,10,核查材料,E:\华南理工项目\环评文件汇总\01_GitHub项目与研究文档\eia-openclaw-sync-chen2026\05_QA测试集\人工核查_环评报告出处整理_20260715\环评报告文件\PL001_佛山市亮正新材料有限公司新建项目_1_PL001_亮正新材料.docx,001_佛山市亮正新材料有限公司新建项目_01_核查材料.docx,E:\华南理工项目\环评文件汇总\01_GitHub项目与研究文档\eia-openclaw-sync-chen2026\05_QA测试集\人工核查_环评报告出处整理_20260715\环评报告文件_按问答顺序\001_佛山市亮正新材料有限公司新建项目_01_核查材料.docx
002,01,PL002,佛山市顺德区启卓工程塑料实业有限公司搬迁项目,佛山市顺德区启卓工程塑料实业有限公司搬迁项目.docx,PL002_V01_Q01,12,20,核查材料,E:\华南理工项目\环评文件汇总\01_GitHub项目与研究文档\eia-openclaw-sync-chen2026\05_QA测试集\人工核查_环评报告出处整理_20260715\环评报告文件\PL002_佛山市顺德区启卓工程塑料实业有限公司搬迁项目_1_PL002_启卓工程塑料.docx,002_佛山市顺德区启卓工程塑料实业有限公司搬迁项目_01_核查材料.docx,E:\华南理工项目\环评文件汇总\01_GitHub项目与研究文档\eia-openclaw-sync-chen2026\05_QA测试集\人工核查_环评报告出处整理_20260715\环评报告文件_按问答顺序\002_佛山市顺德区启卓工程塑料实业有限公司搬迁项目_01_核查材料.docx
003,01,PL003,佛山市顺德区康明新材料厂新建项目,佛山市顺德区康明新材料厂新建项目.docx,PL003_V01_Q01,32,10,核查材料,E:\华南理工项目\环评文件汇总\01_GitHub项目与研究文档\eia-openclaw-sync-chen2026\05_QA测试集\人工核查_环评报告出处整理_20260715\环评报告文件\PL003_佛山市顺德区康明新材料厂新建项目_1_PL003_康明新材料.docx,003_佛山市顺德区康明新材料厂新建项目_01_核查材料.docx,E:\华南理工项目\环评文件汇总\01_GitHub项目与研究文档\eia-openclaw-sync-chen2026\05_QA测试集\人工核查_环评报告出处整理_20260715\环评报告文件_按问答顺序\003_佛山市顺德区康明新材料厂新建项目_01_核查材料.docx
004,01,PL004,恒励新材料科技(佛山)有限公司新建项目,恒励新材料科技（佛山）有限公司新建项目.docx,PL004_V01_Q01,42,10,核查材料,E:\华南理工项目\环评文件汇总\01_GitHub项目与研究文档\eia-openclaw-sync-chen2026\05_QA测试集\人工核查_环评报告出处整理_20260715\环评报告文件\PL004_恒励新材料科技（佛山）有限公司新建项目_1_PL004_恒励新材料.docx,004_恒励新材料科技(佛山)有限公司新建项目_01_核查材料.docx,E:\华南理工项目\环评文件汇总\01_GitHub项目与研究文档\eia-openclaw-sync-chen2026\05_QA测试集\人工核查_环评报告出处整理_20260715\环评报告文件_按问答顺序\004_恒励新材料科技(佛山)有限公司新建项目_01_核查材料.docx
005,01,PL005,佛山市润特龙清洁用品有限公司新建项目,佛山市润特龙清洁用品有限公司新建项目.docx,PL005_V01_Q01,52,10,核查材料,E:\华南理工项目\环评文件汇总\01_GitHub项目与研究文档\eia-openclaw-sync-chen2026\05_QA测试集\人工核查_环评报告出处整理_20260715\环评报告文件\PL005_佛山市润特龙清洁用品有限公司新建项目_1_PL005_润特龙清洁用品.docx,005_佛山市润特龙清洁用品有限公司新建项目_01_核查材料.docx,E:\华南理工项目\环评文件汇总\01_GitHub项目与研究文档\eia-openclaw-sync-chen2026\05_QA测试集\人工核查_环评报告出处整理_20260715\环评报告文件_按问答顺序\005_佛山市润特龙清洁用品有限公司新建项目_01_核查材料.docx
006,01,PL006,佛山市顺德区乐鲸科技有限公司年产五金拉手300万个新建项目,202403061513437166乐鲸修改意见.docx,PL006_V01_Q01,62,6,修改评估意见,E:\华南理工项目\环评文件汇总\01_GitHub项目与研究文档\eia-openclaw-sync-chen2026\05_QA测试集\人工核查_环评报告出处整理_20260715\环评报告文件\PL006_202403061513437166乐鲸修改意见_1_东瑜塑料.docx,006_佛山市顺德区乐鲸科技有限公司年产五金拉手300万个新建项目_01_修改评估意见.docx,E:\华南理工项目\环评文件汇总\01_GitHub项目与研究文档\eia-openclaw-sync-chen2026\05_QA测试集\人工核查_环评报告出处整理_20260715\环评报告文件_按问答顺序\006_佛山市顺德区乐鲸科技有限公司年产五金拉手300万个新建项目_01_修改评估意见.docx
007,01,PL007,广东云晟新材料有限公司年产水性涂料2400吨新建项目,20230206143628723云晟新材料 修改意见.docx,PL007_V01_Q01,68,6,修改评估意见,E:\华南理工项目\环评文件汇总\01_GitHub项目与研究文档\eia-openclaw-sync-chen2026\05_QA测试集\人工核查_环评报告出处整理_20260715\环评报告文件\PL007_20230206143628723云晟新材料 修改意见_1_东瑜塑料.docx,007_广东云晟新材料有限公司年产水性涂料2400吨新建项目_01_修改评估意见.docx,E:\华南理工项目\环评文件汇总\01_GitHub项目与研究文档\eia-openclaw-sync-chen2026\05_QA测试集\人工核查_环评报告出处整理_20260715\环评报告文件_按问答顺序\007_广东云晟新材料有限公司年产水性涂料2400吨新建项目_01_修改评估意见.docx
008,01,PL007,广东云晟新材料有限公司年产水性涂料2400吨新建项目,202303091446684010云晟新材料修改意见.docx,PL007_V02_Q01,74,6,修改评估意见,E:\华南理工项目\环评文件汇总\01_GitHub项目与研究文档\eia-openclaw-sync-chen2026\05_QA测试集\人工核查_环评报告出处整理_20260715\环评报告文件\PL007_202303091446684010云晟新材料修改意见_1_东瑜塑料.docx,008_广东云晟新材料有限公司年产水性涂料2400吨新建项目_01_修改评估意见.docx,E:\华南理工项目\环评文件汇总\01_GitHub项目与研究文档\eia-openclaw-sync-chen2026\05_QA测试集\人工核查_环评报告出处整理_20260715\环评报告文件_按问答顺序\008_广东云晟新材料有限公司年产水性涂料2400吨新建项目_01_修改评估意见.docx
009,01,PL008,佛山市顺德区亚马逊涂料有限公司迁扩建项目,（20230603第二次修改版）佛山市顺德区亚马逊涂料有限公司迁扩建项目修改意见.docx,PL008_V01_Q01,80,6,修改评估意见,E:\华南理工项目\环评文件汇总\01_GitHub项目与研究文档\eia-openclaw-sync-chen2026\05_QA测试集\人工核查_环评报告出处整理_20260715\环评报告文件\PL008_（20230603第二次修改版）佛山市顺德区亚马逊涂料有限公司迁扩建项目修改意见_1_（20230603第二次修改版）佛山市顺德区亚马逊涂料有限公.docx,009_佛山市顺德区亚马逊涂料有限公司迁扩建项目_01_修改评估意见.docx,E:\华南理工项目\环评文件汇总\01_GitHub项目与研究文档\eia-openclaw-sync-chen2026\05_QA测试集\人工核查_环评报告出处整理_20260715\环评报告文件_按问答顺序\009_佛山市顺德区亚马逊涂料有限公司迁扩建项目_01_修改评估意见.docx
010,01,PL009,广东威诺高科技股份有限公司搬迁项目,202307319405849广东威诺高科技股份有限公司搬迁项目修改意见.docx,PL009_V01_Q01,86,6,修改评估意见,E:\华南理工项目\环评文件汇总\01_GitHub项目与研究文档\eia-openclaw-sync-chen2026\05_QA测试集\人工核查_环评报告出处整理_20260715\环评报告文件\PL009_202307319405849广东威诺高科技股份有限公司搬迁项目修改意见_1_东瑜塑料.docx,010_广东威诺高科技股份有限公司搬迁项目_01_修改评估意见.docx,E:\华南理工项目\环评文件汇总\01_GitHub项目与研究文档\eia-openclaw-sync-chen2026\05_QA测试集\人工核查_环评报告出处整理_20260715\环评报告文件_按问答顺序\010_广东威诺高科技股份有限公司搬迁项目_01_修改评估意见.docx
011,01,PL010,悍高集团股份有限公司功能拉篮车间搬迁扩建项目,2023101914551665922.悍高集团股份有限公司功能拉篮车间搬迁扩建项目（修改意见).docx,PL010_V01_Q01,92,6,修改评估意见,E:\华南理工项目\环评文件汇总\01_GitHub项目与研究文档\eia-openclaw-sync-chen2026\05_QA测试集\人工核查_环评报告出处整理_20260715\环评报告文件\PL010_2023101914551665922.悍高集团股份有限公司功能拉篮车间搬迁扩建项目（修改意见)_1_东瑜塑料.docx,011_悍高集团股份有限公司功能拉篮车间搬迁扩建项目_01_修改评估意见.docx,E:\华南理工项目\环评文件汇总\01_GitHub项目与研究文档\eia-openclaw-sync-chen2026\05_QA测试集\人工核查_环评报告出处整理_20260715\环评报告文件_按问答顺序\011_悍高集团股份有限公司功能拉篮车间搬迁扩建项目_01_修改评估意见.docx
012,01,PL011,广东潜龙化工有限公司新建项目,20240327150247848广东潜龙化工有限公司新建项目修改意见.docx,PL011_V01_Q01,98,6,修改评估意见,E:\华南理工项目\环评文件汇总\01_GitHub项目与研究文档\eia-openclaw-sync-chen2026\05_QA测试集\人工核查_环评报告出处整理_20260715\环评报告文件\PL011_20240327150247848广东潜龙化工有限公司新建项目修改意见_1_东瑜塑料.docx,012_广东潜龙化工有限公司新建项目_01_修改评估意见.docx,E:\华南理工项目\环评文件汇总\01_GitHub项目与研究文档\eia-openclaw-sync-chen2026\05_QA测试集\人工核查_环评报告出处整理_20260715\环评报告文件_按问答顺序\012_广东潜龙化工有限公司新建项目_01_修改评估意见.docx
013,01,PL012,佛山市瀚铭新材料有限公司新建项目,20240223佛山市瀚铭新材料有限公司新建项目修改意见.docx,PL012_V01_Q01,104,6,修改评估意见,E:\华南理工项目\环评文件汇总\01_GitHub项目与研究文档\eia-openclaw-sync-chen2026\05_QA测试集\人工核查_环评报告出处整理_20260715\环评报告文件\PL012_20240223佛山市瀚铭新材料有限公司新建项目修改意见_1_东瑜塑料.docx,013_佛山市瀚铭新材料有限公司新建项目_01_修改评估意见.docx,E:\华南理工项目\环评文件汇总\01_GitHub项目与研究文档\eia-openclaw-sync-chen2026\05_QA测试集\人工核查_环评报告出处整理_20260715\环评报告文件_按问答顺序\013_佛山市瀚铭新材料有限公司新建项目_01_修改评估意见.docx
014,01,PL013,佛山市顺德区百洛电器有限公司迁扩建项目,2023091815484454110佛山市顺德区百洛电器有限公司迁扩建项目（修改意见）.docx,PL013_V01_Q01,110,6,修改评估意见,E:\华南理工项目\环评文件汇总\01_GitHub项目与研究文档\eia-openclaw-sync-chen2026\05_QA测试集\人工核查_环评报告出处整理_20260715\环评报告文件\PL013_2023091815484454110佛山市顺德区百洛电器有限公司迁扩建项目（修改意见）_1_东瑜塑料.docx,014_佛山市顺德区百洛电器有限公司迁扩建项目_01_修改评估意见.docx,E:\华南理工项目\环评文件汇总\01_GitHub项目与研究文档\eia-openclaw-sync-chen2026\05_QA测试集\人工核查_环评报告出处整理_20260715\环评报告文件_按问答顺序\014_佛山市顺德区百洛电器有限公司迁扩建项目_01_修改评估意见.docx
015,01,PL014,佛山市顺德区蓝顿涂料有限公司迁建项目,佛山市顺德区蓝顿涂料有限公司迁建项目修改意见.docx,PL014_V01_Q01,116,6,修改评估意见,E:\华南理工项目\环评文件汇总\01_GitHub项目与研究文档\eia-openclaw-sync-chen2026\05_QA测试集\人工核查_环评报告出处整理_20260715\环评报告文件\PL014_佛山市顺德区蓝顿涂料有限公司迁建项目修改意见_1_佛山市顺德区蓝顿涂料有限公司迁建项目.docx,015_佛山市顺德区蓝顿涂料有限公司迁建项目_01_修改评估意见.docx,E:\华南理工项目\环评文件汇总\01_GitHub项目与研究文档\eia-openclaw-sync-chen2026\05_QA测试集\人工核查_环评报告出处整理_20260715\环评报告文件_按问答顺序\015_佛山市顺德区蓝顿涂料有限公司迁建项目_01_修改评估意见.docx
016,01,PL015,佛山市镪优金属制品有限公司迁扩建项目,20230529101652538佛山市镪优金属制品有限公司修改意见.docx,PL015_V01_Q01,122,6,修改评估意见,E:\华南理工项目\环评文件汇总\01_GitHub项目与研究文档\eia-openclaw-sync-chen2026\05_QA测试集\人工核查_环评报告出处整理_20260715\环评报告文件\PL015_20230529101652538佛山市镪优金属制品有限公司修改意见_1_东瑜塑料.docx,016_佛山市镪优金属制品有限公司迁扩建项目_01_修改评估意见.docx,E:\华南理工项目\环评文件汇总\01_GitHub项目与研究文档\eia-openclaw-sync-chen2026\05_QA测试集\人工核查_环评报告出处整理_20260715\环评报告文件_按问答顺序\016_佛山市镪优金属制品有限公司迁扩建项目_01_修改评估意见.docx
017,01,PL018,广东台塑智能科技有限公司新建项目,年10月10日建设项目环境影响报告书（表）受理公告（佛山市生态环境局顺德分局）_4.pdf,PL018_V01_Q01,128,6,受理公告或公示版,E:\华南理工项目\环评文件汇总\01_GitHub项目与研究文档\eia-openclaw-sync-chen2026\05_QA测试集\人工核查_环评报告出处整理_20260715\环评报告文件\PL018_年10月10日建设项目环境影响报告书（表）受理公告（佛山市生态环境局顺德分局）_4_1_2024.pdf,017_广东台塑智能科技有限公司新建项目_01_受理公告或公示版.pdf,E:\华南理工项目\环评文件汇总\01_GitHub项目与研究文档\eia-openclaw-sync-chen2026\05_QA测试集\人工核查_环评报告出处整理_20260715\环评报告文件_按问答顺序\017_广东台塑智能科技有限公司新建项目_01_受理公告或公示版.pdf
018,01,PL019,佛山市智龙科技有限公司迁扩建项目,年10月12日建设项目环境影响报告书（表）受理公告（佛山市生态环境局顺德分局）_1.pdf,PL019_V01_Q01,134,6,受理公告或公示版,E:\华南理工项目\环评文件汇总\01_GitHub项目与研究文档\eia-openclaw-sync-chen2026\05_QA测试集\人工核查_环评报告出处整理_20260715\环评报告文件\PL019_年10月12日建设项目环境影响报告书（表）受理公告（佛山市生态环境局顺德分局）_1_1_2024.pdf,018_佛山市智龙科技有限公司迁扩建项目_01_受理公告或公示版.pdf,E:\华南理工项目\环评文件汇总\01_GitHub项目与研究文档\eia-openclaw-sync-chen2026\05_QA测试集\人工核查_环评报告出处整理_20260715\环评报告文件_按问答顺序\018_佛山市智龙科技有限公司迁扩建项目_01_受理公告或公示版.pdf
019,01,PL020,佛山市朗信塑料制品有限公司新建项目,年10月16日建设项目环境影响报告书（表）受理公告（佛山市生态环境局顺德分局）_2.pdf,PL020_V01_Q01,140,6,受理公告或公示版,E:\华南理工项目\环评文件汇总\01_GitHub项目与研究文档\eia-openclaw-sync-chen2026\05_QA测试集\人工核查_环评报告出处整理_20260715\环评报告文件\PL020_年10月16日建设项目环境影响报告书（表）受理公告（佛山市生态环境局顺德分局）_2_1_2024.pdf,019_佛山市朗信塑料制品有限公司新建项目_01_受理公告或公示版.pdf,E:\华南理工项目\环评文件汇总\01_GitHub项目与研究文档\eia-openclaw-sync-chen2026\05_QA测试集\人工核查_环评报告出处整理_20260715\环评报告文件_按问答顺序\019_佛山市朗信塑料制品有限公司新建项目_01_受理公告或公示版.pdf
020,01,PL021,佛山市顺德区共诺电子元件厂搬迁项目,年10月16日建设项目环境影响报告受理公告（大良）.pdf,PL021_V01_Q01,146,6,受理公告或公示版,E:\华南理工项目\环评文件汇总\01_GitHub项目与研究文档\eia-openclaw-sync-chen2026\05_QA测试集\人工核查_环评报告出处整理_20260715\环评报告文件\PL021_年10月16日建设项目环境影响报告受理公告（大良）_1_2024.pdf,020_佛山市顺德区共诺电子元件厂搬迁项目_01_受理公告或公示版.pdf,E:\华南理工项目\环评文件汇总\01_GitHub项目与研究文档\eia-openclaw-sync-chen2026\05_QA测试集\人工核查_环评报告出处整理_20260715\环评报告文件_按问答顺序\020_佛山市顺德区共诺电子元件厂搬迁项目_01_受理公告或公示版.pdf
021,01,PL022,佛山市锐拓新材料有限公司新建项目,年10月17日建设项目环境影响报告书（表）受理公告（佛山市生态环境局顺德分局）_2.pdf,PL022_V01_Q01,152,6,受理公告或公示版,E:\华南理工项目\环评文件汇总\01_GitHub项目与研究文档\eia-openclaw-sync-chen2026\05_QA测试集\人工核查_环评报告出处整理_20260715\环评报告文件\PL022_年10月17日建设项目环境影响报告书（表）受理公告（佛山市生态环境局顺德分局）_2_1_2024.pdf,021_佛山市锐拓新材料有限公司新建项目_01_受理公告或公示版.pdf,E:\华南理工项目\环评文件汇总\01_GitHub项目与研究文档\eia-openclaw-sync-chen2026\05_QA测试集\人工核查_环评报告出处整理_20260715\环评报告文件_按问答顺序\021_佛山市锐拓新材料有限公司新建项目_01_受理公告或公示版.pdf
022,01,PL023,佛山市通能达科技有限公司新建项目,年10月17日建设项目环境影响报告书（表）受理公告（佛山市生态环境局顺德分局）_4.pdf,PL023_V01_Q01,158,6,受理公告或公示版,E:\华南理工项目\环评文件汇总\01_GitHub项目与研究文档\eia-openclaw-sync-chen2026\05_QA测试集\人工核查_环评报告出处整理_20260715\环评报告文件\PL023_年10月17日建设项目环境影响报告书（表）受理公告（佛山市生态环境局顺德分局）_4_1_2024.pdf,022_佛山市通能达科技有限公司新建项目_01_受理公告或公示版.pdf,E:\华南理工项目\环评文件汇总\01_GitHub项目与研究文档\eia-openclaw-sync-chen2026\05_QA测试集\人工核查_环评报告出处整理_20260715\环评报告文件_按问答顺序\022_佛山市通能达科技有限公司新建项目_01_受理公告或公示版.pdf
023,01,PL025,佛山市巨人电器有限公司新建项目,年10月22日建设项目环境影响报告受理公告（大良）_2.pdf,PL025_V01_Q01,164,6,受理公告或公示版,E:\华南理工项目\环评文件汇总\01_GitHub项目与研究文档\eia-openclaw-sync-chen2026\05_QA测试集\人工核查_环评报告出处整理_20260715\环评报告文件\PL025_年10月22日建设项目环境影响报告受理公告（大良）_2_1_2024.pdf,023_佛山市巨人电器有限公司新建项目_01_受理公告或公示版.pdf,E:\华南理工项目\环评文件汇总\01_GitHub项目与研究文档\eia-openclaw-sync-chen2026\05_QA测试集\人工核查_环评报告出处整理_20260715\环评报告文件_按问答顺序\023_佛山市巨人电器有限公司新建项目_01_受理公告或公示版.pdf
024,01,PL026,佛山市黑曜电器科技有限公司新建项目,年10月22日建设项目环境影响报告表受理公告（容桂）_2.pdf,PL026_V01_Q01,170,6,报批稿或报告表,E:\华南理工项目\环评文件汇总\01_GitHub项目与研究文档\eia-openclaw-sync-chen2026\05_QA测试集\人工核查_环评报告出处整理_20260715\环评报告文件\PL026_年10月22日建设项目环境影响报告表受理公告（容桂）_2_1_2024.pdf,024_佛山市黑曜电器科技有限公司新建项目_01_报批稿或报告表.pdf,E:\华南理工项目\环评文件汇总\01_GitHub项目与研究文档\eia-openclaw-sync-chen2026\05_QA测试集\人工核查_环评报告出处整理_20260715\环评报告文件_按问答顺序\024_佛山市黑曜电器科技有限公司新建项目_01_报批稿或报告表.pdf
025,01,PL027,佛山市天隆通塑料制品有限公司新建项目,年10月23日建设项目环境影响报告书（表）受理公告（佛山市生态环境局顺德分局）_1.pdf,PL027_V01_Q01,176,6,受理公告或公示版,E:\华南理工项目\环评文件汇总\01_GitHub项目与研究文档\eia-openclaw-sync-chen2026\05_QA测试集\人工核查_环评报告出处整理_20260715\环评报告文件\PL027_年10月23日建设项目环境影响报告书（表）受理公告（佛山市生态环境局顺德分局）_1_1_2024.pdf,025_佛山市天隆通塑料制品有限公司新建项目_01_受理公告或公示版.pdf,E:\华南理工项目\环评文件汇总\01_GitHub项目与研究文档\eia-openclaw-sync-chen2026\05_QA测试集\人工核查_环评报告出处整理_20260715\环评报告文件_按问答顺序\025_佛山市天隆通塑料制品有限公司新建项目_01_受理公告或公示版.pdf
026,01,PL028,佛山市顺德区振峰塑料模具制造有限公司分车间新建项目,年10月24日建设项目环境影响报告书（表）受理公告（均安）_1.pdf,PL028_V01_Q01,182,6,受理公告或公示版,E:\华南理工项目\环评文件汇总\01_GitHub项目与研究文档\eia-openclaw-sync-chen2026\05_QA测试集\人工核查_环评报告出处整理_20260715\环评报告文件\PL028_年10月24日建设项目环境影响报告书（表）受理公告（均安）_1_1_2024.pdf,026_佛山市顺德区振峰塑料模具制造有限公司分车间新建项目_01_受理公告或公示版.pdf,E:\华南理工项目\环评文件汇总\01_GitHub项目与研究文档\eia-openclaw-sync-chen2026\05_QA测试集\人工核查_环评报告出处整理_20260715\环评报告文件_按问答顺序\026_佛山市顺德区振峰塑料模具制造有限公司分车间新建项目_01_受理公告或公示版.pdf
027,01,PL029,佛山市茂安耀科技有限公司新建项目,年10月24日建设项目环境影响报告书（表）受理公告（均安）_2.pdf,PL029_V01_Q01,188,6,受理公告或公示版,E:\华南理工项目\环评文件汇总\01_GitHub项目与研究文档\eia-openclaw-sync-chen2026\05_QA测试集\人工核查_环评报告出处整理_20260715\环评报告文件\PL029_年10月24日建设项目环境影响报告书（表）受理公告（均安）_2_1_2024.pdf,027_佛山市茂安耀科技有限公司新建项目_01_受理公告或公示版.pdf,E:\华南理工项目\环评文件汇总\01_GitHub项目与研究文档\eia-openclaw-sync-chen2026\05_QA测试集\人工核查_环评报告出处整理_20260715\环评报告文件_按问答顺序\027_佛山市茂安耀科技有限公司新建项目_01_受理公告或公示版.pdf
028,01,PL030,佛山市瑞易德塑料五金制品有限公司搬迁项目,年10月25日建设项目环境影响报告书（表）受理公告（佛山市生态环境局顺德分局）_3.pdf,PL030_V01_Q01,194,6,受理公告或公示版,E:\华南理工项目\环评文件汇总\01_GitHub项目与研究文档\eia-openclaw-sync-chen2026\05_QA测试集\人工核查_环评报告出处整理_20260715\环评报告文件\PL030_年10月25日建设项目环境影响报告书（表）受理公告（佛山市生态环境局顺德分局）_3_1_2024.pdf,028_佛山市瑞易德塑料五金制品有限公司搬迁项目_01_受理公告或公示版.pdf,E:\华南理工项目\环评文件汇总\01_GitHub项目与研究文档\eia-openclaw-sync-chen2026\05_QA测试集\人工核查_环评报告出处整理_20260715\环评报告文件_按问答顺序\028_佛山市瑞易德塑料五金制品有限公司搬迁项目_01_受理公告或公示版.pdf
029,01,PL031,佛山市浩创时代包装制品有限公司新建项目,年10月28日建设项目环境影响报告书（表）受理公告（佛山市生态环境局顺德分局）_3.pdf,PL031_V01_Q01,200,6,受理公告或公示版,E:\华南理工项目\环评文件汇总\01_GitHub项目与研究文档\eia-openclaw-sync-chen2026\05_QA测试集\人工核查_环评报告出处整理_20260715\环评报告文件\PL031_年10月28日建设项目环境影响报告书（表）受理公告（佛山市生态环境局顺德分局）_3_1_2024.pdf,029_佛山市浩创时代包装制品有限公司新建项目_01_受理公告或公示版.pdf,E:\华南理工项目\环评文件汇总\01_GitHub项目与研究文档\eia-openclaw-sync-chen2026\05_QA测试集\人工核查_环评报告出处整理_20260715\环评报告文件_按问答顺序\029_佛山市浩创时代包装制品有限公司新建项目_01_受理公告或公示版.pdf
030,01,PL032,德旺众新材料科技（佛山）有限公司新建建设项目,年10月28日建设项目环境影响报告书（表）受理公告（佛山市生态环境局顺德分局）_4.pdf,PL032_V01_Q01,206,6,受理公告或公示版,E:\华南理工项目\环评文件汇总\01_GitHub项目与研究文档\eia-openclaw-sync-chen2026\05_QA测试集\人工核查_环评报告出处整理_20260715\环评报告文件\PL032_年10月28日建设项目环境影响报告书（表）受理公告（佛山市生态环境局顺德分局）_4_1_2024.pdf,030_德旺众新材料科技（佛山）有限公司新建建设项目_01_受理公告或公示版.pdf,E:\华南理工项目\环评文件汇总\01_GitHub项目与研究文档\eia-openclaw-sync-chen2026\05_QA测试集\人工核查_环评报告出处整理_20260715\环评报告文件_按问答顺序\030_德旺众新材料科技（佛山）有限公司新建建设项目_01_受理公告或公示版.pdf
031,01,PL033,广东施格纳电气有限公司新建项目,年10月29日建设项目环境影响报告书（表）受理公告（佛山市生态环境局顺德分局）_1.pdf,PL033_V01_Q01,212,6,受理公告或公示版,E:\华南理工项目\环评文件汇总\01_GitHub项目与研究文档\eia-openclaw-sync-chen2026\05_QA测试集\人工核查_环评报告出处整理_20260715\环评报告文件\PL033_年10月29日建设项目环境影响报告书（表）受理公告（佛山市生态环境局顺德分局）_1_1_2024.pdf,031_广东施格纳电气有限公司新建项目_01_受理公告或公示版.pdf,E:\华南理工项目\环评文件汇总\01_GitHub项目与研究文档\eia-openclaw-sync-chen2026\05_QA测试集\人工核查_环评报告出处整理_20260715\环评报告文件_按问答顺序\031_广东施格纳电气有限公司新建项目_01_受理公告或公示版.pdf
032,01,PL034,佛山市沃丰德电器有限公司扩建项目,年10月29日建设项目环境影响报告书（表）受理公告（佛山市生态环境局顺德分局）_3.pdf,PL034_V01_Q01,218,6,受理公告或公示版,E:\华南理工项目\环评文件汇总\01_GitHub项目与研究文档\eia-openclaw-sync-chen2026\05_QA测试集\人工核查_环评报告出处整理_20260715\环评报告文件\PL034_年10月29日建设项目环境影响报告书（表）受理公告（佛山市生态环境局顺德分局）_3_1_2024.pdf,032_佛山市沃丰德电器有限公司扩建项目_01_受理公告或公示版.pdf,E:\华南理工项目\环评文件汇总\01_GitHub项目与研究文档\eia-openclaw-sync-chen2026\05_QA测试集\人工核查_环评报告出处整理_20260715\环评报告文件_按问答顺序\032_佛山市沃丰德电器有限公司扩建项目_01_受理公告或公示版.pdf
033,01,PL035,佛山市顺德区钧锐塑料厂迁建项目,年10月29日建设项目环境影响报告书（表）受理公告（佛山市生态环境局顺德分局）_4.pdf,PL035_V01_Q01,224,6,受理公告或公示版,E:\华南理工项目\环评文件汇总\01_GitHub项目与研究文档\eia-openclaw-sync-chen2026\05_QA测试集\人工核查_环评报告出处整理_20260715\环评报告文件\PL035_年10月29日建设项目环境影响报告书（表）受理公告（佛山市生态环境局顺德分局）_4_1_2024.pdf,033_佛山市顺德区钧锐塑料厂迁建项目_01_受理公告或公示版.pdf,E:\华南理工项目\环评文件汇总\01_GitHub项目与研究文档\eia-openclaw-sync-chen2026\05_QA测试集\人工核查_环评报告出处整理_20260715\环评报告文件_按问答顺序\033_佛山市顺德区钧锐塑料厂迁建项目_01_受理公告或公示版.pdf
034,01,PL036,广东梅州磁性材料有限公司顺德分公司迁扩建项目,年10月29日建设项目环境影响报告书（表）受理公告（均安）.pdf,PL036_V01_Q01,230,6,受理公告或公示版,E:\华南理工项目\环评文件汇总\01_GitHub项目与研究文档\eia-openclaw-sync-chen2026\05_QA测试集\人工核查_环评报告出处整理_20260715\环评报告文件\PL036_年10月29日建设项目环境影响报告书（表）受理公告（均安）_1_2024.pdf,034_广东梅州磁性材料有限公司顺德分公司迁扩建项目_01_受理公告或公示版.pdf,E:\华南理工项目\环评文件汇总\01_GitHub项目与研究文档\eia-openclaw-sync-chen2026\05_QA测试集\人工核查_环评报告出处整理_20260715\环评报告文件_按问答顺序\034_广东梅州磁性材料有限公司顺德分公司迁扩建项目_01_受理公告或公示版.pdf
035,01,PL037,佛山麦琪科技有限公司建设项目,年11月13日建设项目环境影响报告受理公告（大良）.pdf,PL037_V01_Q01,236,6,受理公告或公示版,E:\华南理工项目\环评文件汇总\01_GitHub项目与研究文档\eia-openclaw-sync-chen2026\05_QA测试集\人工核查_环评报告出处整理_20260715\环评报告文件\PL037_年11月13日建设项目环境影响报告受理公告（大良）_1_2024.pdf,035_佛山麦琪科技有限公司建设项目_01_受理公告或公示版.pdf,E:\华南理工项目\环评文件汇总\01_GitHub项目与研究文档\eia-openclaw-sync-chen2026\05_QA测试集\人工核查_环评报告出处整理_20260715\环评报告文件_按问答顺序\035_佛山麦琪科技有限公司建设项目_01_受理公告或公示版.pdf
036,01,PL038,佛山市顺德区晟昂电子科技有限公司新建项目,年11月13日建设项目环境影响报告表受理公告（伦教）_2.pdf,PL038_V01_Q01,242,6,报批稿或报告表,E:\华南理工项目\环评文件汇总\01_GitHub项目与研究文档\eia-openclaw-sync-chen2026\05_QA测试集\人工核查_环评报告出处整理_20260715\环评报告文件\PL038_年11月13日建设项目环境影响报告表受理公告（伦教）_2_1_2024.pdf,036_佛山市顺德区晟昂电子科技有限公司新建项目_01_报批稿或报告表.pdf,E:\华南理工项目\环评文件汇总\01_GitHub项目与研究文档\eia-openclaw-sync-chen2026\05_QA测试集\人工核查_环评报告出处整理_20260715\环评报告文件_按问答顺序\036_佛山市顺德区晟昂电子科技有限公司新建项目_01_报批稿或报告表.pdf
037,01,PL039,佛山市锦汇塑料制品有限公司新建项目,年11月14日建设项目环境影响报告受理公告（大良）_1.pdf,PL039_V01_Q01,248,6,受理公告或公示版,E:\华南理工项目\环评文件汇总\01_GitHub项目与研究文档\eia-openclaw-sync-chen2026\05_QA测试集\人工核查_环评报告出处整理_20260715\环评报告文件\PL039_年11月14日建设项目环境影响报告受理公告（大良）_1_1_2024.pdf,037_佛山市锦汇塑料制品有限公司新建项目_01_受理公告或公示版.pdf,E:\华南理工项目\环评文件汇总\01_GitHub项目与研究文档\eia-openclaw-sync-chen2026\05_QA测试集\人工核查_环评报告出处整理_20260715\环评报告文件_按问答顺序\037_佛山市锦汇塑料制品有限公司新建项目_01_受理公告或公示版.pdf
038,01,PL040,佛山市海川塑料制品有限公司新建项目,年11月14日建设项目环境影响报告受理公告（大良）_2.pdf,PL040_V01_Q01,254,6,受理公告或公示版,E:\华南理工项目\环评文件汇总\01_GitHub项目与研究文档\eia-openclaw-sync-chen2026\05_QA测试集\人工核查_环评报告出处整理_20260715\环评报告文件\PL040_年11月14日建设项目环境影响报告受理公告（大良）_2_1_2024.pdf,038_佛山市海川塑料制品有限公司新建项目_01_受理公告或公示版.pdf,E:\华南理工项目\环评文件汇总\01_GitHub项目与研究文档\eia-openclaw-sync-chen2026\05_QA测试集\人工核查_环评报告出处整理_20260715\环评报告文件_按问答顺序\038_佛山市海川塑料制品有限公司新建项目_01_受理公告或公示版.pdf
039,01,PL041,佛山市创灏五金塑料有限公司年产塑料制品 1250 万件迁改扩建项目,年11月15日建设项目环境影响报告书（表）受理公告（佛山市生态环境局顺德分局）_4.pdf,PL041_V01_Q01,260,6,受理公告或公示版,E:\华南理工项目\环评文件汇总\01_GitHub项目与研究文档\eia-openclaw-sync-chen2026\05_QA测试集\人工核查_环评报告出处整理_20260715\环评报告文件\PL041_年11月15日建设项目环境影响报告书（表）受理公告（佛山市生态环境局顺德分局）_4_1_2024.pdf,039_佛山市创灏五金塑料有限公司年产塑料制品1250万件迁改扩建项目_01_受理公告或公示版.pdf,E:\华南理工项目\环评文件汇总\01_GitHub项目与研究文档\eia-openclaw-sync-chen2026\05_QA测试集\人工核查_环评报告出处整理_20260715\环评报告文件_按问答顺序\039_佛山市创灏五金塑料有限公司年产塑料制品1250万件迁改扩建项目_01_受理公告或公示版.pdf
040,01,PL042,佛山市顺德区夏瑞塑胶有限公司迁扩建项目,年11月19日建设项目环境影响报告书（表）受理公告（佛山市生态环境局顺德分局）_1.pdf,PL042_V01_Q01,266,6,受理公告或公示版,E:\华南理工项目\环评文件汇总\01_GitHub项目与研究文档\eia-openclaw-sync-chen2026\05_QA测试集\人工核查_环评报告出处整理_20260715\环评报告文件\PL042_年11月19日建设项目环境影响报告书（表）受理公告（佛山市生态环境局顺德分局）_1_1_2024.pdf,040_佛山市顺德区夏瑞塑胶有限公司迁扩建项目_01_受理公告或公示版.pdf,E:\华南理工项目\环评文件汇总\01_GitHub项目与研究文档\eia-openclaw-sync-chen2026\05_QA测试集\人工核查_环评报告出处整理_20260715\环评报告文件_按问答顺序\040_佛山市顺德区夏瑞塑胶有限公司迁扩建项目_01_受理公告或公示版.pdf
041,01,PL043,佛山市益旭电器有限公司新建项目,年11月21日建设项目环境影响报告受理公告（大良）.pdf,PL043_V01_Q01,272,6,受理公告或公示版,E:\华南理工项目\环评文件汇总\01_GitHub项目与研究文档\eia-openclaw-sync-chen2026\05_QA测试集\人工核查_环评报告出处整理_20260715\环评报告文件\PL043_年11月21日建设项目环境影响报告受理公告（大良）_1_2024.pdf,041_佛山市益旭电器有限公司新建项目_01_受理公告或公示版.pdf,E:\华南理工项目\环评文件汇总\01_GitHub项目与研究文档\eia-openclaw-sync-chen2026\05_QA测试集\人工核查_环评报告出处整理_20260715\环评报告文件_按问答顺序\041_佛山市益旭电器有限公司新建项目_01_受理公告或公示版.pdf
042,01,PL044,佛山市昇汇包装材料有限公司新建项目,年11月29日建设项目环境影响报告书（表）受理公告（佛山市生态环境局顺德分局）_2.pdf,PL044_V01_Q01,278,6,受理公告或公示版,E:\华南理工项目\环评文件汇总\01_GitHub项目与研究文档\eia-openclaw-sync-chen2026\05_QA测试集\人工核查_环评报告出处整理_20260715\环评报告文件\PL044_年11月29日建设项目环境影响报告书（表）受理公告（佛山市生态环境局顺德分局）_2_1_2024.pdf,042_佛山市昇汇包装材料有限公司新建项目_01_受理公告或公示版.pdf,E:\华南理工项目\环评文件汇总\01_GitHub项目与研究文档\eia-openclaw-sync-chen2026\05_QA测试集\人工核查_环评报告出处整理_20260715\环评报告文件_按问答顺序\042_佛山市昇汇包装材料有限公司新建项目_01_受理公告或公示版.pdf
043,01,PL045,佛山市富懿塑料制品有限公司新建项目,年11月8日建设项目环境影响报告表受理公告（容桂）.pdf,PL045_V01_Q01,284,6,报批稿或报告表,E:\华南理工项目\环评文件汇总\01_GitHub项目与研究文档\eia-openclaw-sync-chen2026\05_QA测试集\人工核查_环评报告出处整理_20260715\环评报告文件\PL045_年11月8日建设项目环境影响报告表受理公告（容桂）_1_2024.pdf,043_佛山市富懿塑料制品有限公司新建项目_01_报批稿或报告表.pdf,E:\华南理工项目\环评文件汇总\01_GitHub项目与研究文档\eia-openclaw-sync-chen2026\05_QA测试集\人工核查_环评报告出处整理_20260715\环评报告文件_按问答顺序\043_佛山市富懿塑料制品有限公司新建项目_01_报批稿或报告表.pdf
044,01,PL046,佛山市圣鑫塑料制品有限公司新建项目,年12月10日建设项目环境影响报告受理公告（大良）_1.pdf,PL046_V01_Q01,290,6,受理公告或公示版,E:\华南理工项目\环评文件汇总\01_GitHub项目与研究文档\eia-openclaw-sync-chen2026\05_QA测试集\人工核查_环评报告出处整理_20260715\环评报告文件\PL046_年12月10日建设项目环境影响报告受理公告（大良）_1_1_2024.pdf,044_佛山市圣鑫塑料制品有限公司新建项目_01_受理公告或公示版.pdf,E:\华南理工项目\环评文件汇总\01_GitHub项目与研究文档\eia-openclaw-sync-chen2026\05_QA测试集\人工核查_环评报告出处整理_20260715\环评报告文件_按问答顺序\044_佛山市圣鑫塑料制品有限公司新建项目_01_受理公告或公示版.pdf
045,01,PL047,佛山智达医疗器械有限公司新建项目,年12月10日建设项目环境影响报告受理公告（大良）_2.pdf,PL047_V01_Q01,296,6,受理公告或公示版,E:\华南理工项目\环评文件汇总\01_GitHub项目与研究文档\eia-openclaw-sync-chen2026\05_QA测试集\人工核查_环评报告出处整理_20260715\环评报告文件\PL047_年12月10日建设项目环境影响报告受理公告（大良）_2_1_2024.pdf,045_佛山智达医疗器械有限公司新建项目_01_受理公告或公示版.pdf,E:\华南理工项目\环评文件汇总\01_GitHub项目与研究文档\eia-openclaw-sync-chen2026\05_QA测试集\人工核查_环评报告出处整理_20260715\环评报告文件_按问答顺序\045_佛山智达医疗器械有限公司新建项目_01_受理公告或公示版.pdf
046,01,PL049,佛山市顺德区华祥坤工艺电器有限公司扩建项目,年12月13日建设项目环境影响报告受理公告（大良）.pdf,PL049_V01_Q01,302,6,受理公告或公示版,E:\华南理工项目\环评文件汇总\01_GitHub项目与研究文档\eia-openclaw-sync-chen2026\05_QA测试集\人工核查_环评报告出处整理_20260715\环评报告文件\PL049_年12月13日建设项目环境影响报告受理公告（大良）_1_2024.pdf,046_佛山市顺德区华祥坤工艺电器有限公司扩建项目_01_受理公告或公示版.pdf,E:\华南理工项目\环评文件汇总\01_GitHub项目与研究文档\eia-openclaw-sync-chen2026\05_QA测试集\人工核查_环评报告出处整理_20260715\环评报告文件_按问答顺序\046_佛山市顺德区华祥坤工艺电器有限公司扩建项目_01_受理公告或公示版.pdf
047,01,PL050,广东希睿思汽车零部件有限公司新建项目,年12月20日建设项目环境影响报告书（表）受理公告（佛山市生态环境局顺德分局）_3.pdf,PL050_V01_Q01,308,6,受理公告或公示版,E:\华南理工项目\环评文件汇总\01_GitHub项目与研究文档\eia-openclaw-sync-chen2026\05_QA测试集\人工核查_环评报告出处整理_20260715\环评报告文件\PL050_年12月20日建设项目环境影响报告书（表）受理公告（佛山市生态环境局顺德分局）_3_1_2024.pdf,047_广东希睿思汽车零部件有限公司新建项目_01_受理公告或公示版.pdf,E:\华南理工项目\环评文件汇总\01_GitHub项目与研究文档\eia-openclaw-sync-chen2026\05_QA测试集\人工核查_环评报告出处整理_20260715\环评报告文件_按问答顺序\047_广东希睿思汽车零部件有限公司新建项目_01_受理公告或公示版.pdf
048,01,PL052,佛山市顺德区嘉保洁具有限公司迁建项目,年12月24日建设项目环境影响报告表受理公告（容桂）_1.pdf,PL052_V01_Q01,314,6,报批稿或报告表,E:\华南理工项目\环评文件汇总\01_GitHub项目与研究文档\eia-openclaw-sync-chen2026\05_QA测试集\人工核查_环评报告出处整理_20260715\环评报告文件\PL052_年12月24日建设项目环境影响报告表受理公告（容桂）_1_1_2024.pdf,048_佛山市顺德区嘉保洁具有限公司迁建项目_01_报批稿或报告表.pdf,E:\华南理工项目\环评文件汇总\01_GitHub项目与研究文档\eia-openclaw-sync-chen2026\05_QA测试集\人工核查_环评报告出处整理_20260715\环评报告文件_按问答顺序\048_佛山市顺德区嘉保洁具有限公司迁建项目_01_报批稿或报告表.pdf
049,01,PL053,佛山市力方电器科技有限公司新建项目,年12月24日建设项目环境影响报告表受理公告（容桂）_2.pdf,PL053_V01_Q01,320,6,报批稿或报告表,E:\华南理工项目\环评文件汇总\01_GitHub项目与研究文档\eia-openclaw-sync-chen2026\05_QA测试集\人工核查_环评报告出处整理_20260715\环评报告文件\PL053_年12月24日建设项目环境影响报告表受理公告（容桂）_2_1_2024.pdf,049_佛山市力方电器科技有限公司新建项目_01_报批稿或报告表.pdf,E:\华南理工项目\环评文件汇总\01_GitHub项目与研究文档\eia-openclaw-sync-chen2026\05_QA测试集\人工核查_环评报告出处整理_20260715\环评报告文件_按问答顺序\049_佛山市力方电器科技有限公司新建项目_01_报批稿或报告表.pdf
050,01,PL054,佛山市顺德区红昇电器有限公司新建项目,年12月30日建设项目环境影响报告受理公告（大良）.pdf,PL054_V01_Q01,326,6,受理公告或公示版,E:\华南理工项目\环评文件汇总\01_GitHub项目与研究文档\eia-openclaw-sync-chen2026\05_QA测试集\人工核查_环评报告出处整理_20260715\环评报告文件\PL054_年12月30日建设项目环境影响报告受理公告（大良）_1_2024.pdf,050_佛山市顺德区红昇电器有限公司新建项目_01_受理公告或公示版.pdf,E:\华南理工项目\环评文件汇总\01_GitHub项目与研究文档\eia-openclaw-sync-chen2026\05_QA测试集\人工核查_环评报告出处整理_20260715\环评报告文件_按问答顺序\050_佛山市顺德区红昇电器有限公司新建项目_01_受理公告或公示版.pdf
051,01,PL055,佛山市力新五金塑胶制品有限公司新建项目,年12月31日建设项目环境影响报告书（表）受理公告（佛山市生态环境局顺德分局）.pdf,PL055_V01_Q01,332,6,受理公告或公示版,E:\华南理工项目\环评文件汇总\01_GitHub项目与研究文档\eia-openclaw-sync-chen2026\05_QA测试集\人工核查_环评报告出处整理_20260715\环评报告文件\PL055_年12月31日建设项目环境影响报告书（表）受理公告（佛山市生态环境局顺德分局）_1_2024.pdf,051_佛山市力新五金塑胶制品有限公司新建项目_01_受理公告或公示版.pdf,E:\华南理工项目\环评文件汇总\01_GitHub项目与研究文档\eia-openclaw-sync-chen2026\05_QA测试集\人工核查_环评报告出处整理_20260715\环评报告文件_按问答顺序\051_佛山市力新五金塑胶制品有限公司新建项目_01_受理公告或公示版.pdf
052,01,PL056,佛山市祖帮海绵有限公司新建项目,年12月4日建设项目环境影响报告书（表）受理公告（佛山市生态环境局顺德分局）_1.pdf,PL056_V01_Q01,338,6,受理公告或公示版,E:\华南理工项目\环评文件汇总\01_GitHub项目与研究文档\eia-openclaw-sync-chen2026\05_QA测试集\人工核查_环评报告出处整理_20260715\环评报告文件\PL056_年12月4日建设项目环境影响报告书（表）受理公告（佛山市生态环境局顺德分局）_1_1_2024.pdf,052_佛山市祖帮海绵有限公司新建项目_01_受理公告或公示版.pdf,E:\华南理工项目\环评文件汇总\01_GitHub项目与研究文档\eia-openclaw-sync-chen2026\05_QA测试集\人工核查_环评报告出处整理_20260715\环评报告文件_按问答顺序\052_佛山市祖帮海绵有限公司新建项目_01_受理公告或公示版.pdf
053,01,PL057,佛山粤友塑料制品有限公司新建项目,年12月4日建设项目环境影响报告受理公告（大良）.pdf,PL057_V01_Q01,344,6,受理公告或公示版,E:\华南理工项目\环评文件汇总\01_GitHub项目与研究文档\eia-openclaw-sync-chen2026\05_QA测试集\人工核查_环评报告出处整理_20260715\环评报告文件\PL057_年12月4日建设项目环境影响报告受理公告（大良）_1_2024.pdf,053_佛山粤友塑料制品有限公司新建项目_01_受理公告或公示版.pdf,E:\华南理工项目\环评文件汇总\01_GitHub项目与研究文档\eia-openclaw-sync-chen2026\05_QA测试集\人工核查_环评报告出处整理_20260715\环评报告文件_按问答顺序\053_佛山粤友塑料制品有限公司新建项目_01_受理公告或公示版.pdf
054,01,PL058,佛山诗佳格科技有限公司新建项目,年12月6日建设项目环境影响报告受理公告（大良）_1.pdf,PL058_V01_Q01,350,6,受理公告或公示版,E:\华南理工项目\环评文件汇总\01_GitHub项目与研究文档\eia-openclaw-sync-chen2026\05_QA测试集\人工核查_环评报告出处整理_20260715\环评报告文件\PL058_年12月6日建设项目环境影响报告受理公告（大良）_1_1_2024.pdf,054_佛山诗佳格科技有限公司新建项目_01_受理公告或公示版.pdf,E:\华南理工项目\环评文件汇总\01_GitHub项目与研究文档\eia-openclaw-sync-chen2026\05_QA测试集\人工核查_环评报告出处整理_20260715\环评报告文件_按问答顺序\054_佛山诗佳格科技有限公司新建项目_01_受理公告或公示版.pdf
055,01,PL059,佛山市乔安电器有限公司迁建项目,年12月6日建设项目环境影响报告受理公告（大良）_2.pdf,PL059_V01_Q01,356,6,受理公告或公示版,E:\华南理工项目\环评文件汇总\01_GitHub项目与研究文档\eia-openclaw-sync-chen2026\05_QA测试集\人工核查_环评报告出处整理_20260715\环评报告文件\PL059_年12月6日建设项目环境影响报告受理公告（大良）_2_1_2024.pdf,055_佛山市乔安电器有限公司迁建项目_01_受理公告或公示版.pdf,E:\华南理工项目\环评文件汇总\01_GitHub项目与研究文档\eia-openclaw-sync-chen2026\05_QA测试集\人工核查_环评报告出处整理_20260715\环评报告文件_按问答顺序\055_佛山市乔安电器有限公司迁建项目_01_受理公告或公示版.pdf
056,01,PL060,佛山市顺德区菱昌精密塑料五金实业有限公司新建项目,年12月9日建设项目环境影响报告受理公告（大良）.pdf,PL060_V01_Q01,362,6,受理公告或公示版,E:\华南理工项目\环评文件汇总\01_GitHub项目与研究文档\eia-openclaw-sync-chen2026\05_QA测试集\人工核查_环评报告出处整理_20260715\环评报告文件\PL060_年12月9日建设项目环境影响报告受理公告（大良）_1_2024.pdf,056_佛山市顺德区菱昌精密塑料五金实业有限公司新建项目_01_受理公告或公示版.pdf,E:\华南理工项目\环评文件汇总\01_GitHub项目与研究文档\eia-openclaw-sync-chen2026\05_QA测试集\人工核查_环评报告出处整理_20260715\环评报告文件_按问答顺序\056_佛山市顺德区菱昌精密塑料五金实业有限公司新建项目_01_受理公告或公示版.pdf
057,01,PL061,佛山市德田科技有限公司建设项目,年1月15日建设项目环境影响报告受理公告（大良）.pdf,PL061_V01_Q01,368,6,受理公告或公示版,E:\华南理工项目\环评文件汇总\01_GitHub项目与研究文档\eia-openclaw-sync-chen2026\05_QA测试集\人工核查_环评报告出处整理_20260715\环评报告文件\PL061_年1月15日建设项目环境影响报告受理公告（大良）_1_2024.pdf,057_佛山市德田科技有限公司建设项目_01_受理公告或公示版.pdf,E:\华南理工项目\环评文件汇总\01_GitHub项目与研究文档\eia-openclaw-sync-chen2026\05_QA测试集\人工核查_环评报告出处整理_20260715\环评报告文件_按问答顺序\057_佛山市德田科技有限公司建设项目_01_受理公告或公示版.pdf
058,01,PL062,佛山市车壹套塑料制品有限公司新建项目,年1月19日建设项目环境影响报告受理公告（大良）.pdf,PL062_V01_Q01,374,6,受理公告或公示版,E:\华南理工项目\环评文件汇总\01_GitHub项目与研究文档\eia-openclaw-sync-chen2026\05_QA测试集\人工核查_环评报告出处整理_20260715\环评报告文件\PL062_年1月19日建设项目环境影响报告受理公告（大良）_1_2024.pdf,058_佛山市车壹套塑料制品有限公司新建项目_01_受理公告或公示版.pdf,E:\华南理工项目\环评文件汇总\01_GitHub项目与研究文档\eia-openclaw-sync-chen2026\05_QA测试集\人工核查_环评报告出处整理_20260715\环评报告文件_按问答顺序\058_佛山市车壹套塑料制品有限公司新建项目_01_受理公告或公示版.pdf
059,01,PL063,华硕（广东）新材料股份有限公司新建项目,年1月22日建设项目环境影响报告表受理公告（佛山市生态环境局顺德分局）_1.pdf,PL063_V01_Q01,380,6,报批稿或报告表,E:\华南理工项目\环评文件汇总\01_GitHub项目与研究文档\eia-openclaw-sync-chen2026\05_QA测试集\人工核查_环评报告出处整理_20260715\环评报告文件\PL063_年1月22日建设项目环境影响报告表受理公告（佛山市生态环境局顺德分局）_1_1_2024.pdf,059_华硕（广东）新材料股份有限公司新建项目_01_报批稿或报告表.pdf,E:\华南理工项目\环评文件汇总\01_GitHub项目与研究文档\eia-openclaw-sync-chen2026\05_QA测试集\人工核查_环评报告出处整理_20260715\环评报告文件_按问答顺序\059_华硕（广东）新材料股份有限公司新建项目_01_报批稿或报告表.pdf
060,01,PL064,佛山汇诚科技有限公司新建项目,年1月22日建设项目环境影响报告表受理公告（佛山市生态环境局顺德分局）_2.pdf,PL064_V01_Q01,386,6,报批稿或报告表,E:\华南理工项目\环评文件汇总\01_GitHub项目与研究文档\eia-openclaw-sync-chen2026\05_QA测试集\人工核查_环评报告出处整理_20260715\环评报告文件\PL064_年1月22日建设项目环境影响报告表受理公告（佛山市生态环境局顺德分局）_2_1_2024.pdf,060_佛山汇诚科技有限公司新建项目_01_报批稿或报告表.pdf,E:\华南理工项目\环评文件汇总\01_GitHub项目与研究文档\eia-openclaw-sync-chen2026\05_QA测试集\人工核查_环评报告出处整理_20260715\环评报告文件_按问答顺序\060_佛山汇诚科技有限公司新建项目_01_报批稿或报告表.pdf
061,01,PL065,佛山市景素科科技有限公司建设项目,年1月23日建设项目环境影响报告受理公告（大良）.pdf,PL065_V01_Q01,392,6,受理公告或公示版,E:\华南理工项目\环评文件汇总\01_GitHub项目与研究文档\eia-openclaw-sync-chen2026\05_QA测试集\人工核查_环评报告出处整理_20260715\环评报告文件\PL065_年1月23日建设项目环境影响报告受理公告（大良）_1_2024.pdf,061_佛山市景素科科技有限公司建设项目_01_受理公告或公示版.pdf,E:\华南理工项目\环评文件汇总\01_GitHub项目与研究文档\eia-openclaw-sync-chen2026\05_QA测试集\人工核查_环评报告出处整理_20260715\环评报告文件_按问答顺序\061_佛山市景素科科技有限公司建设项目_01_受理公告或公示版.pdf
062,01,PL066,佛山市智鑫塑胶制品有限公司迁扩建项目,年1月2日建设项目环境影响报告表受理公告（佛山市生态环境局顺德分局）_1.pdf,PL066_V01_Q01,398,6,报批稿或报告表,E:\华南理工项目\环评文件汇总\01_GitHub项目与研究文档\eia-openclaw-sync-chen2026\05_QA测试集\人工核查_环评报告出处整理_20260715\环评报告文件\PL066_年1月2日建设项目环境影响报告表受理公告（佛山市生态环境局顺德分局）_1_1_2024.pdf,062_佛山市智鑫塑胶制品有限公司迁扩建项目_01_报批稿或报告表.pdf,E:\华南理工项目\环评文件汇总\01_GitHub项目与研究文档\eia-openclaw-sync-chen2026\05_QA测试集\人工核查_环评报告出处整理_20260715\环评报告文件_按问答顺序\062_佛山市智鑫塑胶制品有限公司迁扩建项目_01_报批稿或报告表.pdf
063,01,PL067,佛山市玖心日用品有限公司新建项目,年1月2日建设项目环境影响报告表受理公告（佛山市生态环境局顺德分局）_2.pdf,PL067_V01_Q01,404,6,报批稿或报告表,E:\华南理工项目\环评文件汇总\01_GitHub项目与研究文档\eia-openclaw-sync-chen2026\05_QA测试集\人工核查_环评报告出处整理_20260715\环评报告文件\PL067_年1月2日建设项目环境影响报告表受理公告（佛山市生态环境局顺德分局）_2_1_2024.pdf,063_佛山市玖心日用品有限公司新建项目_01_报批稿或报告表.pdf,E:\华南理工项目\环评文件汇总\01_GitHub项目与研究文档\eia-openclaw-sync-chen2026\05_QA测试集\人工核查_环评报告出处整理_20260715\环评报告文件_按问答顺序\063_佛山市玖心日用品有限公司新建项目_01_报批稿或报告表.pdf
064,01,PL068,佛山市靓禾厨卫用品有限公司新建项目,年1月3日建设项目环境影响报告受理公告（容桂）.pdf,PL068_V01_Q01,410,6,受理公告或公示版,E:\华南理工项目\环评文件汇总\01_GitHub项目与研究文档\eia-openclaw-sync-chen2026\05_QA测试集\人工核查_环评报告出处整理_20260715\环评报告文件\PL068_年1月3日建设项目环境影响报告受理公告（容桂）_1_2024.pdf,064_佛山市靓禾厨卫用品有限公司新建项目_01_受理公告或公示版.pdf,E:\华南理工项目\环评文件汇总\01_GitHub项目与研究文档\eia-openclaw-sync-chen2026\05_QA测试集\人工核查_环评报告出处整理_20260715\环评报告文件_按问答顺序\064_佛山市靓禾厨卫用品有限公司新建项目_01_受理公告或公示版.pdf
065,01,PL069,万业诚新材料（佛山）有限公司迁建项目,年1月5日建设项目环境影响报告书（表）受理公告（佛山市生态环境局顺德分局）.pdf,PL069_V01_Q01,416,6,受理公告或公示版,E:\华南理工项目\环评文件汇总\01_GitHub项目与研究文档\eia-openclaw-sync-chen2026\05_QA测试集\人工核查_环评报告出处整理_20260715\环评报告文件\PL069_年1月5日建设项目环境影响报告书（表）受理公告（佛山市生态环境局顺德分局）_1_2024.pdf,065_万业诚新材料（佛山）有限公司迁建项目_01_受理公告或公示版.pdf,E:\华南理工项目\环评文件汇总\01_GitHub项目与研究文档\eia-openclaw-sync-chen2026\05_QA测试集\人工核查_环评报告出处整理_20260715\环评报告文件_按问答顺序\065_万业诚新材料（佛山）有限公司迁建项目_01_受理公告或公示版.pdf
066,01,PL070,广东顺德顺炎新材料股份有限公司年产改性塑料粒 6 万吨迁扩建项目,年2月22日建设项目环境影响报告表受理公告（佛山市生态环境局顺德分局）_2.pdf,PL070_V01_Q01,422,6,报批稿或报告表,E:\华南理工项目\环评文件汇总\01_GitHub项目与研究文档\eia-openclaw-sync-chen2026\05_QA测试集\人工核查_环评报告出处整理_20260715\环评报告文件\PL070_年2月22日建设项目环境影响报告表受理公告（佛山市生态环境局顺德分局）_2_1_2024.pdf,066_广东顺德顺炎新材料股份有限公司年产改性塑料粒6万吨迁扩建项目_01_报批稿或报告表.pdf,E:\华南理工项目\环评文件汇总\01_GitHub项目与研究文档\eia-openclaw-sync-chen2026\05_QA测试集\人工核查_环评报告出处整理_20260715\环评报告文件_按问答顺序\066_广东顺德顺炎新材料股份有限公司年产改性塑料粒6万吨迁扩建项目_01_报批稿或报告表.pdf
067,01,PL071,佛山市顺德区耀顺欣模具厂新建项目,年2月27日建设项目环境影响报告受理公告（容桂）.pdf,PL071_V01_Q01,428,6,受理公告或公示版,E:\华南理工项目\环评文件汇总\01_GitHub项目与研究文档\eia-openclaw-sync-chen2026\05_QA测试集\人工核查_环评报告出处整理_20260715\环评报告文件\PL071_年2月27日建设项目环境影响报告受理公告（容桂）_1_2024.pdf,067_佛山市顺德区耀顺欣模具厂新建项目_01_受理公告或公示版.pdf,E:\华南理工项目\环评文件汇总\01_GitHub项目与研究文档\eia-openclaw-sync-chen2026\05_QA测试集\人工核查_环评报告出处整理_20260715\环评报告文件_按问答顺序\067_佛山市顺德区耀顺欣模具厂新建项目_01_受理公告或公示版.pdf
068,01,PL072,佛山市至贤科技有限公司新建项目,年3月15日建设项目环境影响报告受理公告（大良）.pdf,PL072_V01_Q01,434,6,受理公告或公示版,E:\华南理工项目\环评文件汇总\01_GitHub项目与研究文档\eia-openclaw-sync-chen2026\05_QA测试集\人工核查_环评报告出处整理_20260715\环评报告文件\PL072_年3月15日建设项目环境影响报告受理公告（大良）_1_2024.pdf,068_佛山市至贤科技有限公司新建项目_01_受理公告或公示版.pdf,E:\华南理工项目\环评文件汇总\01_GitHub项目与研究文档\eia-openclaw-sync-chen2026\05_QA测试集\人工核查_环评报告出处整理_20260715\环评报告文件_按问答顺序\068_佛山市至贤科技有限公司新建项目_01_受理公告或公示版.pdf
069,01,PL073,佛山市安邵塑胶制品有限公司新建项目,年3月19日建设项目环境影响报告表受理公告（佛山市生态环境局顺德分局）_1.pdf,PL073_V01_Q01,440,6,报批稿或报告表,E:\华南理工项目\环评文件汇总\01_GitHub项目与研究文档\eia-openclaw-sync-chen2026\05_QA测试集\人工核查_环评报告出处整理_20260715\环评报告文件\PL073_年3月19日建设项目环境影响报告表受理公告（佛山市生态环境局顺德分局）_1_1_2024.pdf,069_佛山市安邵塑胶制品有限公司新建项目_01_报批稿或报告表.pdf,E:\华南理工项目\环评文件汇总\01_GitHub项目与研究文档\eia-openclaw-sync-chen2026\05_QA测试集\人工核查_环评报告出处整理_20260715\环评报告文件_按问答顺序\069_佛山市安邵塑胶制品有限公司新建项目_01_报批稿或报告表.pdf
070,01,PL074,佛山市思莱拓科技有限公司新建项目,年3月5日建设项目环境影响报告受理公告（大良）.pdf,PL074_V01_Q01,446,6,受理公告或公示版,E:\华南理工项目\环评文件汇总\01_GitHub项目与研究文档\eia-openclaw-sync-chen2026\05_QA测试集\人工核查_环评报告出处整理_20260715\环评报告文件\PL074_年3月5日建设项目环境影响报告受理公告（大良）_1_2024.pdf,070_佛山市思莱拓科技有限公司新建项目_01_受理公告或公示版.pdf,E:\华南理工项目\环评文件汇总\01_GitHub项目与研究文档\eia-openclaw-sync-chen2026\05_QA测试集\人工核查_环评报告出处整理_20260715\环评报告文件_按问答顺序\070_佛山市思莱拓科技有限公司新建项目_01_受理公告或公示版.pdf
071,01,PL075,佛山市昊芸照明有限公司新建项目,年4月17日建设项目环境影响报告书（表）受理公告（均安）.pdf,PL075_V01_Q01,452,6,受理公告或公示版,E:\华南理工项目\环评文件汇总\01_GitHub项目与研究文档\eia-openclaw-sync-chen2026\05_QA测试集\人工核查_环评报告出处整理_20260715\环评报告文件\PL075_年4月17日建设项目环境影响报告书（表）受理公告（均安）_1_2024.pdf,071_佛山市昊芸照明有限公司新建项目_01_受理公告或公示版.pdf,E:\华南理工项目\环评文件汇总\01_GitHub项目与研究文档\eia-openclaw-sync-chen2026\05_QA测试集\人工核查_环评报告出处整理_20260715\环评报告文件_按问答顺序\071_佛山市昊芸照明有限公司新建项目_01_受理公告或公示版.pdf
072,01,PL076,佛山市友帝塑料制品有限公司扩建项目,年4月29日建设项目环境影响报告受理公告（大良）_1.pdf,PL076_V01_Q01,458,6,受理公告或公示版,E:\华南理工项目\环评文件汇总\01_GitHub项目与研究文档\eia-openclaw-sync-chen2026\05_QA测试集\人工核查_环评报告出处整理_20260715\环评报告文件\PL076_年4月29日建设项目环境影响报告受理公告（大良）_1_1_2024.pdf,072_佛山市友帝塑料制品有限公司扩建项目_01_受理公告或公示版.pdf,E:\华南理工项目\环评文件汇总\01_GitHub项目与研究文档\eia-openclaw-sync-chen2026\05_QA测试集\人工核查_环评报告出处整理_20260715\环评报告文件_按问答顺序\072_佛山市友帝塑料制品有限公司扩建项目_01_受理公告或公示版.pdf
073,01,PL077,佛山市优塑包装科技有限公司新建项目,年4月29日建设项目环境影响报告受理公告（大良）_2.pdf,PL077_V01_Q01,464,6,受理公告或公示版,E:\华南理工项目\环评文件汇总\01_GitHub项目与研究文档\eia-openclaw-sync-chen2026\05_QA测试集\人工核查_环评报告出处整理_20260715\环评报告文件\PL077_年4月29日建设项目环境影响报告受理公告（大良）_2_1_2024.pdf,073_佛山市优塑包装科技有限公司新建项目_01_受理公告或公示版.pdf,E:\华南理工项目\环评文件汇总\01_GitHub项目与研究文档\eia-openclaw-sync-chen2026\05_QA测试集\人工核查_环评报告出处整理_20260715\环评报告文件_按问答顺序\073_佛山市优塑包装科技有限公司新建项目_01_受理公告或公示版.pdf
074,01,PL078,佛山市顺德区德盈誉智能制造有限公司新建项目,年5月29日建设项目环境影响报告受理公告（大良）.pdf,PL078_V01_Q01,470,6,受理公告或公示版,E:\华南理工项目\环评文件汇总\01_GitHub项目与研究文档\eia-openclaw-sync-chen2026\05_QA测试集\人工核查_环评报告出处整理_20260715\环评报告文件\PL078_年5月29日建设项目环境影响报告受理公告（大良）_1_2024.pdf,074_佛山市顺德区德盈誉智能制造有限公司新建项目_01_受理公告或公示版.pdf,E:\华南理工项目\环评文件汇总\01_GitHub项目与研究文档\eia-openclaw-sync-chen2026\05_QA测试集\人工核查_环评报告出处整理_20260715\环评报告文件_按问答顺序\074_佛山市顺德区德盈誉智能制造有限公司新建项目_01_受理公告或公示版.pdf
075,01,PL079,广东圣鑫机电股份有限公司扩建项目,年6月18日建设项目环境影响报告书（表）受理公告（佛山市生态环境局顺德分局）.pdf,PL079_V01_Q01,476,6,受理公告或公示版,E:\华南理工项目\环评文件汇总\01_GitHub项目与研究文档\eia-openclaw-sync-chen2026\05_QA测试集\人工核查_环评报告出处整理_20260715\环评报告文件\PL079_年6月18日建设项目环境影响报告书（表）受理公告（佛山市生态环境局顺德分局）_1_2024.pdf,075_广东圣鑫机电股份有限公司扩建项目_01_受理公告或公示版.pdf,E:\华南理工项目\环评文件汇总\01_GitHub项目与研究文档\eia-openclaw-sync-chen2026\05_QA测试集\人工核查_环评报告出处整理_20260715\环评报告文件_按问答顺序\075_广东圣鑫机电股份有限公司扩建项目_01_受理公告或公示版.pdf
076,01,PL081,佛山市顺德区保塑管业有限公司迁扩建项目,年6月19日建设项目环境影响报告书（表）受理公告（佛山市生态环境局顺德分局）_2.pdf,PL081_V01_Q01,482,6,受理公告或公示版,E:\华南理工项目\环评文件汇总\01_GitHub项目与研究文档\eia-openclaw-sync-chen2026\05_QA测试集\人工核查_环评报告出处整理_20260715\环评报告文件\PL081_年6月19日建设项目环境影响报告书（表）受理公告（佛山市生态环境局顺德分局）_2_1_2024.pdf,076_佛山市顺德区保塑管业有限公司迁扩建项目_01_受理公告或公示版.pdf,E:\华南理工项目\环评文件汇总\01_GitHub项目与研究文档\eia-openclaw-sync-chen2026\05_QA测试集\人工核查_环评报告出处整理_20260715\环评报告文件_按问答顺序\076_佛山市顺德区保塑管业有限公司迁扩建项目_01_受理公告或公示版.pdf
077,01,PL083,佛山市顺德区康明新材料厂新建项目,年6月19日建设项目环境影响报告书（表）受理公告（佛山市生态环境局顺德分局）_5.pdf,PL083_V01_Q01,488,6,受理公告或公示版,E:\华南理工项目\环评文件汇总\01_GitHub项目与研究文档\eia-openclaw-sync-chen2026\05_QA测试集\人工核查_环评报告出处整理_20260715\环评报告文件\PL083_年6月19日建设项目环境影响报告书（表）受理公告（佛山市生态环境局顺德分局）_5_1_2024.pdf,077_佛山市顺德区康明新材料厂新建项目_01_受理公告或公示版.pdf,E:\华南理工项目\环评文件汇总\01_GitHub项目与研究文档\eia-openclaw-sync-chen2026\05_QA测试集\人工核查_环评报告出处整理_20260715\环评报告文件_按问答顺序\077_佛山市顺德区康明新材料厂新建项目_01_受理公告或公示版.pdf
078,01,PL084,佛山市顺德区中润基誉新材料科技有限公司新建项目,年6月19日建设项目环境影响报告书（表）受理公告（佛山市生态环境局顺德分局）_7.pdf,PL084_V01_Q01,494,6,受理公告或公示版,E:\华南理工项目\环评文件汇总\01_GitHub项目与研究文档\eia-openclaw-sync-chen2026\05_QA测试集\人工核查_环评报告出处整理_20260715\环评报告文件\PL084_年6月19日建设项目环境影响报告书（表）受理公告（佛山市生态环境局顺德分局）_7_1_2024.pdf,078_佛山市顺德区中润基誉新材料科技有限公司新建项目_01_受理公告或公示版.pdf,E:\华南理工项目\环评文件汇总\01_GitHub项目与研究文档\eia-openclaw-sync-chen2026\05_QA测试集\人工核查_环评报告出处整理_20260715\环评报告文件_按问答顺序\078_佛山市顺德区中润基誉新材料科技有限公司新建项目_01_受理公告或公示版.pdf
079,01,PL085,广东周杨科电器有限公司迁扩建项目,年6月20日建设项目环境影响报告书（表）受理公告（佛山市生态环境局顺德分局）_1.pdf,PL085_V01_Q01,500,6,受理公告或公示版,E:\华南理工项目\环评文件汇总\01_GitHub项目与研究文档\eia-openclaw-sync-chen2026\05_QA测试集\人工核查_环评报告出处整理_20260715\环评报告文件\PL085_年6月20日建设项目环境影响报告书（表）受理公告（佛山市生态环境局顺德分局）_1_1_2024.pdf,079_广东周杨科电器有限公司迁扩建项目_01_受理公告或公示版.pdf,E:\华南理工项目\环评文件汇总\01_GitHub项目与研究文档\eia-openclaw-sync-chen2026\05_QA测试集\人工核查_环评报告出处整理_20260715\环评报告文件_按问答顺序\079_广东周杨科电器有限公司迁扩建项目_01_受理公告或公示版.pdf
080,01,PL086,佛山市科镁电器科技有限公司新建项目,年6月20日建设项目环境影响报告书（表）受理公告（佛山市生态环境局顺德分局）_2.pdf,PL086_V01_Q01,506,6,受理公告或公示版,E:\华南理工项目\环评文件汇总\01_GitHub项目与研究文档\eia-openclaw-sync-chen2026\05_QA测试集\人工核查_环评报告出处整理_20260715\环评报告文件\PL086_年6月20日建设项目环境影响报告书（表）受理公告（佛山市生态环境局顺德分局）_2_1_2024.pdf,080_佛山市科镁电器科技有限公司新建项目_01_受理公告或公示版.pdf,E:\华南理工项目\环评文件汇总\01_GitHub项目与研究文档\eia-openclaw-sync-chen2026\05_QA测试集\人工核查_环评报告出处整理_20260715\环评报告文件_按问答顺序\080_佛山市科镁电器科技有限公司新建项目_01_受理公告或公示版.pdf
081,01,PL087,佛山市安邵塑胶制品有限公司新建项目,年6月20日建设项目环境影响报告书（表）受理公告（佛山市生态环境局顺德分局）_3.pdf,PL087_V01_Q01,512,6,受理公告或公示版,E:\华南理工项目\环评文件汇总\01_GitHub项目与研究文档\eia-openclaw-sync-chen2026\05_QA测试集\人工核查_环评报告出处整理_20260715\环评报告文件\PL087_年6月20日建设项目环境影响报告书（表）受理公告（佛山市生态环境局顺德分局）_3_1_2024.pdf,081_佛山市安邵塑胶制品有限公司新建项目_01_受理公告或公示版.pdf,E:\华南理工项目\环评文件汇总\01_GitHub项目与研究文档\eia-openclaw-sync-chen2026\05_QA测试集\人工核查_环评报告出处整理_20260715\环评报告文件_按问答顺序\081_佛山市安邵塑胶制品有限公司新建项目_01_受理公告或公示版.pdf
082,01,PL088,佛山市优力塑电器有限公司新建项目,年6月24日建设项目环境影响报告表受理公告（容桂）_4.pdf,PL088_V01_Q01,518,6,报批稿或报告表,E:\华南理工项目\环评文件汇总\01_GitHub项目与研究文档\eia-openclaw-sync-chen2026\05_QA测试集\人工核查_环评报告出处整理_20260715\环评报告文件\PL088_年6月24日建设项目环境影响报告表受理公告（容桂）_4_1_2024.pdf,082_佛山市优力塑电器有限公司新建项目_01_报批稿或报告表.pdf,E:\华南理工项目\环评文件汇总\01_GitHub项目与研究文档\eia-openclaw-sync-chen2026\05_QA测试集\人工核查_环评报告出处整理_20260715\环评报告文件_按问答顺序\082_佛山市优力塑电器有限公司新建项目_01_报批稿或报告表.pdf
083,01,PL089,佛山市永佳奕科技有限公司扩建项目,年6月3日建设项目环境影响报告受理公告（大良）_1.pdf,PL089_V01_Q01,524,6,受理公告或公示版,E:\华南理工项目\环评文件汇总\01_GitHub项目与研究文档\eia-openclaw-sync-chen2026\05_QA测试集\人工核查_环评报告出处整理_20260715\环评报告文件\PL089_年6月3日建设项目环境影响报告受理公告（大良）_1_1_2024.pdf,083_佛山市永佳奕科技有限公司扩建项目_01_受理公告或公示版.pdf,E:\华南理工项目\环评文件汇总\01_GitHub项目与研究文档\eia-openclaw-sync-chen2026\05_QA测试集\人工核查_环评报告出处整理_20260715\环评报告文件_按问答顺序\083_佛山市永佳奕科技有限公司扩建项目_01_受理公告或公示版.pdf
084,01,PL090,佛山市凌锴源模具科技有限公司迁扩建项目,年6月3日建设项目环境影响报告受理公告（大良）_2.pdf,PL090_V01_Q01,530,6,受理公告或公示版,E:\华南理工项目\环评文件汇总\01_GitHub项目与研究文档\eia-openclaw-sync-chen2026\05_QA测试集\人工核查_环评报告出处整理_20260715\环评报告文件\PL090_年6月3日建设项目环境影响报告受理公告（大良）_2_1_2024.pdf,084_佛山市凌锴源模具科技有限公司迁扩建项目_01_受理公告或公示版.pdf,E:\华南理工项目\环评文件汇总\01_GitHub项目与研究文档\eia-openclaw-sync-chen2026\05_QA测试集\人工核查_环评报告出处整理_20260715\环评报告文件_按问答顺序\084_佛山市凌锴源模具科技有限公司迁扩建项目_01_受理公告或公示版.pdf
085,01,PL091,佛山市集北龙华海绵制造股份有限公司搬迁扩建项目,年6月7日建设项目环境影响报告书（表）受理公告（佛山市生态环境局顺德分局）_2.pdf,PL091_V01_Q01,536,6,受理公告或公示版,E:\华南理工项目\环评文件汇总\01_GitHub项目与研究文档\eia-openclaw-sync-chen2026\05_QA测试集\人工核查_环评报告出处整理_20260715\环评报告文件\PL091_年6月7日建设项目环境影响报告书（表）受理公告（佛山市生态环境局顺德分局）_2_1_2024.pdf,085_佛山市集北龙华海绵制造股份有限公司搬迁扩建项目_01_受理公告或公示版.pdf,E:\华南理工项目\环评文件汇总\01_GitHub项目与研究文档\eia-openclaw-sync-chen2026\05_QA测试集\人工核查_环评报告出处整理_20260715\环评报告文件_按问答顺序\085_佛山市集北龙华海绵制造股份有限公司搬迁扩建项目_01_受理公告或公示版.pdf
086,01,PL092,佛山市新得雅科技有限责任公司新建项目,年6月7日建设项目环境影响报告书（表）受理公告（佛山市生态环境局顺德分局）_4.pdf,PL092_V01_Q01,542,6,受理公告或公示版,E:\华南理工项目\环评文件汇总\01_GitHub项目与研究文档\eia-openclaw-sync-chen2026\05_QA测试集\人工核查_环评报告出处整理_20260715\环评报告文件\PL092_年6月7日建设项目环境影响报告书（表）受理公告（佛山市生态环境局顺德分局）_4_1_2024.pdf,086_佛山市新得雅科技有限责任公司新建项目_01_受理公告或公示版.pdf,E:\华南理工项目\环评文件汇总\01_GitHub项目与研究文档\eia-openclaw-sync-chen2026\05_QA测试集\人工核查_环评报告出处整理_20260715\环评报告文件_按问答顺序\086_佛山市新得雅科技有限责任公司新建项目_01_受理公告或公示版.pdf
087,01,PL094,佛山市丰友享家具配件实业有限公司迁扩建项目,年7月10日建设项目环境影响报告书（表）受理公告（均安）_3.pdf,PL094_V01_Q01,548,6,受理公告或公示版,E:\华南理工项目\环评文件汇总\01_GitHub项目与研究文档\eia-openclaw-sync-chen2026\05_QA测试集\人工核查_环评报告出处整理_20260715\环评报告文件\PL094_年7月10日建设项目环境影响报告书（表）受理公告（均安）_3_1_2024.pdf,087_佛山市丰友享家具配件实业有限公司迁扩建项目_01_受理公告或公示版.pdf,E:\华南理工项目\环评文件汇总\01_GitHub项目与研究文档\eia-openclaw-sync-chen2026\05_QA测试集\人工核查_环评报告出处整理_20260715\环评报告文件_按问答顺序\087_佛山市丰友享家具配件实业有限公司迁扩建项目_01_受理公告或公示版.pdf
088,01,PL095,佛山市京耘科技有限公司新建项目,年7月10日建设项目环境影响报告受理公告（大良）_1.pdf,PL095_V01_Q01,554,6,受理公告或公示版,E:\华南理工项目\环评文件汇总\01_GitHub项目与研究文档\eia-openclaw-sync-chen2026\05_QA测试集\人工核查_环评报告出处整理_20260715\环评报告文件\PL095_年7月10日建设项目环境影响报告受理公告（大良）_1_1_2024.pdf,088_佛山市京耘科技有限公司新建项目_01_受理公告或公示版.pdf,E:\华南理工项目\环评文件汇总\01_GitHub项目与研究文档\eia-openclaw-sync-chen2026\05_QA测试集\人工核查_环评报告出处整理_20260715\环评报告文件_按问答顺序\088_佛山市京耘科技有限公司新建项目_01_受理公告或公示版.pdf
089,01,PL096,高晖（佛山）新材料科技有限公司新建项目,年7月10日建设项目环境影响报告受理公告（大良）_2.pdf,PL096_V01_Q01,560,6,受理公告或公示版,E:\华南理工项目\环评文件汇总\01_GitHub项目与研究文档\eia-openclaw-sync-chen2026\05_QA测试集\人工核查_环评报告出处整理_20260715\环评报告文件\PL096_年7月10日建设项目环境影响报告受理公告（大良）_2_1_2024.pdf,089_高晖（佛山）新材料科技有限公司新建项目_01_受理公告或公示版.pdf,E:\华南理工项目\环评文件汇总\01_GitHub项目与研究文档\eia-openclaw-sync-chen2026\05_QA测试集\人工核查_环评报告出处整理_20260715\环评报告文件_按问答顺序\089_高晖（佛山）新材料科技有限公司新建项目_01_受理公告或公示版.pdf
090,01,PL098,佛山市顺德区共诺电子元件厂搬迁项目,年7月12日建设项目环境影响报告受理公告（大良）.pdf,PL098_V01_Q01,566,6,受理公告或公示版,E:\华南理工项目\环评文件汇总\01_GitHub项目与研究文档\eia-openclaw-sync-chen2026\05_QA测试集\人工核查_环评报告出处整理_20260715\环评报告文件\PL098_年7月12日建设项目环境影响报告受理公告（大良）_1_2024.pdf,090_佛山市顺德区共诺电子元件厂搬迁项目_01_受理公告或公示版.pdf,E:\华南理工项目\环评文件汇总\01_GitHub项目与研究文档\eia-openclaw-sync-chen2026\05_QA测试集\人工核查_环评报告出处整理_20260715\环评报告文件_按问答顺序\090_佛山市顺德区共诺电子元件厂搬迁项目_01_受理公告或公示版.pdf
091,01,PL099,佛山市顺佳利智能科技有限公司扩建项目（重新报批）,年7月12日建设项目环境影响报告表受理公告（伦教）_1.pdf,PL099_V01_Q01,572,6,报批稿或报告表,E:\华南理工项目\环评文件汇总\01_GitHub项目与研究文档\eia-openclaw-sync-chen2026\05_QA测试集\人工核查_环评报告出处整理_20260715\环评报告文件\PL099_年7月12日建设项目环境影响报告表受理公告（伦教）_1_1_2024.pdf,091_佛山市顺佳利智能科技有限公司扩建项目（重新报批）_01_报批稿或报告表.pdf,E:\华南理工项目\环评文件汇总\01_GitHub项目与研究文档\eia-openclaw-sync-chen2026\05_QA测试集\人工核查_环评报告出处整理_20260715\环评报告文件_按问答顺序\091_佛山市顺佳利智能科技有限公司扩建项目（重新报批）_01_报批稿或报告表.pdf
092,01,PL100,佛山市天日塑料科技有限公司迁扩建项目,年7月12日建设项目环境影响报告表受理公告（伦教）_2.pdf,PL100_V01_Q01,578,6,报批稿或报告表,E:\华南理工项目\环评文件汇总\01_GitHub项目与研究文档\eia-openclaw-sync-chen2026\05_QA测试集\人工核查_环评报告出处整理_20260715\环评报告文件\PL100_年7月12日建设项目环境影响报告表受理公告（伦教）_2_1_2024.pdf,092_佛山市天日塑料科技有限公司迁扩建项目_01_报批稿或报告表.pdf,E:\华南理工项目\环评文件汇总\01_GitHub项目与研究文档\eia-openclaw-sync-chen2026\05_QA测试集\人工核查_环评报告出处整理_20260715\环评报告文件_按问答顺序\092_佛山市天日塑料科技有限公司迁扩建项目_01_报批稿或报告表.pdf
093,01,PL102,佛山市顺德区福晟鑫塑料制品有限公司迁扩建项目,年7月18日建设项目环境影响报告书（表）受理公告（佛山市生态环境局顺德分局）_1.pdf,PL102_V01_Q01,584,6,受理公告或公示版,E:\华南理工项目\环评文件汇总\01_GitHub项目与研究文档\eia-openclaw-sync-chen2026\05_QA测试集\人工核查_环评报告出处整理_20260715\环评报告文件\PL102_年7月18日建设项目环境影响报告书（表）受理公告（佛山市生态环境局顺德分局）_1_1_2024.pdf,093_佛山市顺德区福晟鑫塑料制品有限公司迁扩建项目_01_受理公告或公示版.pdf,E:\华南理工项目\环评文件汇总\01_GitHub项目与研究文档\eia-openclaw-sync-chen2026\05_QA测试集\人工核查_环评报告出处整理_20260715\环评报告文件_按问答顺序\093_佛山市顺德区福晟鑫塑料制品有限公司迁扩建项目_01_受理公告或公示版.pdf
094,01,PL103,佛山市顺德区谦和丰塑料制品厂新建项目,年7月18日建设项目环境影响报告书（表）受理公告（佛山市生态环境局顺德分局）_11.pdf,PL103_V01_Q01,590,6,受理公告或公示版,E:\华南理工项目\环评文件汇总\01_GitHub项目与研究文档\eia-openclaw-sync-chen2026\05_QA测试集\人工核查_环评报告出处整理_20260715\环评报告文件\PL103_年7月18日建设项目环境影响报告书（表）受理公告（佛山市生态环境局顺德分局）_11_1_2024.pdf,094_佛山市顺德区谦和丰塑料制品厂新建项目_01_受理公告或公示版.pdf,E:\华南理工项目\环评文件汇总\01_GitHub项目与研究文档\eia-openclaw-sync-chen2026\05_QA测试集\人工核查_环评报告出处整理_20260715\环评报告文件_按问答顺序\094_佛山市顺德区谦和丰塑料制品厂新建项目_01_受理公告或公示版.pdf
095,01,PL104,华硕（广东）新材料股份有限公司建设项目,年7月18日建设项目环境影响报告书（表）受理公告（佛山市生态环境局顺德分局）_3.pdf,PL104_V01_Q01,596,6,受理公告或公示版,E:\华南理工项目\环评文件汇总\01_GitHub项目与研究文档\eia-openclaw-sync-chen2026\05_QA测试集\人工核查_环评报告出处整理_20260715\环评报告文件\PL104_年7月18日建设项目环境影响报告书（表）受理公告（佛山市生态环境局顺德分局）_3_1_2024.pdf,095_华硕（广东）新材料股份有限公司建设项目_01_受理公告或公示版.pdf,E:\华南理工项目\环评文件汇总\01_GitHub项目与研究文档\eia-openclaw-sync-chen2026\05_QA测试集\人工核查_环评报告出处整理_20260715\环评报告文件_按问答顺序\095_华硕（广东）新材料股份有限公司建设项目_01_受理公告或公示版.pdf
096,01,PL106,佛山市顺德区谦迅盛塑料制品厂新建项目,年7月18日建设项目环境影响报告书（表）受理公告（佛山市生态环境局顺德分局）_9.pdf,PL106_V01_Q01,602,6,受理公告或公示版,E:\华南理工项目\环评文件汇总\01_GitHub项目与研究文档\eia-openclaw-sync-chen2026\05_QA测试集\人工核查_环评报告出处整理_20260715\环评报告文件\PL106_年7月18日建设项目环境影响报告书（表）受理公告（佛山市生态环境局顺德分局）_9_1_2024.pdf,096_佛山市顺德区谦迅盛塑料制品厂新建项目_01_受理公告或公示版.pdf,E:\华南理工项目\环评文件汇总\01_GitHub项目与研究文档\eia-openclaw-sync-chen2026\05_QA测试集\人工核查_环评报告出处整理_20260715\环评报告文件_按问答顺序\096_佛山市顺德区谦迅盛塑料制品厂新建项目_01_受理公告或公示版.pdf
097,01,PL107,佛山赫昶塑胶制品有限公司新建项目,年7月1日建设项目环境影响报告表受理公告（容桂）_1.pdf,PL107_V01_Q01,608,6,报批稿或报告表,E:\华南理工项目\环评文件汇总\01_GitHub项目与研究文档\eia-openclaw-sync-chen2026\05_QA测试集\人工核查_环评报告出处整理_20260715\环评报告文件\PL107_年7月1日建设项目环境影响报告表受理公告（容桂）_1_1_2024.pdf,097_佛山赫昶塑胶制品有限公司新建项目_01_报批稿或报告表.pdf,E:\华南理工项目\环评文件汇总\01_GitHub项目与研究文档\eia-openclaw-sync-chen2026\05_QA测试集\人工核查_环评报告出处整理_20260715\环评报告文件_按问答顺序\097_佛山赫昶塑胶制品有限公司新建项目_01_报批稿或报告表.pdf
098,01,PL108,佛山市东来晟塑料制品有限公司新建项目,年7月1日建设项目环境影响报告表受理公告（容桂）_2.pdf,PL108_V01_Q01,614,6,报批稿或报告表,E:\华南理工项目\环评文件汇总\01_GitHub项目与研究文档\eia-openclaw-sync-chen2026\05_QA测试集\人工核查_环评报告出处整理_20260715\环评报告文件\PL108_年7月1日建设项目环境影响报告表受理公告（容桂）_2_1_2024.pdf,098_佛山市东来晟塑料制品有限公司新建项目_01_报批稿或报告表.pdf,E:\华南理工项目\环评文件汇总\01_GitHub项目与研究文档\eia-openclaw-sync-chen2026\05_QA测试集\人工核查_环评报告出处整理_20260715\环评报告文件_按问答顺序\098_佛山市东来晟塑料制品有限公司新建项目_01_报批稿或报告表.pdf
099,01,PL110,佛山市宇纳电器科技有限公司迁扩建项目,年7月22日建设项目环境影响报告书（表）受理公告（佛山市生态环境局顺德分局）_2.pdf,PL110_V01_Q01,620,6,受理公告或公示版,E:\华南理工项目\环评文件汇总\01_GitHub项目与研究文档\eia-openclaw-sync-chen2026\05_QA测试集\人工核查_环评报告出处整理_20260715\环评报告文件\PL110_年7月22日建设项目环境影响报告书（表）受理公告（佛山市生态环境局顺德分局）_2_1_2024.pdf,099_佛山市宇纳电器科技有限公司迁扩建项目_01_受理公告或公示版.pdf,E:\华南理工项目\环评文件汇总\01_GitHub项目与研究文档\eia-openclaw-sync-chen2026\05_QA测试集\人工核查_环评报告出处整理_20260715\环评报告文件_按问答顺序\099_佛山市宇纳电器科技有限公司迁扩建项目_01_受理公告或公示版.pdf
100,01,PL111,佛山市承帆新材料科技有限公司新建项目,年7月22日建设项目环境影响报告书（表）受理公告（佛山市生态环境局顺德分局）_3.pdf,PL111_V01_Q01,626,6,受理公告或公示版,E:\华南理工项目\环评文件汇总\01_GitHub项目与研究文档\eia-openclaw-sync-chen2026\05_QA测试集\人工核查_环评报告出处整理_20260715\环评报告文件\PL111_年7月22日建设项目环境影响报告书（表）受理公告（佛山市生态环境局顺德分局）_3_1_2024.pdf,100_佛山市承帆新材料科技有限公司新建项目_01_受理公告或公示版.pdf,E:\华南理工项目\环评文件汇总\01_GitHub项目与研究文档\eia-openclaw-sync-chen2026\05_QA测试集\人工核查_环评报告出处整理_20260715\环评报告文件_按问答顺序\100_佛山市承帆新材料科技有限公司新建项目_01_受理公告或公示版.pdf
101,01,PL112,广东顺德铁夫汽车配件有限公司迁扩建项目,年7月24日建设项目环境影响报告书（表）受理公告（均安）_1.pdf,PL112_V01_Q01,632,6,受理公告或公示版,E:\华南理工项目\环评文件汇总\01_GitHub项目与研究文档\eia-openclaw-sync-chen2026\05_QA测试集\人工核查_环评报告出处整理_20260715\环评报告文件\PL112_年7月24日建设项目环境影响报告书（表）受理公告（均安）_1_1_2024.pdf,101_广东顺德铁夫汽车配件有限公司迁扩建项目_01_受理公告或公示版.pdf,E:\华南理工项目\环评文件汇总\01_GitHub项目与研究文档\eia-openclaw-sync-chen2026\05_QA测试集\人工核查_环评报告出处整理_20260715\环评报告文件_按问答顺序\101_广东顺德铁夫汽车配件有限公司迁扩建项目_01_受理公告或公示版.pdf
102,01,PL113,佛山市顺腾丰家具配件有限公司新建项目,年7月24日建设项目环境影响报告书（表）受理公告（均安）_4.pdf,PL113_V01_Q01,638,6,受理公告或公示版,E:\华南理工项目\环评文件汇总\01_GitHub项目与研究文档\eia-openclaw-sync-chen2026\05_QA测试集\人工核查_环评报告出处整理_20260715\环评报告文件\PL113_年7月24日建设项目环境影响报告书（表）受理公告（均安）_4_1_2024.pdf,102_佛山市顺腾丰家具配件有限公司新建项目_01_受理公告或公示版.pdf,E:\华南理工项目\环评文件汇总\01_GitHub项目与研究文档\eia-openclaw-sync-chen2026\05_QA测试集\人工核查_环评报告出处整理_20260715\环评报告文件_按问答顺序\102_佛山市顺腾丰家具配件有限公司新建项目_01_受理公告或公示版.pdf
103,01,PL114,广东顺德优线三维科技有限公司迁扩建项目,年7月24日建设项目环境影响报告受理公告（大良）.pdf,PL114_V01_Q01,644,6,受理公告或公示版,E:\华南理工项目\环评文件汇总\01_GitHub项目与研究文档\eia-openclaw-sync-chen2026\05_QA测试集\人工核查_环评报告出处整理_20260715\环评报告文件\PL114_年7月24日建设项目环境影响报告受理公告（大良）_1_2024.pdf,103_广东顺德优线三维科技有限公司迁扩建项目_01_受理公告或公示版.pdf,E:\华南理工项目\环评文件汇总\01_GitHub项目与研究文档\eia-openclaw-sync-chen2026\05_QA测试集\人工核查_环评报告出处整理_20260715\环评报告文件_按问答顺序\103_广东顺德优线三维科技有限公司迁扩建项目_01_受理公告或公示版.pdf
104,01,PL115,佛山市邦博恩智能科技有限公司新建项目,年7月24日建设项目环境影响报告表受理公告（容桂）_2.pdf,PL115_V01_Q01,650,6,报批稿或报告表,E:\华南理工项目\环评文件汇总\01_GitHub项目与研究文档\eia-openclaw-sync-chen2026\05_QA测试集\人工核查_环评报告出处整理_20260715\环评报告文件\PL115_年7月24日建设项目环境影响报告表受理公告（容桂）_2_1_2024.pdf,104_佛山市邦博恩智能科技有限公司新建项目_01_报批稿或报告表.pdf,E:\华南理工项目\环评文件汇总\01_GitHub项目与研究文档\eia-openclaw-sync-chen2026\05_QA测试集\人工核查_环评报告出处整理_20260715\环评报告文件_按问答顺序\104_佛山市邦博恩智能科技有限公司新建项目_01_报批稿或报告表.pdf
105,01,PL116,佛山市加合新材料有限公司新建项目,年7月24日建设项目环境影响报告表受理公告（容桂）_5.pdf,PL116_V01_Q01,656,6,报批稿或报告表,E:\华南理工项目\环评文件汇总\01_GitHub项目与研究文档\eia-openclaw-sync-chen2026\05_QA测试集\人工核查_环评报告出处整理_20260715\环评报告文件\PL116_年7月24日建设项目环境影响报告表受理公告（容桂）_5_1_2024.pdf,105_佛山市加合新材料有限公司新建项目_01_报批稿或报告表.pdf,E:\华南理工项目\环评文件汇总\01_GitHub项目与研究文档\eia-openclaw-sync-chen2026\05_QA测试集\人工核查_环评报告出处整理_20260715\环评报告文件_按问答顺序\105_佛山市加合新材料有限公司新建项目_01_报批稿或报告表.pdf
106,01,PL117,思邦自行车配件（佛山）有限公司改扩建项目,年7月25日建设项目环境影响报告受理公告（大良）_3.pdf,PL117_V01_Q01,662,6,受理公告或公示版,E:\华南理工项目\环评文件汇总\01_GitHub项目与研究文档\eia-openclaw-sync-chen2026\05_QA测试集\人工核查_环评报告出处整理_20260715\环评报告文件\PL117_年7月25日建设项目环境影响报告受理公告（大良）_3_1_2024.pdf,106_思邦自行车配件（佛山）有限公司改扩建项目_01_受理公告或公示版.pdf,E:\华南理工项目\环评文件汇总\01_GitHub项目与研究文档\eia-openclaw-sync-chen2026\05_QA测试集\人工核查_环评报告出处整理_20260715\环评报告文件_按问答顺序\106_思邦自行车配件（佛山）有限公司改扩建项目_01_受理公告或公示版.pdf
107,01,PL118,佛山市顺德区凯和电器有限公司迁扩建项目,年7月26日建设项目环境影响报告书（表）受理公告（佛山市生态环境局顺德分局）_4.pdf,PL118_V01_Q01,668,6,受理公告或公示版,E:\华南理工项目\环评文件汇总\01_GitHub项目与研究文档\eia-openclaw-sync-chen2026\05_QA测试集\人工核查_环评报告出处整理_20260715\环评报告文件\PL118_年7月26日建设项目环境影响报告书（表）受理公告（佛山市生态环境局顺德分局）_4_1_2024.pdf,107_佛山市顺德区凯和电器有限公司迁扩建项目_01_受理公告或公示版.pdf,E:\华南理工项目\环评文件汇总\01_GitHub项目与研究文档\eia-openclaw-sync-chen2026\05_QA测试集\人工核查_环评报告出处整理_20260715\环评报告文件_按问答顺序\107_佛山市顺德区凯和电器有限公司迁扩建项目_01_受理公告或公示版.pdf
108,01,PL119,佛山志兴盈包装有限公司新建项目,年7月26日建设项目环境影响报告书（表）受理公告（佛山市生态环境局顺德分局）_5.pdf,PL119_V01_Q01,674,6,受理公告或公示版,E:\华南理工项目\环评文件汇总\01_GitHub项目与研究文档\eia-openclaw-sync-chen2026\05_QA测试集\人工核查_环评报告出处整理_20260715\环评报告文件\PL119_年7月26日建设项目环境影响报告书（表）受理公告（佛山市生态环境局顺德分局）_5_1_2024.pdf,108_佛山志兴盈包装有限公司新建项目_01_受理公告或公示版.pdf,E:\华南理工项目\环评文件汇总\01_GitHub项目与研究文档\eia-openclaw-sync-chen2026\05_QA测试集\人工核查_环评报告出处整理_20260715\环评报告文件_按问答顺序\108_佛山志兴盈包装有限公司新建项目_01_受理公告或公示版.pdf
109,01,PL120,佛山市顺德区昶新塑料制品有限公司搬迁、扩建项目,年7月2日建设项目环境影响报告书（表）受理公告（佛山市生态环境局顺德分局）_3.pdf,PL120_V01_Q01,680,6,受理公告或公示版,E:\华南理工项目\环评文件汇总\01_GitHub项目与研究文档\eia-openclaw-sync-chen2026\05_QA测试集\人工核查_环评报告出处整理_20260715\环评报告文件\PL120_年7月2日建设项目环境影响报告书（表）受理公告（佛山市生态环境局顺德分局）_3_1_2024.pdf,109_佛山市顺德区昶新塑料制品有限公司搬迁、扩建项目_01_受理公告或公示版.pdf,E:\华南理工项目\环评文件汇总\01_GitHub项目与研究文档\eia-openclaw-sync-chen2026\05_QA测试集\人工核查_环评报告出处整理_20260715\环评报告文件_按问答顺序\109_佛山市顺德区昶新塑料制品有限公司搬迁、扩建项目_01_受理公告或公示版.pdf
110,01,PL121,佛山市宇象汇科技有限公司建设项目,年7月2日建设项目环境影响报告书（表）受理公告（佛山市生态环境局顺德分局）_4.pdf,PL121_V01_Q01,686,6,受理公告或公示版,E:\华南理工项目\环评文件汇总\01_GitHub项目与研究文档\eia-openclaw-sync-chen2026\05_QA测试集\人工核查_环评报告出处整理_20260715\环评报告文件\PL121_年7月2日建设项目环境影响报告书（表）受理公告（佛山市生态环境局顺德分局）_4_1_2024.pdf,110_佛山市宇象汇科技有限公司建设项目_01_受理公告或公示版.pdf,E:\华南理工项目\环评文件汇总\01_GitHub项目与研究文档\eia-openclaw-sync-chen2026\05_QA测试集\人工核查_环评报告出处整理_20260715\环评报告文件_按问答顺序\110_佛山市宇象汇科技有限公司建设项目_01_受理公告或公示版.pdf
111,01,PL122,广东创卓电器有限公司迁扩建项目,年7月2日建设项目环境影响报告书（表）受理公告（佛山市生态环境局顺德分局）_7.pdf,PL122_V01_Q01,692,6,受理公告或公示版,E:\华南理工项目\环评文件汇总\01_GitHub项目与研究文档\eia-openclaw-sync-chen2026\05_QA测试集\人工核查_环评报告出处整理_20260715\环评报告文件\PL122_年7月2日建设项目环境影响报告书（表）受理公告（佛山市生态环境局顺德分局）_7_1_2024.pdf,111_广东创卓电器有限公司迁扩建项目_01_受理公告或公示版.pdf,E:\华南理工项目\环评文件汇总\01_GitHub项目与研究文档\eia-openclaw-sync-chen2026\05_QA测试集\人工核查_环评报告出处整理_20260715\环评报告文件_按问答顺序\111_广东创卓电器有限公司迁扩建项目_01_受理公告或公示版.pdf
112,01,PL123,佛山市顺德区湛宏塑料制品有限公司改扩建项目,年7月4日建设项目环境影响报告书（表）受理公告（佛山市生态环境局顺德分局）_1.pdf,PL123_V01_Q01,698,6,受理公告或公示版,E:\华南理工项目\环评文件汇总\01_GitHub项目与研究文档\eia-openclaw-sync-chen2026\05_QA测试集\人工核查_环评报告出处整理_20260715\环评报告文件\PL123_年7月4日建设项目环境影响报告书（表）受理公告（佛山市生态环境局顺德分局）_1_1_2024.pdf,112_佛山市顺德区湛宏塑料制品有限公司改扩建项目_01_受理公告或公示版.pdf,E:\华南理工项目\环评文件汇总\01_GitHub项目与研究文档\eia-openclaw-sync-chen2026\05_QA测试集\人工核查_环评报告出处整理_20260715\环评报告文件_按问答顺序\112_佛山市顺德区湛宏塑料制品有限公司改扩建项目_01_受理公告或公示版.pdf
113,01,PL124,佛山市智枞电器制造有限公司扩建项目,年7月4日建设项目环境影响报告书（表）受理公告（佛山市生态环境局顺德分局）_2.pdf,PL124_V01_Q01,704,6,受理公告或公示版,E:\华南理工项目\环评文件汇总\01_GitHub项目与研究文档\eia-openclaw-sync-chen2026\05_QA测试集\人工核查_环评报告出处整理_20260715\环评报告文件\PL124_年7月4日建设项目环境影响报告书（表）受理公告（佛山市生态环境局顺德分局）_2_1_2024.pdf,113_佛山市智枞电器制造有限公司扩建项目_01_受理公告或公示版.pdf,E:\华南理工项目\环评文件汇总\01_GitHub项目与研究文档\eia-openclaw-sync-chen2026\05_QA测试集\人工核查_环评报告出处整理_20260715\环评报告文件_按问答顺序\113_佛山市智枞电器制造有限公司扩建项目_01_受理公告或公示版.pdf
114,01,PL125,佛山创顺塑胶有限公司建设项目,年7月4日建设项目环境影响报告受理公告（大良）_2.pdf,PL125_V01_Q01,710,6,受理公告或公示版,E:\华南理工项目\环评文件汇总\01_GitHub项目与研究文档\eia-openclaw-sync-chen2026\05_QA测试集\人工核查_环评报告出处整理_20260715\环评报告文件\PL125_年7月4日建设项目环境影响报告受理公告（大良）_2_1_2024.pdf,114_佛山创顺塑胶有限公司建设项目_01_受理公告或公示版.pdf,E:\华南理工项目\环评文件汇总\01_GitHub项目与研究文档\eia-openclaw-sync-chen2026\05_QA测试集\人工核查_环评报告出处整理_20260715\环评报告文件_按问答顺序\114_佛山创顺塑胶有限公司建设项目_01_受理公告或公示版.pdf
115,01,PL126,佛山市顺德区天玛仕电子有限公司改扩建项目,年7月9日建设项目环境影响报告受理公告（大良）_2.pdf,PL126_V01_Q01,716,6,受理公告或公示版,E:\华南理工项目\环评文件汇总\01_GitHub项目与研究文档\eia-openclaw-sync-chen2026\05_QA测试集\人工核查_环评报告出处整理_20260715\环评报告文件\PL126_年7月9日建设项目环境影响报告受理公告（大良）_2_1_2024.pdf,115_佛山市顺德区天玛仕电子有限公司改扩建项目_01_受理公告或公示版.pdf,E:\华南理工项目\环评文件汇总\01_GitHub项目与研究文档\eia-openclaw-sync-chen2026\05_QA测试集\人工核查_环评报告出处整理_20260715\环评报告文件_按问答顺序\115_佛山市顺德区天玛仕电子有限公司改扩建项目_01_受理公告或公示版.pdf
116,01,PL127,佛山市昇汇包装材料有限公司新建项目,年8月12日建设项目环境影响报告书（表）受理公告（佛山市生态环境局顺德分局）_1.pdf,PL127_V01_Q01,722,6,受理公告或公示版,E:\华南理工项目\环评文件汇总\01_GitHub项目与研究文档\eia-openclaw-sync-chen2026\05_QA测试集\人工核查_环评报告出处整理_20260715\环评报告文件\PL127_年8月12日建设项目环境影响报告书（表）受理公告（佛山市生态环境局顺德分局）_1_1_2024.pdf,116_佛山市昇汇包装材料有限公司新建项目_01_受理公告或公示版.pdf,E:\华南理工项目\环评文件汇总\01_GitHub项目与研究文档\eia-openclaw-sync-chen2026\05_QA测试集\人工核查_环评报告出处整理_20260715\环评报告文件_按问答顺序\116_佛山市昇汇包装材料有限公司新建项目_01_受理公告或公示版.pdf
117,01,PL128,佛山市洲友尚包装材料有限公司新建项目,年8月12日建设项目环境影响报告书（表）受理公告（佛山市生态环境局顺德分局）_3.pdf,PL128_V01_Q01,728,6,受理公告或公示版,E:\华南理工项目\环评文件汇总\01_GitHub项目与研究文档\eia-openclaw-sync-chen2026\05_QA测试集\人工核查_环评报告出处整理_20260715\环评报告文件\PL128_年8月12日建设项目环境影响报告书（表）受理公告（佛山市生态环境局顺德分局）_3_1_2024.pdf,117_佛山市洲友尚包装材料有限公司新建项目_01_受理公告或公示版.pdf,E:\华南理工项目\环评文件汇总\01_GitHub项目与研究文档\eia-openclaw-sync-chen2026\05_QA测试集\人工核查_环评报告出处整理_20260715\环评报告文件_按问答顺序\117_佛山市洲友尚包装材料有限公司新建项目_01_受理公告或公示版.pdf
118,01,PL130,佛山万美塑料制品有限公司迁扩建项目,年8月14日建设项目环境影响报告受理公告（大良）_2.pdf,PL130_V01_Q01,734,6,受理公告或公示版,E:\华南理工项目\环评文件汇总\01_GitHub项目与研究文档\eia-openclaw-sync-chen2026\05_QA测试集\人工核查_环评报告出处整理_20260715\环评报告文件\PL130_年8月14日建设项目环境影响报告受理公告（大良）_2_1_2024.pdf,118_佛山万美塑料制品有限公司迁扩建项目_01_受理公告或公示版.pdf,E:\华南理工项目\环评文件汇总\01_GitHub项目与研究文档\eia-openclaw-sync-chen2026\05_QA测试集\人工核查_环评报告出处整理_20260715\环评报告文件_按问答顺序\118_佛山万美塑料制品有限公司迁扩建项目_01_受理公告或公示版.pdf
119,01,PL131,佛山市顺德区凯锦电器有限公司新建项目,年8月15日建设项目环境影响报告书（表）受理公告（佛山市生态环境局顺德分局）_1.pdf,PL131_V01_Q01,740,6,受理公告或公示版,E:\华南理工项目\环评文件汇总\01_GitHub项目与研究文档\eia-openclaw-sync-chen2026\05_QA测试集\人工核查_环评报告出处整理_20260715\环评报告文件\PL131_年8月15日建设项目环境影响报告书（表）受理公告（佛山市生态环境局顺德分局）_1_1_2024.pdf,119_佛山市顺德区凯锦电器有限公司新建项目_01_受理公告或公示版.pdf,E:\华南理工项目\环评文件汇总\01_GitHub项目与研究文档\eia-openclaw-sync-chen2026\05_QA测试集\人工核查_环评报告出处整理_20260715\环评报告文件_按问答顺序\119_佛山市顺德区凯锦电器有限公司新建项目_01_受理公告或公示版.pdf
120,01,PL132,佛山市龙广塑料制品有限公司新建项目,年8月15日建设项目环境影响报告受理公告（大良）_1.pdf,PL132_V01_Q01,746,6,受理公告或公示版,E:\华南理工项目\环评文件汇总\01_GitHub项目与研究文档\eia-openclaw-sync-chen2026\05_QA测试集\人工核查_环评报告出处整理_20260715\环评报告文件\PL132_年8月15日建设项目环境影响报告受理公告（大良）_1_1_2024.pdf,120_佛山市龙广塑料制品有限公司新建项目_01_受理公告或公示版.pdf,E:\华南理工项目\环评文件汇总\01_GitHub项目与研究文档\eia-openclaw-sync-chen2026\05_QA测试集\人工核查_环评报告出处整理_20260715\环评报告文件_按问答顺序\120_佛山市龙广塑料制品有限公司新建项目_01_受理公告或公示版.pdf
121,01,PL133,佛山市特美仕电器有限公司迁扩建项目,年8月15日建设项目环境影响报告表受理公告（伦教）_2.pdf,PL133_V01_Q01,752,6,报批稿或报告表,E:\华南理工项目\环评文件汇总\01_GitHub项目与研究文档\eia-openclaw-sync-chen2026\05_QA测试集\人工核查_环评报告出处整理_20260715\环评报告文件\PL133_年8月15日建设项目环境影响报告表受理公告（伦教）_2_1_2024.pdf,121_佛山市特美仕电器有限公司迁扩建项目_01_报批稿或报告表.pdf,E:\华南理工项目\环评文件汇总\01_GitHub项目与研究文档\eia-openclaw-sync-chen2026\05_QA测试集\人工核查_环评报告出处整理_20260715\环评报告文件_按问答顺序\121_佛山市特美仕电器有限公司迁扩建项目_01_报批稿或报告表.pdf
122,01,PL134,佛山市广优顺品日用品有限公司新建项目,年8月15日建设项目环境影响报告表受理公告（伦教）_5.pdf,PL134_V01_Q01,758,6,报批稿或报告表,E:\华南理工项目\环评文件汇总\01_GitHub项目与研究文档\eia-openclaw-sync-chen2026\05_QA测试集\人工核查_环评报告出处整理_20260715\环评报告文件\PL134_年8月15日建设项目环境影响报告表受理公告（伦教）_5_1_2024.pdf,122_佛山市广优顺品日用品有限公司新建项目_01_报批稿或报告表.pdf,E:\华南理工项目\环评文件汇总\01_GitHub项目与研究文档\eia-openclaw-sync-chen2026\05_QA测试集\人工核查_环评报告出处整理_20260715\环评报告文件_按问答顺序\122_佛山市广优顺品日用品有限公司新建项目_01_报批稿或报告表.pdf
123,01,PL135,佛山市邸怡居家居有限公司新建项目,年8月23日建设项目环境影响报告书（表）受理公告（佛山市生态环境局顺德分局）_1.pdf,PL135_V01_Q01,764,6,受理公告或公示版,E:\华南理工项目\环评文件汇总\01_GitHub项目与研究文档\eia-openclaw-sync-chen2026\05_QA测试集\人工核查_环评报告出处整理_20260715\环评报告文件\PL135_年8月23日建设项目环境影响报告书（表）受理公告（佛山市生态环境局顺德分局）_1_1_2024.pdf,123_佛山市邸怡居家居有限公司新建项目_01_受理公告或公示版.pdf,E:\华南理工项目\环评文件汇总\01_GitHub项目与研究文档\eia-openclaw-sync-chen2026\05_QA测试集\人工核查_环评报告出处整理_20260715\环评报告文件_按问答顺序\123_佛山市邸怡居家居有限公司新建项目_01_受理公告或公示版.pdf
124,01,PL136,佛山市创灏五金塑料有限公司年产塑料制品 1250 万件迁改扩建项目,年8月26日建设项目环境影响报告书（表）受理公告（佛山市生态环境局顺德分局）_1.pdf,PL136_V01_Q01,770,6,受理公告或公示版,E:\华南理工项目\环评文件汇总\01_GitHub项目与研究文档\eia-openclaw-sync-chen2026\05_QA测试集\人工核查_环评报告出处整理_20260715\环评报告文件\PL136_年8月26日建设项目环境影响报告书（表）受理公告（佛山市生态环境局顺德分局）_1_1_2024.pdf,124_佛山市创灏五金塑料有限公司年产塑料制品1250万件迁改扩建项目_01_受理公告或公示版.pdf,E:\华南理工项目\环评文件汇总\01_GitHub项目与研究文档\eia-openclaw-sync-chen2026\05_QA测试集\人工核查_环评报告出处整理_20260715\环评报告文件_按问答顺序\124_佛山市创灏五金塑料有限公司年产塑料制品1250万件迁改扩建项目_01_受理公告或公示版.pdf
125,01,PL137,佛山市顺德区谦和丰塑料制品厂新建项目,年8月26日建设项目环境影响报告书（表）受理公告（佛山市生态环境局顺德分局）_2.pdf,PL137_V01_Q01,776,6,受理公告或公示版,E:\华南理工项目\环评文件汇总\01_GitHub项目与研究文档\eia-openclaw-sync-chen2026\05_QA测试集\人工核查_环评报告出处整理_20260715\环评报告文件\PL137_年8月26日建设项目环境影响报告书（表）受理公告（佛山市生态环境局顺德分局）_2_1_2024.pdf,125_佛山市顺德区谦和丰塑料制品厂新建项目_01_受理公告或公示版.pdf,E:\华南理工项目\环评文件汇总\01_GitHub项目与研究文档\eia-openclaw-sync-chen2026\05_QA测试集\人工核查_环评报告出处整理_20260715\环评报告文件_按问答顺序\125_佛山市顺德区谦和丰塑料制品厂新建项目_01_受理公告或公示版.pdf
126,01,PL138,佛山市顺德区谦迅盛塑料制品厂新建项目,年8月26日建设项目环境影响报告书（表）受理公告（佛山市生态环境局顺德分局）_5.pdf,PL138_V01_Q01,782,6,受理公告或公示版,E:\华南理工项目\环评文件汇总\01_GitHub项目与研究文档\eia-openclaw-sync-chen2026\05_QA测试集\人工核查_环评报告出处整理_20260715\环评报告文件\PL138_年8月26日建设项目环境影响报告书（表）受理公告（佛山市生态环境局顺德分局）_5_1_2024.pdf,126_佛山市顺德区谦迅盛塑料制品厂新建项目_01_受理公告或公示版.pdf,E:\华南理工项目\环评文件汇总\01_GitHub项目与研究文档\eia-openclaw-sync-chen2026\05_QA测试集\人工核查_环评报告出处整理_20260715\环评报告文件_按问答顺序\126_佛山市顺德区谦迅盛塑料制品厂新建项目_01_受理公告或公示版.pdf
127,01,PL140,广东顺德意达电子薄膜器件有限公司扩建项目,年8月30日建设项目环境影响报告书（表）受理公告（佛山市生态环境局顺德分局）_1.pdf,PL140_V01_Q01,788,6,受理公告或公示版,E:\华南理工项目\环评文件汇总\01_GitHub项目与研究文档\eia-openclaw-sync-chen2026\05_QA测试集\人工核查_环评报告出处整理_20260715\环评报告文件\PL140_年8月30日建设项目环境影响报告书（表）受理公告（佛山市生态环境局顺德分局）_1_1_2024.pdf,127_广东顺德意达电子薄膜器件有限公司扩建项目_01_受理公告或公示版.pdf,E:\华南理工项目\环评文件汇总\01_GitHub项目与研究文档\eia-openclaw-sync-chen2026\05_QA测试集\人工核查_环评报告出处整理_20260715\环评报告文件_按问答顺序\127_广东顺德意达电子薄膜器件有限公司扩建项目_01_受理公告或公示版.pdf
128,01,PL141,佛山市加耐安塑料制品有限公司新建项目,年8月30日建设项目环境影响报告书（表）受理公告（佛山市生态环境局顺德分局）_3.pdf,PL141_V01_Q01,794,6,受理公告或公示版,E:\华南理工项目\环评文件汇总\01_GitHub项目与研究文档\eia-openclaw-sync-chen2026\05_QA测试集\人工核查_环评报告出处整理_20260715\环评报告文件\PL141_年8月30日建设项目环境影响报告书（表）受理公告（佛山市生态环境局顺德分局）_3_1_2024.pdf,128_佛山市加耐安塑料制品有限公司新建项目_01_受理公告或公示版.pdf,E:\华南理工项目\环评文件汇总\01_GitHub项目与研究文档\eia-openclaw-sync-chen2026\05_QA测试集\人工核查_环评报告出处整理_20260715\环评报告文件_按问答顺序\128_佛山市加耐安塑料制品有限公司新建项目_01_受理公告或公示版.pdf
129,01,PL142,佛山市京耘科技有限公司新建项目,年8月30日建设项目环境影响报告受理公告（大良）.pdf,PL142_V01_Q01,800,6,受理公告或公示版,E:\华南理工项目\环评文件汇总\01_GitHub项目与研究文档\eia-openclaw-sync-chen2026\05_QA测试集\人工核查_环评报告出处整理_20260715\环评报告文件\PL142_年8月30日建设项目环境影响报告受理公告（大良）_1_2023.pdf,129_佛山市京耘科技有限公司新建项目_01_受理公告或公示版.pdf,E:\华南理工项目\环评文件汇总\01_GitHub项目与研究文档\eia-openclaw-sync-chen2026\05_QA测试集\人工核查_环评报告出处整理_20260715\环评报告文件_按问答顺序\129_佛山市京耘科技有限公司新建项目_01_受理公告或公示版.pdf
130,01,PL143,佛山市汇铭臻新材料科技有限公司新建项目,年8月8日建设项目环境影响报告书（表）受理公告（佛山市生态环境局顺德分局）_2.pdf,PL143_V01_Q01,806,6,受理公告或公示版,E:\华南理工项目\环评文件汇总\01_GitHub项目与研究文档\eia-openclaw-sync-chen2026\05_QA测试集\人工核查_环评报告出处整理_20260715\环评报告文件\PL143_年8月8日建设项目环境影响报告书（表）受理公告（佛山市生态环境局顺德分局）_2_1_2024.pdf,130_佛山市汇铭臻新材料科技有限公司新建项目_01_受理公告或公示版.pdf,E:\华南理工项目\环评文件汇总\01_GitHub项目与研究文档\eia-openclaw-sync-chen2026\05_QA测试集\人工核查_环评报告出处整理_20260715\环评报告文件_按问答顺序\130_佛山市汇铭臻新材料科技有限公司新建项目_01_受理公告或公示版.pdf
131,01,PL144,佛山市千紫珏科技有限公司新建项目,年8月9日建设项目环境影响报告书（表）受理公告（佛山市生态环境局顺德分局）_2.pdf,PL144_V01_Q01,812,6,受理公告或公示版,E:\华南理工项目\环评文件汇总\01_GitHub项目与研究文档\eia-openclaw-sync-chen2026\05_QA测试集\人工核查_环评报告出处整理_20260715\环评报告文件\PL144_年8月9日建设项目环境影响报告书（表）受理公告（佛山市生态环境局顺德分局）_2_1_2024.pdf,131_佛山市千紫珏科技有限公司新建项目_01_受理公告或公示版.pdf,E:\华南理工项目\环评文件汇总\01_GitHub项目与研究文档\eia-openclaw-sync-chen2026\05_QA测试集\人工核查_环评报告出处整理_20260715\环评报告文件_按问答顺序\131_佛山市千紫珏科技有限公司新建项目_01_受理公告或公示版.pdf
132,01,PL145,佛山市万朗磁塑制品有限公司顺德分公司新建项目,年8月9日建设项目环境影响报告表受理公告（容桂）_1.pdf,PL145_V01_Q01,818,6,报批稿或报告表,E:\华南理工项目\环评文件汇总\01_GitHub项目与研究文档\eia-openclaw-sync-chen2026\05_QA测试集\人工核查_环评报告出处整理_20260715\环评报告文件\PL145_年8月9日建设项目环境影响报告表受理公告（容桂）_1_1_2024.pdf,132_佛山市万朗磁塑制品有限公司顺德分公司新建项目_01_报批稿或报告表.pdf,E:\华南理工项目\环评文件汇总\01_GitHub项目与研究文档\eia-openclaw-sync-chen2026\05_QA测试集\人工核查_环评报告出处整理_20260715\环评报告文件_按问答顺序\132_佛山市万朗磁塑制品有限公司顺德分公司新建项目_01_报批稿或报告表.pdf
133,01,PL146,佛山市顺德区全华工艺饰品有限公司新建项目,年8月9日建设项目环境影响报告表受理公告（容桂）_2.pdf,PL146_V01_Q01,824,6,报批稿或报告表,E:\华南理工项目\环评文件汇总\01_GitHub项目与研究文档\eia-openclaw-sync-chen2026\05_QA测试集\人工核查_环评报告出处整理_20260715\环评报告文件\PL146_年8月9日建设项目环境影响报告表受理公告（容桂）_2_1_2024.pdf,133_佛山市顺德区全华工艺饰品有限公司新建项目_01_报批稿或报告表.pdf,E:\华南理工项目\环评文件汇总\01_GitHub项目与研究文档\eia-openclaw-sync-chen2026\05_QA测试集\人工核查_环评报告出处整理_20260715\环评报告文件_按问答顺序\133_佛山市顺德区全华工艺饰品有限公司新建项目_01_报批稿或报告表.pdf
134,01,PL147,佛山市顺德区大亚湾五金塑料有限公司新建项目,年9月10日建设项目环境影响报告书（表）受理公告（佛山市生态环境局顺德分局）_3.pdf,PL147_V01_Q01,830,6,受理公告或公示版,E:\华南理工项目\环评文件汇总\01_GitHub项目与研究文档\eia-openclaw-sync-chen2026\05_QA测试集\人工核查_环评报告出处整理_20260715\环评报告文件\PL147_年9月10日建设项目环境影响报告书（表）受理公告（佛山市生态环境局顺德分局）_3_1_2024.pdf,134_佛山市顺德区大亚湾五金塑料有限公司新建项目_01_受理公告或公示版.pdf,E:\华南理工项目\环评文件汇总\01_GitHub项目与研究文档\eia-openclaw-sync-chen2026\05_QA测试集\人工核查_环评报告出处整理_20260715\环评报告文件_按问答顺序\134_佛山市顺德区大亚湾五金塑料有限公司新建项目_01_受理公告或公示版.pdf
135,01,PL148,佛山市浩创时代包装制品有限公司新建项目,年9月10日建设项目环境影响报告书（表）受理公告（佛山市生态环境局顺德分局）_6.pdf,PL148_V01_Q01,836,6,受理公告或公示版,E:\华南理工项目\环评文件汇总\01_GitHub项目与研究文档\eia-openclaw-sync-chen2026\05_QA测试集\人工核查_环评报告出处整理_20260715\环评报告文件\PL148_年9月10日建设项目环境影响报告书（表）受理公告（佛山市生态环境局顺德分局）_6_1_2024.pdf,135_佛山市浩创时代包装制品有限公司新建项目_01_受理公告或公示版.pdf,E:\华南理工项目\环评文件汇总\01_GitHub项目与研究文档\eia-openclaw-sync-chen2026\05_QA测试集\人工核查_环评报告出处整理_20260715\环评报告文件_按问答顺序\135_佛山市浩创时代包装制品有限公司新建项目_01_受理公告或公示版.pdf
136,01,PL149,佛山江福英智能设备制造有限公司新建项目,年9月10日建设项目环境影响报告受理公告（大良）.pdf,PL149_V01_Q01,842,6,受理公告或公示版,E:\华南理工项目\环评文件汇总\01_GitHub项目与研究文档\eia-openclaw-sync-chen2026\05_QA测试集\人工核查_环评报告出处整理_20260715\环评报告文件\PL149_年9月10日建设项目环境影响报告受理公告（大良）_1_2024.pdf,136_佛山江福英智能设备制造有限公司新建项目_01_受理公告或公示版.pdf,E:\华南理工项目\环评文件汇总\01_GitHub项目与研究文档\eia-openclaw-sync-chen2026\05_QA测试集\人工核查_环评报告出处整理_20260715\环评报告文件_按问答顺序\136_佛山江福英智能设备制造有限公司新建项目_01_受理公告或公示版.pdf
137,01,PL151,佛山市顺德区德毅塑料有限公司新建项目,年9月12日建设项目环境影响报告书（表）受理公告（佛山市生态环境局顺德分局）_2.pdf,PL151_V01_Q01,848,6,受理公告或公示版,E:\华南理工项目\环评文件汇总\01_GitHub项目与研究文档\eia-openclaw-sync-chen2026\05_QA测试集\人工核查_环评报告出处整理_20260715\环评报告文件\PL151_年9月12日建设项目环境影响报告书（表）受理公告（佛山市生态环境局顺德分局）_2_1_2024.pdf,137_佛山市顺德区德毅塑料有限公司新建项目_01_受理公告或公示版.pdf,E:\华南理工项目\环评文件汇总\01_GitHub项目与研究文档\eia-openclaw-sync-chen2026\05_QA测试集\人工核查_环评报告出处整理_20260715\环评报告文件_按问答顺序\137_佛山市顺德区德毅塑料有限公司新建项目_01_受理公告或公示版.pdf
138,01,PL152,佛山市顺德区派信誉塑料有限公司新建项目,年9月12日建设项目环境影响报告书（表）受理公告（佛山市生态环境局顺德分局）_8.pdf,PL152_V01_Q01,854,6,受理公告或公示版,E:\华南理工项目\环评文件汇总\01_GitHub项目与研究文档\eia-openclaw-sync-chen2026\05_QA测试集\人工核查_环评报告出处整理_20260715\环评报告文件\PL152_年9月12日建设项目环境影响报告书（表）受理公告（佛山市生态环境局顺德分局）_8_1_2024.pdf,138_佛山市顺德区派信誉塑料有限公司新建项目_01_受理公告或公示版.pdf,E:\华南理工项目\环评文件汇总\01_GitHub项目与研究文档\eia-openclaw-sync-chen2026\05_QA测试集\人工核查_环评报告出处整理_20260715\环评报告文件_按问答顺序\138_佛山市顺德区派信誉塑料有限公司新建项目_01_受理公告或公示版.pdf
139,01,PL153,佛山市诗佳格科技有限公司新建项目,年9月12日建设项目环境影响报告受理公告（大良）_1.pdf,PL153_V01_Q01,860,6,受理公告或公示版,E:\华南理工项目\环评文件汇总\01_GitHub项目与研究文档\eia-openclaw-sync-chen2026\05_QA测试集\人工核查_环评报告出处整理_20260715\环评报告文件\PL153_年9月12日建设项目环境影响报告受理公告（大良）_1_1_2024.pdf,139_佛山市诗佳格科技有限公司新建项目_01_受理公告或公示版.pdf,E:\华南理工项目\环评文件汇总\01_GitHub项目与研究文档\eia-openclaw-sync-chen2026\05_QA测试集\人工核查_环评报告出处整理_20260715\环评报告文件_按问答顺序\139_佛山市诗佳格科技有限公司新建项目_01_受理公告或公示版.pdf
140,01,PL154,佛山市华泷彩科技有限公司新建项目,年9月12日建设项目环境影响报告受理公告（大良）_2.pdf,PL154_V01_Q01,866,6,受理公告或公示版,E:\华南理工项目\环评文件汇总\01_GitHub项目与研究文档\eia-openclaw-sync-chen2026\05_QA测试集\人工核查_环评报告出处整理_20260715\环评报告文件\PL154_年9月12日建设项目环境影响报告受理公告（大良）_2_1_2024.pdf,140_佛山市华泷彩科技有限公司新建项目_01_受理公告或公示版.pdf,E:\华南理工项目\环评文件汇总\01_GitHub项目与研究文档\eia-openclaw-sync-chen2026\05_QA测试集\人工核查_环评报告出处整理_20260715\环评报告文件_按问答顺序\140_佛山市华泷彩科技有限公司新建项目_01_受理公告或公示版.pdf
141,01,PL155,佛山市洲友尚包装材料有限公司新建项目,年9月14日建设项目环境影响报告书（表）受理公告（佛山市生态环境局顺德分局）_5.pdf,PL155_V01_Q01,872,6,受理公告或公示版,E:\华南理工项目\环评文件汇总\01_GitHub项目与研究文档\eia-openclaw-sync-chen2026\05_QA测试集\人工核查_环评报告出处整理_20260715\环评报告文件\PL155_年9月14日建设项目环境影响报告书（表）受理公告（佛山市生态环境局顺德分局）_5_1_2024.pdf,141_佛山市洲友尚包装材料有限公司新建项目_01_受理公告或公示版.pdf,E:\华南理工项目\环评文件汇总\01_GitHub项目与研究文档\eia-openclaw-sync-chen2026\05_QA测试集\人工核查_环评报告出处整理_20260715\环评报告文件_按问答顺序\141_佛山市洲友尚包装材料有限公司新建项目_01_受理公告或公示版.pdf
142,01,PL156,佛山市坤琪玲塑料制品有限公司新建项目,年9月19日建设项目环境影响报告书（表）受理公告（佛山市生态环境局顺德分局）_1.pdf,PL156_V01_Q01,878,6,受理公告或公示版,E:\华南理工项目\环评文件汇总\01_GitHub项目与研究文档\eia-openclaw-sync-chen2026\05_QA测试集\人工核查_环评报告出处整理_20260715\环评报告文件\PL156_年9月19日建设项目环境影响报告书（表）受理公告（佛山市生态环境局顺德分局）_1_1_2024.pdf,142_佛山市坤琪玲塑料制品有限公司新建项目_01_受理公告或公示版.pdf,E:\华南理工项目\环评文件汇总\01_GitHub项目与研究文档\eia-openclaw-sync-chen2026\05_QA测试集\人工核查_环评报告出处整理_20260715\环评报告文件_按问答顺序\142_佛山市坤琪玲塑料制品有限公司新建项目_01_受理公告或公示版.pdf
143,01,PL157,佛山市顺德区兴致盛塑料制品有限公司重新报批项目,年9月19日建设项目环境影响报告书（表）受理公告（佛山市生态环境局顺德分局）_4.pdf,PL157_V01_Q01,884,6,受理公告或公示版,E:\华南理工项目\环评文件汇总\01_GitHub项目与研究文档\eia-openclaw-sync-chen2026\05_QA测试集\人工核查_环评报告出处整理_20260715\环评报告文件\PL157_年9月19日建设项目环境影响报告书（表）受理公告（佛山市生态环境局顺德分局）_4_1_2024.pdf,143_佛山市顺德区兴致盛塑料制品有限公司重新报批项目_01_受理公告或公示版.pdf,E:\华南理工项目\环评文件汇总\01_GitHub项目与研究文档\eia-openclaw-sync-chen2026\05_QA测试集\人工核查_环评报告出处整理_20260715\环评报告文件_按问答顺序\143_佛山市顺德区兴致盛塑料制品有限公司重新报批项目_01_受理公告或公示版.pdf
144,01,PL158,佛山市顺德区壹德包装印刷有限公司迁扩建项目,年9月20日建设项目环境影响报告书（表）受理公告（佛山市生态环境局顺德分局）_3.pdf,PL158_V01_Q01,890,6,受理公告或公示版,E:\华南理工项目\环评文件汇总\01_GitHub项目与研究文档\eia-openclaw-sync-chen2026\05_QA测试集\人工核查_环评报告出处整理_20260715\环评报告文件\PL158_年9月20日建设项目环境影响报告书（表）受理公告（佛山市生态环境局顺德分局）_3_1_2024.pdf,144_佛山市顺德区壹德包装印刷有限公司迁扩建项目_01_受理公告或公示版.pdf,E:\华南理工项目\环评文件汇总\01_GitHub项目与研究文档\eia-openclaw-sync-chen2026\05_QA测试集\人工核查_环评报告出处整理_20260715\环评报告文件_按问答顺序\144_佛山市顺德区壹德包装印刷有限公司迁扩建项目_01_受理公告或公示版.pdf
145,01,PL159,广东东梓数码新材料有限公司建设项目,年9月25日建设项目环境影响报告书（表）受理公告（佛山市生态环境局顺德分局）.pdf,PL159_V01_Q01,896,6,受理公告或公示版,E:\华南理工项目\环评文件汇总\01_GitHub项目与研究文档\eia-openclaw-sync-chen2026\05_QA测试集\人工核查_环评报告出处整理_20260715\环评报告文件\PL159_年9月25日建设项目环境影响报告书（表）受理公告（佛山市生态环境局顺德分局）_1_2024.pdf,145_广东东梓数码新材料有限公司建设项目_01_受理公告或公示版.pdf,E:\华南理工项目\环评文件汇总\01_GitHub项目与研究文档\eia-openclaw-sync-chen2026\05_QA测试集\人工核查_环评报告出处整理_20260715\环评报告文件_按问答顺序\145_广东东梓数码新材料有限公司建设项目_01_受理公告或公示版.pdf
146,01,PL160,佛山市顺德区德盈誉智能制造有限公司新建项目,年9月25日建设项目环境影响报告受理公告（大良）_1.pdf,PL160_V01_Q01,902,6,受理公告或公示版,E:\华南理工项目\环评文件汇总\01_GitHub项目与研究文档\eia-openclaw-sync-chen2026\05_QA测试集\人工核查_环评报告出处整理_20260715\环评报告文件\PL160_年9月25日建设项目环境影响报告受理公告（大良）_1_1_2023.pdf,146_佛山市顺德区德盈誉智能制造有限公司新建项目_01_受理公告或公示版.pdf,E:\华南理工项目\环评文件汇总\01_GitHub项目与研究文档\eia-openclaw-sync-chen2026\05_QA测试集\人工核查_环评报告出处整理_20260715\环评报告文件_按问答顺序\146_佛山市顺德区德盈誉智能制造有限公司新建项目_01_受理公告或公示版.pdf
147,01,PL161,佛山市顺德区菱昌精密塑料五金实业有限公司新建项目,年9月25日建设项目环境影响报告受理公告（大良）_2.pdf,PL161_V01_Q01,908,6,受理公告或公示版,E:\华南理工项目\环评文件汇总\01_GitHub项目与研究文档\eia-openclaw-sync-chen2026\05_QA测试集\人工核查_环评报告出处整理_20260715\环评报告文件\PL161_年9月25日建设项目环境影响报告受理公告（大良）_2_1_2024.pdf,147_佛山市顺德区菱昌精密塑料五金实业有限公司新建项目_01_受理公告或公示版.pdf,E:\华南理工项目\环评文件汇总\01_GitHub项目与研究文档\eia-openclaw-sync-chen2026\05_QA测试集\人工核查_环评报告出处整理_20260715\环评报告文件_按问答顺序\147_佛山市顺德区菱昌精密塑料五金实业有限公司新建项目_01_受理公告或公示版.pdf
148,01,PL162,广东创卓电器有限公司迁扩建项目,年9月3日建设项目环境影响报告书（表）受理公告（佛山市生态环境局顺德分局）_1.pdf,PL162_V01_Q01,914,6,受理公告或公示版,E:\华南理工项目\环评文件汇总\01_GitHub项目与研究文档\eia-openclaw-sync-chen2026\05_QA测试集\人工核查_环评报告出处整理_20260715\环评报告文件\PL162_年9月3日建设项目环境影响报告书（表）受理公告（佛山市生态环境局顺德分局）_1_1_2024.pdf,148_广东创卓电器有限公司迁扩建项目_01_受理公告或公示版.pdf,E:\华南理工项目\环评文件汇总\01_GitHub项目与研究文档\eia-openclaw-sync-chen2026\05_QA测试集\人工核查_环评报告出处整理_20260715\环评报告文件_按问答顺序\148_广东创卓电器有限公司迁扩建项目_01_受理公告或公示版.pdf
149,01,PL164,佛山市顺德区建德包装实业有限公司搬迁扩建项目,年9月4日建设项目环境影响报告书（表）受理公告（佛山市生态环境局顺德分局）_1.pdf,PL164_V01_Q01,920,6,受理公告或公示版,E:\华南理工项目\环评文件汇总\01_GitHub项目与研究文档\eia-openclaw-sync-chen2026\05_QA测试集\人工核查_环评报告出处整理_20260715\环评报告文件\PL164_年9月4日建设项目环境影响报告书（表）受理公告（佛山市生态环境局顺德分局）_1_1_2024.pdf,149_佛山市顺德区建德包装实业有限公司搬迁扩建项目_01_受理公告或公示版.pdf,E:\华南理工项目\环评文件汇总\01_GitHub项目与研究文档\eia-openclaw-sync-chen2026\05_QA测试集\人工核查_环评报告出处整理_20260715\环评报告文件_按问答顺序\149_佛山市顺德区建德包装实业有限公司搬迁扩建项目_01_受理公告或公示版.pdf
150,01,PL165,浙江宏昌电器科技股份有限公司佛山分公司新建项目,年9月4日建设项目环境影响报告书（表）受理公告（佛山市生态环境局顺德分局）_2.pdf,PL165_V01_Q01,926,6,受理公告或公示版,E:\华南理工项目\环评文件汇总\01_GitHub项目与研究文档\eia-openclaw-sync-chen2026\05_QA测试集\人工核查_环评报告出处整理_20260715\环评报告文件\PL165_年9月4日建设项目环境影响报告书（表）受理公告（佛山市生态环境局顺德分局）_2_1_2024.pdf,150_浙江宏昌电器科技股份有限公司佛山分公司新建项目_01_受理公告或公示版.pdf,E:\华南理工项目\环评文件汇总\01_GitHub项目与研究文档\eia-openclaw-sync-chen2026\05_QA测试集\人工核查_环评报告出处整理_20260715\环评报告文件_按问答顺序\150_浙江宏昌电器科技股份有限公司佛山分公司新建项目_01_受理公告或公示版.pdf
151,01,PL166,佛山市智枞电器制造有限公司扩建项目,年9月4日建设项目环境影响报告书（表）受理公告（佛山市生态环境局顺德分局）_4.pdf,PL166_V01_Q01,932,6,受理公告或公示版,E:\华南理工项目\环评文件汇总\01_GitHub项目与研究文档\eia-openclaw-sync-chen2026\05_QA测试集\人工核查_环评报告出处整理_20260715\环评报告文件\PL166_年9月4日建设项目环境影响报告书（表）受理公告（佛山市生态环境局顺德分局）_4_1_2024.pdf,151_佛山市智枞电器制造有限公司扩建项目_01_受理公告或公示版.pdf,E:\华南理工项目\环评文件汇总\01_GitHub项目与研究文档\eia-openclaw-sync-chen2026\05_QA测试集\人工核查_环评报告出处整理_20260715\环评报告文件_按问答顺序\151_佛山市智枞电器制造有限公司扩建项目_01_受理公告或公示版.pdf
152,01,PL167,广东图特精密五金科技股份有限公司智能制造基地建设项目重新报,年9月6日建设项目环境影响报告书（表）受理公告（佛山市生态环境局顺德分局）_2.pdf,PL167_V01_Q01,938,6,受理公告或公示版,E:\华南理工项目\环评文件汇总\01_GitHub项目与研究文档\eia-openclaw-sync-chen2026\05_QA测试集\人工核查_环评报告出处整理_20260715\环评报告文件\PL167_年9月6日建设项目环境影响报告书（表）受理公告（佛山市生态环境局顺德分局）_2_1_2024.pdf,152_广东图特精密五金科技股份有限公司智能制造基地建设项目重新报_01_受理公告或公示版.pdf,E:\华南理工项目\环评文件汇总\01_GitHub项目与研究文档\eia-openclaw-sync-chen2026\05_QA测试集\人工核查_环评报告出处整理_20260715\环评报告文件_按问答顺序\152_广东图特精密五金科技股份有限公司智能制造基地建设项目重新报_01_受理公告或公示版.pdf
166,01,b569edda-ed64-4887-91ee-78a14091cf80,佛山气盾新材料有限公司新建项目,佛山气盾新材料有限公司新建项目完整样本链（公示版-报批稿-修改/评估意见-批复）,SC_QD_001,1027,2,报批稿或报告表,E:\华南理工项目\环评文件汇总\01_GitHub项目与研究文档\eia-openclaw-sync-chen2026\05_QA测试集\人工核查_环评报告出处整理_20260715\环评报告文件\b569edda-ed64-4887-91ee-78a14091cf80_评估意见-批复）_1_02_报批稿或终稿.docx,166_佛山气盾新材料有限公司新建项目_01_报批稿或报告表.docx,E:\华南理工项目\环评文件汇总\01_GitHub项目与研究文档\eia-openclaw-sync-chen2026\05_QA测试集\人工核查_环评报告出处整理_20260715\环评报告文件_按问答顺序\166_佛山气盾新材料有限公司新建项目_01_报批稿或报告表.docx
166,02,b569edda-ed64-4887-91ee-78a14091cf80,佛山气盾新材料有限公司新建项目,佛山气盾新材料有限公司新建项目完整样本链（公示版-报批稿-修改/评估意见-批复）,SC_QD_001,1027,2,受理公告或公示版,E:\华南理工项目\环评文件汇总\01_GitHub项目与研究文档\eia-openclaw-sync-chen2026\05_QA测试集\人工核查_环评报告出处整理_20260715\环评报告文件\b569edda-ed64-4887-91ee-78a14091cf80_评估意见-批复）_2_01_受理公告或公示版.pdf,166_佛山气盾新材料有限公司新建项目_02_受理公告或公示版.pdf,E:\华南理工项目\环评文件汇总\01_GitHub项目与研究文档\eia-openclaw-sync-chen2026\05_QA测试集\人工核查_环评报告出处整理_20260715\环评报告文件_按问答顺序\166_佛山气盾新材料有限公司新建项目_02_受理公告或公示版.pdf
166,03,b569edda-ed64-4887-91ee-78a14091cf80,佛山气盾新材料有限公司新建项目,佛山气盾新材料有限公司新建项目完整样本链（公示版-报批稿-修改/评估意见-批复）,SC_QD_001,1027,2,修改评估意见,E:\华南理工项目\环评文件汇总\01_GitHub项目与研究文档\eia-openclaw-sync-chen2026\05_QA测试集\人工核查_环评报告出处整理_20260715\环评报告文件\b569edda-ed64-4887-91ee-78a14091cf80_评估意见-批复）_3_04_批复.pdf,166_佛山气盾新材料有限公司新建项目_03_修改评估意见.pdf,E:\华南理工项目\环评文件汇总\01_GitHub项目与研究文档\eia-openclaw-sync-chen2026\05_QA测试集\人工核查_环评报告出处整理_20260715\环评报告文件_按问答顺序\166_佛山气盾新材料有限公司新建项目_03_修改评估意见.pdf
157,01,c55e8e40-0234-4f15-b60c-f1532b9edef4,佛山市祖帮海绵有限公司新建项目,佛山市祖帮海绵有限公司新建项目完整样本链（公示版-报批稿-专家评审意见-批复）,SC_ZBHM_001,979,6,报批稿或报告表,E:\华南理工项目\环评文件汇总\01_GitHub项目与研究文档\eia-openclaw-sync-chen2026\05_QA测试集\人工核查_环评报告出处整理_20260715\环评报告文件\c55e8e40-0234-4f15-b60c-f1532b9edef4_佛山市祖帮海绵有限公司新建项目完整样本链（公示版-报批稿-专家评审意见-批复）_1_02_报批稿或终稿.docx,157_佛山市祖帮海绵有限公司新建项目_01_报批稿或报告表.docx,E:\华南理工项目\环评文件汇总\01_GitHub项目与研究文档\eia-openclaw-sync-chen2026\05_QA测试集\人工核查_环评报告出处整理_20260715\环评报告文件_按问答顺序\157_佛山市祖帮海绵有限公司新建项目_01_报批稿或报告表.docx
157,02,c55e8e40-0234-4f15-b60c-f1532b9edef4,佛山市祖帮海绵有限公司新建项目,佛山市祖帮海绵有限公司新建项目完整样本链（公示版-报批稿-专家评审意见-批复）,SC_ZBHM_001,979,6,报批稿或报告表,E:\华南理工项目\环评文件汇总\01_GitHub项目与研究文档\eia-openclaw-sync-chen2026\05_QA测试集\人工核查_环评报告出处整理_20260715\环评报告文件\c55e8e40-0234-4f15-b60c-f1532b9edef4_佛山市祖帮海绵有限公司新建项目完整样本链（公示版-报批稿-专家评审意见-批复）_2_01_受理公告或公示版.pdf,157_佛山市祖帮海绵有限公司新建项目_02_报批稿或报告表.pdf,E:\华南理工项目\环评文件汇总\01_GitHub项目与研究文档\eia-openclaw-sync-chen2026\05_QA测试集\人工核查_环评报告出处整理_20260715\环评报告文件_按问答顺序\157_佛山市祖帮海绵有限公司新建项目_02_报批稿或报告表.pdf
157,03,c55e8e40-0234-4f15-b60c-f1532b9edef4,佛山市祖帮海绵有限公司新建项目,佛山市祖帮海绵有限公司新建项目完整样本链（公示版-报批稿-专家评审意见-批复）,SC_ZBHM_001,979,6,报批稿或报告表,E:\华南理工项目\环评文件汇总\01_GitHub项目与研究文档\eia-openclaw-sync-chen2026\05_QA测试集\人工核查_环评报告出处整理_20260715\环评报告文件\c55e8e40-0234-4f15-b60c-f1532b9edef4_佛山市祖帮海绵有限公司新建项目完整样本链（公示版-报批稿-专家评审意见-批复）_3_04_批复.pdf,157_佛山市祖帮海绵有限公司新建项目_03_报批稿或报告表.pdf,E:\华南理工项目\环评文件汇总\01_GitHub项目与研究文档\eia-openclaw-sync-chen2026\05_QA测试集\人工核查_环评报告出处整理_20260715\环评报告文件_按问答顺序\157_佛山市祖帮海绵有限公司新建项目_03_报批稿或报告表.pdf
164,01,c55e8e40-0234-4f15-b60c-f1532b9edef4,佛山市祖帮海绵有限公司新建项目,佛山市祖帮海绵有限公司新建项目完整样本链（公示版-报批稿-修改/评估意见-批复）,SC_ZBHM_007,1023,2,报批稿或报告表,E:\华南理工项目\环评文件汇总\01_GitHub项目与研究文档\eia-openclaw-sync-chen2026\05_QA测试集\人工核查_环评报告出处整理_20260715\环评报告文件\c55e8e40-0234-4f15-b60c-f1532b9edef4_评估意见-批复）_1_02_报批稿或终稿.docx,164_佛山市祖帮海绵有限公司新建项目_01_报批稿或报告表.docx,E:\华南理工项目\环评文件汇总\01_GitHub项目与研究文档\eia-openclaw-sync-chen2026\05_QA测试集\人工核查_环评报告出处整理_20260715\环评报告文件_按问答顺序\164_佛山市祖帮海绵有限公司新建项目_01_报批稿或报告表.docx
164,02,c55e8e40-0234-4f15-b60c-f1532b9edef4,佛山市祖帮海绵有限公司新建项目,佛山市祖帮海绵有限公司新建项目完整样本链（公示版-报批稿-修改/评估意见-批复）,SC_ZBHM_007,1023,2,受理公告或公示版,E:\华南理工项目\环评文件汇总\01_GitHub项目与研究文档\eia-openclaw-sync-chen2026\05_QA测试集\人工核查_环评报告出处整理_20260715\环评报告文件\c55e8e40-0234-4f15-b60c-f1532b9edef4_评估意见-批复）_2_01_受理公告或公示版.pdf,164_佛山市祖帮海绵有限公司新建项目_02_受理公告或公示版.pdf,E:\华南理工项目\环评文件汇总\01_GitHub项目与研究文档\eia-openclaw-sync-chen2026\05_QA测试集\人工核查_环评报告出处整理_20260715\环评报告文件_按问答顺序\164_佛山市祖帮海绵有限公司新建项目_02_受理公告或公示版.pdf
164,03,c55e8e40-0234-4f15-b60c-f1532b9edef4,佛山市祖帮海绵有限公司新建项目,佛山市祖帮海绵有限公司新建项目完整样本链（公示版-报批稿-修改/评估意见-批复）,SC_ZBHM_007,1023,2,修改评估意见,E:\华南理工项目\环评文件汇总\01_GitHub项目与研究文档\eia-openclaw-sync-chen2026\05_QA测试集\人工核查_环评报告出处整理_20260715\环评报告文件\c55e8e40-0234-4f15-b60c-f1532b9edef4_评估意见-批复）_3_04_批复.pdf,164_佛山市祖帮海绵有限公司新建项目_03_修改评估意见.pdf,E:\华南理工项目\环评文件汇总\01_GitHub项目与研究文档\eia-openclaw-sync-chen2026\05_QA测试集\人工核查_环评报告出处整理_20260715\环评报告文件_按问答顺序\164_佛山市祖帮海绵有限公司新建项目_03_修改评估意见.pdf
155,01,e42f2b4a-fb5b-4f51-954b-80c68a5caf21,和默化学（佛山）有限公司新建项目,和默化学（佛山）有限公司新建项目完整样本链（公示版-报批稿-专家评审意见-批复）,SC_HMHX_001,963,8,报批稿或报告表,E:\华南理工项目\环评文件汇总\01_GitHub项目与研究文档\eia-openclaw-sync-chen2026\05_QA测试集\人工核查_环评报告出处整理_20260715\环评报告文件\e42f2b4a-fb5b-4f51-954b-80c68a5caf21_和默化学（佛山）有限公司新建项目完整样本链（公示版-报批稿-专家评审意见-批复）_1_02_报批稿或终稿.docx,155_和默化学（佛山）有限公司新建项目_01_报批稿或报告表.docx,E:\华南理工项目\环评文件汇总\01_GitHub项目与研究文档\eia-openclaw-sync-chen2026\05_QA测试集\人工核查_环评报告出处整理_20260715\环评报告文件_按问答顺序\155_和默化学（佛山）有限公司新建项目_01_报批稿或报告表.docx
155,02,e42f2b4a-fb5b-4f51-954b-80c68a5caf21,和默化学（佛山）有限公司新建项目,和默化学（佛山）有限公司新建项目完整样本链（公示版-报批稿-专家评审意见-批复）,SC_HMHX_001,963,8,报批稿或报告表,E:\华南理工项目\环评文件汇总\01_GitHub项目与研究文档\eia-openclaw-sync-chen2026\05_QA测试集\人工核查_环评报告出处整理_20260715\环评报告文件\e42f2b4a-fb5b-4f51-954b-80c68a5caf21_和默化学（佛山）有限公司新建项目完整样本链（公示版-报批稿-专家评审意见-批复）_2_01_受理公告或公示版.pdf,155_和默化学（佛山）有限公司新建项目_02_报批稿或报告表.pdf,E:\华南理工项目\环评文件汇总\01_GitHub项目与研究文档\eia-openclaw-sync-chen2026\05_QA测试集\人工核查_环评报告出处整理_20260715\环评报告文件_按问答顺序\155_和默化学（佛山）有限公司新建项目_02_报批稿或报告表.pdf
155,03,e42f2b4a-fb5b-4f51-954b-80c68a5caf21,和默化学（佛山）有限公司新建项目,和默化学（佛山）有限公司新建项目完整样本链（公示版-报批稿-专家评审意见-批复）,SC_HMHX_001,963,8,报批稿或报告表,E:\华南理工项目\环评文件汇总\01_GitHub项目与研究文档\eia-openclaw-sync-chen2026\05_QA测试集\人工核查_环评报告出处整理_20260715\环评报告文件\e42f2b4a-fb5b-4f51-954b-80c68a5caf21_和默化学（佛山）有限公司新建项目完整样本链（公示版-报批稿-专家评审意见-批复）_3_04_批复.pdf,155_和默化学（佛山）有限公司新建项目_03_报批稿或报告表.pdf,E:\华南理工项目\环评文件汇总\01_GitHub项目与研究文档\eia-openclaw-sync-chen2026\05_QA测试集\人工核查_环评报告出处整理_20260715\环评报告文件_按问答顺序\155_和默化学（佛山）有限公司新建项目_03_报批稿或报告表.pdf
165,01,e42f2b4a-fb5b-4f51-954b-80c68a5caf21,和默化学（佛山）有限公司新建项目,和默化学（佛山）有限公司新建项目完整样本链（公示版-报批稿-修改/评估意见-批复）,SC_HMHX2_001,1024,3,报批稿或报告表,E:\华南理工项目\环评文件汇总\01_GitHub项目与研究文档\eia-openclaw-sync-chen2026\05_QA测试集\人工核查_环评报告出处整理_20260715\环评报告文件\e42f2b4a-fb5b-4f51-954b-80c68a5caf21_评估意见-批复）_1_02_报批稿或终稿.docx,165_和默化学（佛山）有限公司新建项目_01_报批稿或报告表.docx,E:\华南理工项目\环评文件汇总\01_GitHub项目与研究文档\eia-openclaw-sync-chen2026\05_QA测试集\人工核查_环评报告出处整理_20260715\环评报告文件_按问答顺序\165_和默化学（佛山）有限公司新建项目_01_报批稿或报告表.docx
165,02,e42f2b4a-fb5b-4f51-954b-80c68a5caf21,和默化学（佛山）有限公司新建项目,和默化学（佛山）有限公司新建项目完整样本链（公示版-报批稿-修改/评估意见-批复）,SC_HMHX2_001,1024,3,受理公告或公示版,E:\华南理工项目\环评文件汇总\01_GitHub项目与研究文档\eia-openclaw-sync-chen2026\05_QA测试集\人工核查_环评报告出处整理_20260715\环评报告文件\e42f2b4a-fb5b-4f51-954b-80c68a5caf21_评估意见-批复）_2_01_受理公告或公示版.pdf,165_和默化学（佛山）有限公司新建项目_02_受理公告或公示版.pdf,E:\华南理工项目\环评文件汇总\01_GitHub项目与研究文档\eia-openclaw-sync-chen2026\05_QA测试集\人工核查_环评报告出处整理_20260715\环评报告文件_按问答顺序\165_和默化学（佛山）有限公司新建项目_02_受理公告或公示版.pdf
165,03,e42f2b4a-fb5b-4f51-954b-80c68a5caf21,和默化学（佛山）有限公司新建项目,和默化学（佛山）有限公司新建项目完整样本链（公示版-报批稿-修改/评估意见-批复）,SC_HMHX2_001,1024,3,修改评估意见,E:\华南理工项目\环评文件汇总\01_GitHub项目与研究文档\eia-openclaw-sync-chen2026\05_QA测试集\人工核查_环评报告出处整理_20260715\环评报告文件\e42f2b4a-fb5b-4f51-954b-80c68a5caf21_评估意见-批复）_3_04_批复.pdf,165_和默化学（佛山）有限公司新建项目_03_修改评估意见.pdf,E:\华南理工项目\环评文件汇总\01_GitHub项目与研究文档\eia-openclaw-sync-chen2026\05_QA测试集\人工核查_环评报告出处整理_20260715\环评报告文件_按问答顺序\165_和默化学（佛山）有限公司新建项目_03_修改评估意见.pdf
153,01,f12b0759-6b76-4154-a630-c7366ced8eac,佛山市全海世家新材料科技有限公司新建项目,佛山市全海世家新材料科技有限公司完整样本链（公示版-报批稿-专家评审意见-批复）,SC_QHSJ_001,944,7,报批稿或报告表,E:\华南理工项目\环评文件汇总\01_GitHub项目与研究文档\eia-openclaw-sync-chen2026\05_QA测试集\人工核查_环评报告出处整理_20260715\环评报告文件\f12b0759-6b76-4154-a630-c7366ced8eac_佛山市全海世家新材料科技有限公司完整样本链（公示版-报批稿-专家评审意见-批复）_1_02_报批稿或终稿.docx,153_佛山市全海世家新材料科技有限公司新建项目_01_报批稿或报告表.docx,E:\华南理工项目\环评文件汇总\01_GitHub项目与研究文档\eia-openclaw-sync-chen2026\05_QA测试集\人工核查_环评报告出处整理_20260715\环评报告文件_按问答顺序\153_佛山市全海世家新材料科技有限公司新建项目_01_报批稿或报告表.docx
153,02,f12b0759-6b76-4154-a630-c7366ced8eac,佛山市全海世家新材料科技有限公司新建项目,佛山市全海世家新材料科技有限公司完整样本链（公示版-报批稿-专家评审意见-批复）,SC_QHSJ_001,944,7,报批稿或报告表,E:\华南理工项目\环评文件汇总\01_GitHub项目与研究文档\eia-openclaw-sync-chen2026\05_QA测试集\人工核查_环评报告出处整理_20260715\环评报告文件\f12b0759-6b76-4154-a630-c7366ced8eac_佛山市全海世家新材料科技有限公司完整样本链（公示版-报批稿-专家评审意见-批复）_2_01_受理公告或公示版.pdf,153_佛山市全海世家新材料科技有限公司新建项目_02_报批稿或报告表.pdf,E:\华南理工项目\环评文件汇总\01_GitHub项目与研究文档\eia-openclaw-sync-chen2026\05_QA测试集\人工核查_环评报告出处整理_20260715\环评报告文件_按问答顺序\153_佛山市全海世家新材料科技有限公司新建项目_02_报批稿或报告表.pdf
153,03,f12b0759-6b76-4154-a630-c7366ced8eac,佛山市全海世家新材料科技有限公司新建项目,佛山市全海世家新材料科技有限公司完整样本链（公示版-报批稿-专家评审意见-批复）,SC_QHSJ_001,944,7,报批稿或报告表,E:\华南理工项目\环评文件汇总\01_GitHub项目与研究文档\eia-openclaw-sync-chen2026\05_QA测试集\人工核查_环评报告出处整理_20260715\环评报告文件\f12b0759-6b76-4154-a630-c7366ced8eac_佛山市全海世家新材料科技有限公司完整样本链（公示版-报批稿-专家评审意见-批复）_3_04_批复.pdf,153_佛山市全海世家新材料科技有限公司新建项目_03_报批稿或报告表.pdf,E:\华南理工项目\环评文件汇总\01_GitHub项目与研究文档\eia-openclaw-sync-chen2026\05_QA测试集\人工核查_环评报告出处整理_20260715\环评报告文件_按问答顺序\153_佛山市全海世家新材料科技有限公司新建项目_03_报批稿或报告表.pdf
169,01,f12b0759-6b76-4154-a630-c7366ced8eac,佛山市全海世家新材料科技有限公司新建项目,佛山市全海世家新材料科技有限公司新建项目完整样本链（公示版-报批稿-修改/评估意见-批复）,SC_QHSJ2_001,1034,1,报批稿或报告表,E:\华南理工项目\环评文件汇总\01_GitHub项目与研究文档\eia-openclaw-sync-chen2026\05_QA测试集\人工核查_环评报告出处整理_20260715\环评报告文件\f12b0759-6b76-4154-a630-c7366ced8eac_评估意见-批复）_1_02_报批稿或终稿.docx,169_佛山市全海世家新材料科技有限公司新建项目_01_报批稿或报告表.docx,E:\华南理工项目\环评文件汇总\01_GitHub项目与研究文档\eia-openclaw-sync-chen2026\05_QA测试集\人工核查_环评报告出处整理_20260715\环评报告文件_按问答顺序\169_佛山市全海世家新材料科技有限公司新建项目_01_报批稿或报告表.docx
169,02,f12b0759-6b76-4154-a630-c7366ced8eac,佛山市全海世家新材料科技有限公司新建项目,佛山市全海世家新材料科技有限公司新建项目完整样本链（公示版-报批稿-修改/评估意见-批复）,SC_QHSJ2_001,1034,1,受理公告或公示版,E:\华南理工项目\环评文件汇总\01_GitHub项目与研究文档\eia-openclaw-sync-chen2026\05_QA测试集\人工核查_环评报告出处整理_20260715\环评报告文件\f12b0759-6b76-4154-a630-c7366ced8eac_评估意见-批复）_2_01_受理公告或公示版.pdf,169_佛山市全海世家新材料科技有限公司新建项目_02_受理公告或公示版.pdf,E:\华南理工项目\环评文件汇总\01_GitHub项目与研究文档\eia-openclaw-sync-chen2026\05_QA测试集\人工核查_环评报告出处整理_20260715\环评报告文件_按问答顺序\169_佛山市全海世家新材料科技有限公司新建项目_02_受理公告或公示版.pdf
169,03,f12b0759-6b76-4154-a630-c7366ced8eac,佛山市全海世家新材料科技有限公司新建项目,佛山市全海世家新材料科技有限公司新建项目完整样本链（公示版-报批稿-修改/评估意见-批复）,SC_QHSJ2_001,1034,1,修改评估意见,E:\华南理工项目\环评文件汇总\01_GitHub项目与研究文档\eia-openclaw-sync-chen2026\05_QA测试集\人工核查_环评报告出处整理_20260715\环评报告文件\f12b0759-6b76-4154-a630-c7366ced8eac_评估意见-批复）_3_04_批复.pdf,169_佛山市全海世家新材料科技有限公司新建项目_03_修改评估意见.pdf,E:\华南理工项目\环评文件汇总\01_GitHub项目与研究文档\eia-openclaw-sync-chen2026\05_QA测试集\人工核查_环评报告出处整理_20260715\环评报告文件_按问答顺序\169_佛山市全海世家新材料科技有限公司新建项目_03_修改评估意见.pdf
156,01,f97458a0-0e46-4d24-af34-971545ac7550,佛山志兴盈包装有限公司新建项目,佛山志兴盈包装有限公司新建项目完整样本链（公示版-报批稿-专家评审意见-批复）,SC_ZXYP_001,971,8,报批稿或报告表,E:\华南理工项目\环评文件汇总\01_GitHub项目与研究文档\eia-openclaw-sync-chen2026\05_QA测试集\人工核查_环评报告出处整理_20260715\环评报告文件\f97458a0-0e46-4d24-af34-971545ac7550_佛山志兴盈包装有限公司新建项目完整样本链（公示版-报批稿-专家评审意见-批复）_1_02_报批稿或终稿.docx,156_佛山志兴盈包装有限公司新建项目_01_报批稿或报告表.docx,E:\华南理工项目\环评文件汇总\01_GitHub项目与研究文档\eia-openclaw-sync-chen2026\05_QA测试集\人工核查_环评报告出处整理_20260715\环评报告文件_按问答顺序\156_佛山志兴盈包装有限公司新建项目_01_报批稿或报告表.docx
156,02,f97458a0-0e46-4d24-af34-971545ac7550,佛山志兴盈包装有限公司新建项目,佛山志兴盈包装有限公司新建项目完整样本链（公示版-报批稿-专家评审意见-批复）,SC_ZXYP_001,971,8,报批稿或报告表,E:\华南理工项目\环评文件汇总\01_GitHub项目与研究文档\eia-openclaw-sync-chen2026\05_QA测试集\人工核查_环评报告出处整理_20260715\环评报告文件\f97458a0-0e46-4d24-af34-971545ac7550_佛山志兴盈包装有限公司新建项目完整样本链（公示版-报批稿-专家评审意见-批复）_2_01_受理公告或公示版.pdf,156_佛山志兴盈包装有限公司新建项目_02_报批稿或报告表.pdf,E:\华南理工项目\环评文件汇总\01_GitHub项目与研究文档\eia-openclaw-sync-chen2026\05_QA测试集\人工核查_环评报告出处整理_20260715\环评报告文件_按问答顺序\156_佛山志兴盈包装有限公司新建项目_02_报批稿或报告表.pdf
156,03,f97458a0-0e46-4d24-af34-971545ac7550,佛山志兴盈包装有限公司新建项目,佛山志兴盈包装有限公司新建项目完整样本链（公示版-报批稿-专家评审意见-批复）,SC_ZXYP_001,971,8,报批稿或报告表,E:\华南理工项目\环评文件汇总\01_GitHub项目与研究文档\eia-openclaw-sync-chen2026\05_QA测试集\人工核查_环评报告出处整理_20260715\环评报告文件\f97458a0-0e46-4d24-af34-971545ac7550_佛山志兴盈包装有限公司新建项目完整样本链（公示版-报批稿-专家评审意见-批复）_3_04_批复.pdf,156_佛山志兴盈包装有限公司新建项目_03_报批稿或报告表.pdf,E:\华南理工项目\环评文件汇总\01_GitHub项目与研究文档\eia-openclaw-sync-chen2026\05_QA测试集\人工核查_环评报告出处整理_20260715\环评报告文件_按问答顺序\156_佛山志兴盈包装有限公司新建项目_03_报批稿或报告表.pdf
163,01,f97458a0-0e46-4d24-af34-971545ac7550,佛山志兴盈包装有限公司新建项目,佛山志兴盈包装有限公司新建项目完整样本链（公示版-报批稿-修改/评估意见-批复）,SC_ZXYP_009,1021,3,报批稿或报告表,E:\华南理工项目\环评文件汇总\01_GitHub项目与研究文档\eia-openclaw-sync-chen2026\05_QA测试集\人工核查_环评报告出处整理_20260715\环评报告文件\f97458a0-0e46-4d24-af34-971545ac7550_评估意见-批复）_1_02_报批稿或终稿.docx,163_佛山志兴盈包装有限公司新建项目_01_报批稿或报告表.docx,E:\华南理工项目\环评文件汇总\01_GitHub项目与研究文档\eia-openclaw-sync-chen2026\05_QA测试集\人工核查_环评报告出处整理_20260715\环评报告文件_按问答顺序\163_佛山志兴盈包装有限公司新建项目_01_报批稿或报告表.docx
163,02,f97458a0-0e46-4d24-af34-971545ac7550,佛山志兴盈包装有限公司新建项目,佛山志兴盈包装有限公司新建项目完整样本链（公示版-报批稿-修改/评估意见-批复）,SC_ZXYP_009,1021,3,受理公告或公示版,E:\华南理工项目\环评文件汇总\01_GitHub项目与研究文档\eia-openclaw-sync-chen2026\05_QA测试集\人工核查_环评报告出处整理_20260715\环评报告文件\f97458a0-0e46-4d24-af34-971545ac7550_评估意见-批复）_2_01_受理公告或公示版.pdf,163_佛山志兴盈包装有限公司新建项目_02_受理公告或公示版.pdf,E:\华南理工项目\环评文件汇总\01_GitHub项目与研究文档\eia-openclaw-sync-chen2026\05_QA测试集\人工核查_环评报告出处整理_20260715\环评报告文件_按问答顺序\163_佛山志兴盈包装有限公司新建项目_02_受理公告或公示版.pdf
163,03,f97458a0-0e46-4d24-af34-971545ac7550,佛山志兴盈包装有限公司新建项目,佛山志兴盈包装有限公司新建项目完整样本链（公示版-报批稿-修改/评估意见-批复）,SC_ZXYP_009,1021,3,修改评估意见,E:\华南理工项目\环评文件汇总\01_GitHub项目与研究文档\eia-openclaw-sync-chen2026\05_QA测试集\人工核查_环评报告出处整理_20260715\环评报告文件\f97458a0-0e46-4d24-af34-971545ac7550_评估意见-批复）_3_04_批复.pdf,163_佛山志兴盈包装有限公司新建项目_03_修改评估意见.pdf,E:\华南理工项目\环评文件汇总\01_GitHub项目与研究文档\eia-openclaw-sync-chen2026\05_QA测试集\人工核查_环评报告出处整理_20260715\环评报告文件_按问答顺序\163_佛山志兴盈包装有限公司新建项目_03_修改评估意见.pdf
