project_id,project_name,report_file_name,report_file_type,report_relative_identifier,report_sha256,report_version,parse_status,section_index_status,source_available,notes
PL001,佛山市亮正新材料有限公司新建项目,001_佛山市亮正新材料有限公司新建项目_01_核查材料.json,.json,001_佛山市亮正新材料有限公司新建项目_01_核查材料/001_佛山市亮正新材料有限公司新建项目_01_核查材料.json,cebdde5f385f0581a5539450a20e41d42c84bf3b43ec7e5bcd93d99643bb5592,source_snapshot_v1,success,success,true,fuzzy_match=0.9800
PL002,佛山市顺德区启卓工程塑料实业有限公司搬迁项目,002_佛山市顺德区启卓工程塑料实业有限公司搬迁项目_01_核查材料.json,.json,002_佛山市顺德区启卓工程塑料实业有限公司搬迁项目_01_核查材料/002_佛山市顺德区启卓工程塑料实业有限公司搬迁项目_01_核查材料.json,720efa2925c5002f7f7ec8d04a0e313c3d72359f5b715de1cf88eb1f47023be7,source_snapshot_v1,success,success,true,fuzzy_match=0.9800
PL003,佛山市顺德区康明新材料厂新建项目,003_佛山市顺德区康明新材料厂新建项目_01_核查材料.json,.json,003_佛山市顺德区康明新材料厂新建项目_01_核查材料/003_佛山市顺德区康明新材料厂新建项目_01_核查材料.json,37ed2244ce694a02ef32940abbebc79f297e2565f23a544774081402f9d7fbe4,source_snapshot_v1,success,success,true,fuzzy_match=0.9800
PL004,恒励新材料科技(佛山)有限公司新建项目,004_恒励新材料科技(佛山)有限公司新建项目_01_核查材料.json,.json,004_恒励新材料科技(佛山)有限公司新建项目_01_核查材料/004_恒励新材料科技(佛山)有限公司新建项目_01_核查材料.json,b3bf2abc2c80650ac3e27c4508fb650d13b0811f350040d395f9c78623e9db01,source_snapshot_v1,success,success,true,fuzzy_match=0.9800
PL005,佛山市润特龙清洁用品有限公司新建项目,005_佛山市润特龙清洁用品有限公司新建项目_01_核查材料.json,.json,005_佛山市润特龙清洁用品有限公司新建项目_01_核查材料/005_佛山市润特龙清洁用品有限公司新建项目_01_核查材料.json,b99871b164466788e231ec74afd7a74f971bccdb4532e95f900f971f11d53244,source_snapshot_v1,success,success,true,fuzzy_match=0.9800
PL006,佛山市顺德区乐鲸科技有限公司年产五金拉手300万个新建项目,006_佛山市顺德区乐鲸科技有限公司年产五金拉手300万个新建项目_01_修改评估意见.json,.json,006_佛山市顺德区乐鲸科技有限公司年产五金拉手300万个新建项目_01_修改评估意见/006_佛山市顺德区乐鲸科技有限公司年产五金拉手300万个新建项目_01_修改评估意见.json,63470d6e5c91f327841ba66323b13adbee9de1ab2fdb7b53b11419be2c9056d3,source_snapshot_v1,success,success,true,fuzzy_match=0.9800
PL007,广东云晟新材料有限公司年产水性涂料2400吨新建项目,007_广东云晟新材料有限公司年产水性涂料2400吨新建项目_01_修改评估意见.json,.json,007_广东云晟新材料有限公司年产水性涂料2400吨新建项目_01_修改评估意见/007_广东云晟新材料有限公司年产水性涂料2400吨新建项目_01_修改评估意见.json,d852cbd55de3baa2913eac08f459226c632edc58972bbf3e7145056b2c70d56d,source_snapshot_v1,success,success,true,fuzzy_match=0.9800
PL008,佛山市顺德区亚马逊涂料有限公司迁扩建项目,009_佛山市顺德区亚马逊涂料有限公司迁扩建项目_01_修改评估意见.json,.json,009_佛山市顺德区亚马逊涂料有限公司迁扩建项目_01_修改评估意见/009_佛山市顺德区亚马逊涂料有限公司迁扩建项目_01_修改评估意见.json,7819b69bddd35d4f8707fa2d182addde24ec4d6805efc43e25a5dd106f07d771,source_snapshot_v1,success,success,true,fuzzy_match=0.9800
PL009,广东威诺高科技股份有限公司搬迁项目,010_广东威诺高科技股份有限公司搬迁项目_01_修改评估意见.json,.json,010_广东威诺高科技股份有限公司搬迁项目_01_修改评估意见/010_广东威诺高科技股份有限公司搬迁项目_01_修改评估意见.json,55173e6681ec4c22f2f032588030340e93e51ff3bdd2b69d189fb19b72a71757,source_snapshot_v1,success,success,true,fuzzy_match=0.9800
PL010,悍高集团股份有限公司功能拉篮车间搬迁扩建项目,011_悍高集团股份有限公司功能拉篮车间搬迁扩建项目_01_修改评估意见.json,.json,011_悍高集团股份有限公司功能拉篮车间搬迁扩建项目_01_修改评估意见/011_悍高集团股份有限公司功能拉篮车间搬迁扩建项目_01_修改评估意见.json,61fdefeff48a19565f1698ace378c8fbdac8f5aebb33272f6698b3283452b489,source_snapshot_v1,success,success,true,fuzzy_match=0.9800
PL011,广东潜龙化工有限公司新建项目,012_广东潜龙化工有限公司新建项目_01_修改评估意见.json,.json,012_广东潜龙化工有限公司新建项目_01_修改评估意见/012_广东潜龙化工有限公司新建项目_01_修改评估意见.json,08dd5bf0fb5281e12a29dc8be0cef8d6ad8e7d7a4a35711a4441a17d4b747b11,source_snapshot_v1,success,success,true,fuzzy_match=0.9800
PL012,佛山市瀚铭新材料有限公司新建项目,013_佛山市瀚铭新材料有限公司新建项目_01_修改评估意见.json,.json,013_佛山市瀚铭新材料有限公司新建项目_01_修改评估意见/013_佛山市瀚铭新材料有限公司新建项目_01_修改评估意见.json,00baec470f134dbca278223715d956bc932e6319e1280e9349124ccf784e9468,source_snapshot_v1,success,success,true,fuzzy_match=0.9800
PL013,佛山市顺德区百洛电器有限公司迁扩建项目,014_佛山市顺德区百洛电器有限公司迁扩建项目_01_修改评估意见.json,.json,014_佛山市顺德区百洛电器有限公司迁扩建项目_01_修改评估意见/014_佛山市顺德区百洛电器有限公司迁扩建项目_01_修改评估意见.json,693e6773d39ab0c559c5136be8885ebcb7596553139ece0ade31077a1a0a9a56,source_snapshot_v1,success,success,true,fuzzy_match=0.9800
PL014,佛山市顺德区蓝顿涂料有限公司迁建项目,015_佛山市顺德区蓝顿涂料有限公司迁建项目_01_修改评估意见.json,.json,015_佛山市顺德区蓝顿涂料有限公司迁建项目_01_修改评估意见/015_佛山市顺德区蓝顿涂料有限公司迁建项目_01_修改评估意见.json,21c8969e4dc136257179d68aa7f6947aa23267f479f77e86c52a9508086b303b,source_snapshot_v1,success,success,true,fuzzy_match=0.9800
PL015,佛山市镪优金属制品有限公司迁扩建项目,016_佛山市镪优金属制品有限公司迁扩建项目_01_修改评估意见.json,.json,016_佛山市镪优金属制品有限公司迁扩建项目_01_修改评估意见/016_佛山市镪优金属制品有限公司迁扩建项目_01_修改评估意见.json,ebe81127981a4b87e347808af47f15281bb7e4a9af9efcf27074ec463b974c43,source_snapshot_v1,success,success,true,fuzzy_match=0.9800
PL018,广东台塑智能科技有限公司新建项目,017_广东台塑智能科技有限公司新建项目_01_受理公告或公示版.json,.json,017_广东台塑智能科技有限公司新建项目_01_受理公告或公示版/017_广东台塑智能科技有限公司新建项目_01_受理公告或公示版.json,a7b251b5e1c81dfff23a68d2ac7e4751cca882a994cb296e6ce47d87cda0a223,source_snapshot_v1,success,success,true,fuzzy_match=0.9800
PL019,佛山市智龙科技有限公司迁扩建项目,018_佛山市智龙科技有限公司迁扩建项目_01_受理公告或公示版.json,.json,018_佛山市智龙科技有限公司迁扩建项目_01_受理公告或公示版/018_佛山市智龙科技有限公司迁扩建项目_01_受理公告或公示版.json,c51530a8233c17d95e00f26c0a4a69490b4ed15d991aba9d92d1adecbb96ab98,source_snapshot_v1,success,success,true,fuzzy_match=0.9800
PL020,佛山市朗信塑料制品有限公司新建项目,019_佛山市朗信塑料制品有限公司新建项目_01_受理公告或公示版.json,.json,019_佛山市朗信塑料制品有限公司新建项目_01_受理公告或公示版/019_佛山市朗信塑料制品有限公司新建项目_01_受理公告或公示版.json,d4a9b6c6ec07c101925b09e87bb9ca43b841635d42e80e12119b4e841bfa32c6,source_snapshot_v1,success,success,true,fuzzy_match=0.9800
PL021,佛山市顺德区共诺电子元件厂搬迁项目,020_佛山市顺德区共诺电子元件厂搬迁项目_01_受理公告或公示版.json,.json,020_佛山市顺德区共诺电子元件厂搬迁项目_01_受理公告或公示版/020_佛山市顺德区共诺电子元件厂搬迁项目_01_受理公告或公示版.json,1f7d9b65917b32dcaca73d6f3b899a2a0d44d49c18b696102acad0808e82df02,source_snapshot_v1,success,success,true,fuzzy_match=0.9800
PL022,佛山市锐拓新材料有限公司新建项目,021_佛山市锐拓新材料有限公司新建项目_01_受理公告或公示版.json,.json,021_佛山市锐拓新材料有限公司新建项目_01_受理公告或公示版/021_佛山市锐拓新材料有限公司新建项目_01_受理公告或公示版.json,4e0743fe17ff67a5afe23e4b13cb87b8880da1526fc7727cfa1cc01da024989f,source_snapshot_v1,success,success,true,fuzzy_match=0.9800
PL023,佛山市通能达科技有限公司新建项目,022_佛山市通能达科技有限公司新建项目_01_受理公告或公示版.json,.json,022_佛山市通能达科技有限公司新建项目_01_受理公告或公示版/022_佛山市通能达科技有限公司新建项目_01_受理公告或公示版.json,25920921771183d660fc3475517f63f1567557f6f8f9b7d38deca0e5405f2a18,source_snapshot_v1,success,success,true,fuzzy_match=0.9800
PL025,佛山市巨人电器有限公司新建项目,023_佛山市巨人电器有限公司新建项目_01_受理公告或公示版.json,.json,023_佛山市巨人电器有限公司新建项目_01_受理公告或公示版/023_佛山市巨人电器有限公司新建项目_01_受理公告或公示版.json,465ec2ed4614a7271430ea742db22393a66451481741f0f1fdd742f9d10118bc,source_snapshot_v1,success,success,true,fuzzy_match=0.9800
PL026,佛山市黑曜电器科技有限公司新建项目,024_佛山市黑曜电器科技有限公司新建项目_01_报批稿或报告表.json,.json,024_佛山市黑曜电器科技有限公司新建项目_01_报批稿或报告表/024_佛山市黑曜电器科技有限公司新建项目_01_报批稿或报告表.json,556dc5901ea83e5ceb425f0b182d1afbda3fd87c77ce771d73ca9cf9e14748e0,source_snapshot_v1,success,success,true,fuzzy_match=0.9800
PL027,佛山市天隆通塑料制品有限公司新建项目,025_佛山市天隆通塑料制品有限公司新建项目_01_受理公告或公示版.json,.json,025_佛山市天隆通塑料制品有限公司新建项目_01_受理公告或公示版/025_佛山市天隆通塑料制品有限公司新建项目_01_受理公告或公示版.json,685232f71e2360b43b2ae3b7c8655f0afc53ac2beb404b924daef3b05a89952b,source_snapshot_v1,success,success,true,fuzzy_match=0.9800
PL028,佛山市顺德区振峰塑料模具制造有限公司分车间新建项目,026_佛山市顺德区振峰塑料模具制造有限公司分车间新建项目_01_受理公告或公示版.json,.json,026_佛山市顺德区振峰塑料模具制造有限公司分车间新建项目_01_受理公告或公示版/026_佛山市顺德区振峰塑料模具制造有限公司分车间新建项目_01_受理公告或公示版.json,e0b395230a375f16f80b5830425fe199319dac04baf5ec6fd3d50b77dd7dbb96,source_snapshot_v1,success,success,true,fuzzy_match=0.9800
PL029,佛山市茂安耀科技有限公司新建项目,027_佛山市茂安耀科技有限公司新建项目_01_受理公告或公示版.json,.json,027_佛山市茂安耀科技有限公司新建项目_01_受理公告或公示版/027_佛山市茂安耀科技有限公司新建项目_01_受理公告或公示版.json,4adbd1021ed7e36c73d81c24aa43f69d1f8cf7b0d81ee03f53f319507b3926da,source_snapshot_v1,success,success,true,fuzzy_match=0.9800
PL030,佛山市瑞易德塑料五金制品有限公司搬迁项目,028_佛山市瑞易德塑料五金制品有限公司搬迁项目_01_受理公告或公示版.json,.json,028_佛山市瑞易德塑料五金制品有限公司搬迁项目_01_受理公告或公示版/028_佛山市瑞易德塑料五金制品有限公司搬迁项目_01_受理公告或公示版.json,559ae7ce2433b34da830376367e1565977223cdb3e8780b2de6ebfb4f4d8a6be,source_snapshot_v1,success,success,true,fuzzy_match=0.9800
PL031,佛山市浩创时代包装制品有限公司新建项目,029_佛山市浩创时代包装制品有限公司新建项目_01_受理公告或公示版.json,.json,029_佛山市浩创时代包装制品有限公司新建项目_01_受理公告或公示版/029_佛山市浩创时代包装制品有限公司新建项目_01_受理公告或公示版.json,967b2b3bd09e940e7d5b63ca19c7207287cbd51d8a345f70e88278d0794babad,source_snapshot_v1,success,success,true,fuzzy_match=0.9800
PL032,德旺众新材料科技（佛山）有限公司新建建设项目,030_德旺众新材料科技（佛山）有限公司新建建设项目_01_受理公告或公示版.json,.json,030_德旺众新材料科技（佛山）有限公司新建建设项目_01_受理公告或公示版/030_德旺众新材料科技（佛山）有限公司新建建设项目_01_受理公告或公示版.json,78202d3734e245bcc640e65a384c32acc3d5f1ec5dd593e0b266845841c4750a,source_snapshot_v1,success,success,true,fuzzy_match=0.9800
PL033,广东施格纳电气有限公司新建项目,031_广东施格纳电气有限公司新建项目_01_受理公告或公示版.json,.json,031_广东施格纳电气有限公司新建项目_01_受理公告或公示版/031_广东施格纳电气有限公司新建项目_01_受理公告或公示版.json,61bd7bef6f4f055a173930b33e640f874e8423a89e3d16cd598be588a049d418,source_snapshot_v1,success,success,true,fuzzy_match=0.9800
PL034,佛山市沃丰德电器有限公司扩建项目,032_佛山市沃丰德电器有限公司扩建项目_01_受理公告或公示版.json,.json,032_佛山市沃丰德电器有限公司扩建项目_01_受理公告或公示版/032_佛山市沃丰德电器有限公司扩建项目_01_受理公告或公示版.json,4ff56af42cc82bcb4700a3cf893d645f04ecc3ae65b43f22b344d294ac0d4670,source_snapshot_v1,success,success,true,fuzzy_match=0.9800
PL035,佛山市顺德区钧锐塑料厂迁建项目,033_佛山市顺德区钧锐塑料厂迁建项目_01_受理公告或公示版.json,.json,033_佛山市顺德区钧锐塑料厂迁建项目_01_受理公告或公示版/033_佛山市顺德区钧锐塑料厂迁建项目_01_受理公告或公示版.json,4f6369c9c03f9851934cdb00aa0857f7178660b59eee217a01223e647d4a1ec3,source_snapshot_v1,success,success,true,fuzzy_match=0.9800
PL036,广东梅州磁性材料有限公司顺德分公司迁扩建项目,034_广东梅州磁性材料有限公司顺德分公司迁扩建项目_01_受理公告或公示版.json,.json,034_广东梅州磁性材料有限公司顺德分公司迁扩建项目_01_受理公告或公示版/034_广东梅州磁性材料有限公司顺德分公司迁扩建项目_01_受理公告或公示版.json,2c2db290f2ec2c86d1693ae6e2c37a1f1391ba720894d930422ca3726a5a8447,source_snapshot_v1,success,success,true,fuzzy_match=0.9800
PL037,佛山麦琪科技有限公司建设项目,035_佛山麦琪科技有限公司建设项目_01_受理公告或公示版.json,.json,035_佛山麦琪科技有限公司建设项目_01_受理公告或公示版/035_佛山麦琪科技有限公司建设项目_01_受理公告或公示版.json,c1842f0050338948ee805802b13bfb5f57455a7a2b3f2dbbe6e4270b512d8694,source_snapshot_v1,success,success,true,fuzzy_match=0.9800
PL038,佛山市顺德区晟昂电子科技有限公司新建项目,036_佛山市顺德区晟昂电子科技有限公司新建项目_01_报批稿或报告表.json,.json,036_佛山市顺德区晟昂电子科技有限公司新建项目_01_报批稿或报告表/036_佛山市顺德区晟昂电子科技有限公司新建项目_01_报批稿或报告表.json,e6abb073f5ef3125dae326503a3a4b4593407a5cc96999209212d7495e1de34a,source_snapshot_v1,success,success,true,fuzzy_match=0.9800
PL039,佛山市锦汇塑料制品有限公司新建项目,037_佛山市锦汇塑料制品有限公司新建项目_01_受理公告或公示版.json,.json,037_佛山市锦汇塑料制品有限公司新建项目_01_受理公告或公示版/037_佛山市锦汇塑料制品有限公司新建项目_01_受理公告或公示版.json,37fcab315c01708f447220df74ca986a76c6a30f103a851367ca6db407421447,source_snapshot_v1,success,success,true,fuzzy_match=0.9800
PL040,佛山市海川塑料制品有限公司新建项目,038_佛山市海川塑料制品有限公司新建项目_01_受理公告或公示版.json,.json,038_佛山市海川塑料制品有限公司新建项目_01_受理公告或公示版/038_佛山市海川塑料制品有限公司新建项目_01_受理公告或公示版.json,eb7cf546b343832a62a0e79931b2286e0c32dacdf4a0856b17326cc9832e1f65,source_snapshot_v1,success,success,true,fuzzy_match=0.9800
PL041,佛山市创灏五金塑料有限公司年产塑料制品 1250 万件迁改扩建项目,039_佛山市创灏五金塑料有限公司年产塑料制品1250万件迁改扩建项目_01_受理公告或公示版.json,.json,039_佛山市创灏五金塑料有限公司年产塑料制品1250万件迁改扩建项目_01_受理公告或公示版/039_佛山市创灏五金塑料有限公司年产塑料制品1250万件迁改扩建项目_01_受理公告或公示版.json,e3ae653160b06df662231cea1a8f64a31fe001091b26f5a85a6ff5678b7a664d,source_snapshot_v1,success,success,true,fuzzy_match=0.9800
PL042,佛山市顺德区夏瑞塑胶有限公司迁扩建项目,040_佛山市顺德区夏瑞塑胶有限公司迁扩建项目_01_受理公告或公示版.json,.json,040_佛山市顺德区夏瑞塑胶有限公司迁扩建项目_01_受理公告或公示版/040_佛山市顺德区夏瑞塑胶有限公司迁扩建项目_01_受理公告或公示版.json,7e40e87a7166a417dd1c82a07d58a20609b097706fcf523f85c23b2d646b4a25,source_snapshot_v1,success,success,true,fuzzy_match=0.9800
PL043,佛山市益旭电器有限公司新建项目,041_佛山市益旭电器有限公司新建项目_01_受理公告或公示版.json,.json,041_佛山市益旭电器有限公司新建项目_01_受理公告或公示版/041_佛山市益旭电器有限公司新建项目_01_受理公告或公示版.json,23432b460dc8f3f463f1aa18a9c28322b62653632fa2f69f156d859cc167a3e3,source_snapshot_v1,success,success,true,fuzzy_match=0.9800
PL044,佛山市昇汇包装材料有限公司新建项目,042_佛山市昇汇包装材料有限公司新建项目_01_受理公告或公示版.json,.json,042_佛山市昇汇包装材料有限公司新建项目_01_受理公告或公示版/042_佛山市昇汇包装材料有限公司新建项目_01_受理公告或公示版.json,c4df6804c7170142ed31aca7509d2b03fda20fcf7ac957e6d7c34da9e551e754,source_snapshot_v1,success,success,true,fuzzy_match=0.9800
